solid OpenSCAD_Model
  facet normal -1 0 0
    outer loop
      vertex 20.85 0 6.8
      vertex 20.85 2.4 24.9
      vertex 20.85 2.4 6.8
    endloop
  endfacet
  facet normal -1 -0 0
    outer loop
      vertex 20.85 2.4 24.9
      vertex 20.85 0 6.8
      vertex 20.85 0 24.9
    endloop
  endfacet
  facet normal -0 0 1
    outer loop
      vertex 7.85 2.4 6.8
      vertex 20.85 0 6.8
      vertex 20.85 2.4 6.8
    endloop
  endfacet
  facet normal 0 0 1
    outer loop
      vertex 20.85 0 6.8
      vertex 7.85 2.4 6.8
      vertex 7.85 0 6.8
    endloop
  endfacet
  facet normal 1 -0 0
    outer loop
      vertex 7.85 0 24.9
      vertex 7.85 2.4 6.8
      vertex 7.85 2.4 24.9
    endloop
  endfacet
  facet normal 1 0 0
    outer loop
      vertex 7.85 2.4 6.8
      vertex 7.85 0 24.9
      vertex 7.85 0 6.8
    endloop
  endfacet
  facet normal -1 0 0
    outer loop
      vertex 35.15 0 6.8
      vertex 35.15 2.4 24.9
      vertex 35.15 2.4 6.8
    endloop
  endfacet
  facet normal -1 -0 0
    outer loop
      vertex 35.15 2.4 24.9
      vertex 35.15 0 6.8
      vertex 35.15 0 24.9
    endloop
  endfacet
  facet normal -0 0 1
    outer loop
      vertex 23.15 2.4 6.8
      vertex 35.15 0 6.8
      vertex 35.15 2.4 6.8
    endloop
  endfacet
  facet normal 0 0 1
    outer loop
      vertex 35.15 0 6.8
      vertex 23.15 2.4 6.8
      vertex 23.15 0 6.8
    endloop
  endfacet
  facet normal 1 -0 0
    outer loop
      vertex 23.15 0 24.9
      vertex 23.15 2.4 6.8
      vertex 23.15 2.4 24.9
    endloop
  endfacet
  facet normal 1 0 0
    outer loop
      vertex 23.15 2.4 6.8
      vertex 23.15 0 24.9
      vertex 23.15 0 6.8
    endloop
  endfacet
  facet normal -1 0 0
    outer loop
      vertex 48.65 0 6.8
      vertex 48.65 2.4 24.9
      vertex 48.65 2.4 6.8
    endloop
  endfacet
  facet normal -1 -0 0
    outer loop
      vertex 48.65 2.4 24.9
      vertex 48.65 0 6.8
      vertex 48.65 0 24.9
    endloop
  endfacet
  facet normal -0 0 1
    outer loop
      vertex 36.65 2.4 6.8
      vertex 48.65 0 6.8
      vertex 48.65 2.4 6.8
    endloop
  endfacet
  facet normal 0 0 1
    outer loop
      vertex 48.65 0 6.8
      vertex 36.65 2.4 6.8
      vertex 36.65 0 6.8
    endloop
  endfacet
  facet normal 1 -0 0
    outer loop
      vertex 36.65 0 24.9
      vertex 36.65 2.4 6.8
      vertex 36.65 2.4 24.9
    endloop
  endfacet
  facet normal 1 0 0
    outer loop
      vertex 36.65 2.4 6.8
      vertex 36.65 0 24.9
      vertex 36.65 0 6.8
    endloop
  endfacet
  facet normal -1 0 0
    outer loop
      vertex 62.15 0 6.8
      vertex 62.15 2.4 24.9
      vertex 62.15 2.4 6.8
    endloop
  endfacet
  facet normal -1 -0 0
    outer loop
      vertex 62.15 2.4 24.9
      vertex 62.15 0 6.8
      vertex 62.15 0 24.9
    endloop
  endfacet
  facet normal -0 0 1
    outer loop
      vertex 52.15 2.4 6.8
      vertex 62.15 0 6.8
      vertex 62.15 2.4 6.8
    endloop
  endfacet
  facet normal 0 0 1
    outer loop
      vertex 62.15 0 6.8
      vertex 52.15 2.4 6.8
      vertex 52.15 0 6.8
    endloop
  endfacet
  facet normal 1 -0 0
    outer loop
      vertex 52.15 0 24.9
      vertex 52.15 2.4 6.8
      vertex 52.15 2.4 24.9
    endloop
  endfacet
  facet normal 1 0 0
    outer loop
      vertex 52.15 2.4 6.8
      vertex 52.15 0 24.9
      vertex 52.15 0 6.8
    endloop
  endfacet
  facet normal 0 0 1
    outer loop
      vertex 91.3 58.4 6.8
      vertex 88.9 57.9 6.8
      vertex 91.3 39.4 6.8
    endloop
  endfacet
  facet normal 0 0 1
    outer loop
      vertex 91.3 58.4 6.8
      vertex 88.8829 58.1611 6.8
      vertex 88.9 57.9 6.8
    endloop
  endfacet
  facet normal 0 -0 1
    outer loop
      vertex 88.8829 58.1611 6.8
      vertex 91.3 58.4 6.8
      vertex 88.8354 58.4 6.8
    endloop
  endfacet
  facet normal 0 0 1
    outer loop
      vertex 91.3 39.4 6.8
      vertex 88.9 57.9 6.8
      vertex 88.9 39.4 6.8
    endloop
  endfacet
  facet normal 0 -1 0
    outer loop
      vertex 88.8354 58.4 6.8
      vertex 91.3 58.4 24.9
      vertex 88.8354 58.4 24.9
    endloop
  endfacet
  facet normal 0 -1 -0
    outer loop
      vertex 91.3 58.4 24.9
      vertex 88.8354 58.4 6.8
      vertex 91.3 58.4 6.8
    endloop
  endfacet
  facet normal 0 1 -0
    outer loop
      vertex 91.3 39.4 6.8
      vertex 88.9 39.4 24.9
      vertex 91.3 39.4 24.9
    endloop
  endfacet
  facet normal 0 1 0
    outer loop
      vertex 88.9 39.4 24.9
      vertex 91.3 39.4 6.8
      vertex 88.9 39.4 6.8
    endloop
  endfacet
  facet normal -0 0 1
    outer loop
      vertex 88.9 38.65 6.8
      vertex 91.3 21.65 6.8
      vertex 91.3 38.65 6.8
    endloop
  endfacet
  facet normal 0 0 1
    outer loop
      vertex 91.3 21.65 6.8
      vertex 88.9 38.65 6.8
      vertex 88.9 21.65 6.8
    endloop
  endfacet
  facet normal 0 -1 0
    outer loop
      vertex 88.9 38.65 6.8
      vertex 91.3 38.65 24.9
      vertex 88.9 38.65 24.9
    endloop
  endfacet
  facet normal 0 -1 -0
    outer loop
      vertex 91.3 38.65 24.9
      vertex 88.9 38.65 6.8
      vertex 91.3 38.65 6.8
    endloop
  endfacet
  facet normal 0 1 -0
    outer loop
      vertex 91.3 21.65 6.8
      vertex 88.9 21.65 24.9
      vertex 91.3 21.65 24.9
    endloop
  endfacet
  facet normal 0 1 0
    outer loop
      vertex 88.9 21.65 24.9
      vertex 91.3 21.65 6.8
      vertex 88.9 21.65 6.8
    endloop
  endfacet
  facet normal 0 0 1
    outer loop
      vertex 88.9 4.4 6.8
      vertex 91.3 20.65 6.8
      vertex 88.9 20.65 6.8
    endloop
  endfacet
  facet normal 0 0 1
    outer loop
      vertex 91.3 20.65 6.8
      vertex 88.9 4.4 6.8
      vertex 91.3 3.65 6.8
    endloop
  endfacet
  facet normal -0 0 1
    outer loop
      vertex 88.8829 4.13895 6.8
      vertex 91.3 3.65 6.8
      vertex 88.9 4.4 6.8
    endloop
  endfacet
  facet normal -0 0 1
    outer loop
      vertex 88.8318 3.88236 6.8
      vertex 91.3 3.65 6.8
      vertex 88.8829 4.13895 6.8
    endloop
  endfacet
  facet normal 0 0 1
    outer loop
      vertex 91.3 3.65 6.8
      vertex 88.8318 3.88236 6.8
      vertex 88.753 3.65 6.8
    endloop
  endfacet
  facet normal 0 -1 0
    outer loop
      vertex 88.9 20.65 6.8
      vertex 91.3 20.65 24.9
      vertex 88.9 20.65 24.9
    endloop
  endfacet
  facet normal 0 -1 -0
    outer loop
      vertex 91.3 20.65 24.9
      vertex 88.9 20.65 6.8
      vertex 91.3 20.65 6.8
    endloop
  endfacet
  facet normal 0 1 -0
    outer loop
      vertex 91.3 3.65 6.8
      vertex 88.753 3.65 24.9
      vertex 91.3 3.65 24.9
    endloop
  endfacet
  facet normal 0 1 0
    outer loop
      vertex 88.753 3.65 24.9
      vertex 91.3 3.65 6.8
      vertex 88.753 3.65 6.8
    endloop
  endfacet
  facet normal 0 0 -1
    outer loop
      vertex 0 23.15 7.8
      vertex 2.4 39.15 7.8
      vertex 2.4 23.15 7.8
    endloop
  endfacet
  facet normal -0 0 -1
    outer loop
      vertex 2.4 39.15 7.8
      vertex 0 23.15 7.8
      vertex 0 39.15 7.8
    endloop
  endfacet
  facet normal -0 0 1
    outer loop
      vertex 0 39.15 2.6
      vertex 2.4 23.15 2.6
      vertex 2.4 39.15 2.6
    endloop
  endfacet
  facet normal 0 0 1
    outer loop
      vertex 2.4 23.15 2.6
      vertex 0 39.15 2.6
      vertex 0 23.15 2.6
    endloop
  endfacet
  facet normal 0 -1 0
    outer loop
      vertex 0 39.15 2.6
      vertex 2.4 39.15 7.8
      vertex 0 39.15 7.8
    endloop
  endfacet
  facet normal 0 -1 -0
    outer loop
      vertex 2.4 39.15 7.8
      vertex 0 39.15 2.6
      vertex 2.4 39.15 2.6
    endloop
  endfacet
  facet normal 0 1 -0
    outer loop
      vertex 2.4 23.15 2.6
      vertex 0 23.15 7.8
      vertex 2.4 23.15 7.8
    endloop
  endfacet
  facet normal 0 1 0
    outer loop
      vertex 0 23.15 7.8
      vertex 2.4 23.15 2.6
      vertex 0 23.15 2.6
    endloop
  endfacet
  facet normal -0.831315 -0.555802 0
    outer loop
      vertex 17.3285 45.95 0
      vertex 17.154 46.211 2.4
      vertex 17.154 46.211 0
    endloop
  endfacet
  facet normal -0.831315 -0.555802 0
    outer loop
      vertex 17.154 46.211 2.4
      vertex 17.3285 45.95 0
      vertex 17.3285 45.95 2.4
    endloop
  endfacet
  facet normal 0 1 -0
    outer loop
      vertex 15.25 15.15 0
      vertex 15.05 15.15 2.4
      vertex 15.25 15.15 2.4
    endloop
  endfacet
  facet normal 0 1 0
    outer loop
      vertex 15.05 15.15 2.4
      vertex 15.25 15.15 0
      vertex 15.05 15.15 0
    endloop
  endfacet
  facet normal 0.831315 -0.555802 0
    outer loop
      vertex 12.9715 45.95 2.4
      vertex 13.146 46.211 0
      vertex 13.146 46.211 2.4
    endloop
  endfacet
  facet normal 0.831315 -0.555802 0
    outer loop
      vertex 13.146 46.211 0
      vertex 12.9715 45.95 2.4
      vertex 12.9715 45.95 0
    endloop
  endfacet
  facet normal -0.946916 -0.32148 0
    outer loop
      vertex 17.5682 45.3712 0
      vertex 17.4673 45.6684 2.4
      vertex 17.4673 45.6684 0
    endloop
  endfacet
  facet normal -0.946916 -0.32148 0
    outer loop
      vertex 17.4673 45.6684 2.4
      vertex 17.5682 45.3712 0
      vertex 17.5682 45.3712 2.4
    endloop
  endfacet
  facet normal -0.980752 0.195258 0
    outer loop
      vertex 17.5682 16.9288 0
      vertex 17.6295 17.2367 2.4
      vertex 17.6295 17.2367 0
    endloop
  endfacet
  facet normal -0.980752 0.195258 0
    outer loop
      vertex 17.6295 17.2367 2.4
      vertex 17.5682 16.9288 0
      vertex 17.5682 16.9288 2.4
    endloop
  endfacet
  facet normal -0.195258 0.980752 0
    outer loop
      vertex 15.8712 15.2318 0
      vertex 15.5633 15.1705 2.4
      vertex 15.8712 15.2318 2.4
    endloop
  endfacet
  facet normal -0.195258 0.980752 0
    outer loop
      vertex 15.5633 15.1705 2.4
      vertex 15.8712 15.2318 0
      vertex 15.5633 15.1705 0
    endloop
  endfacet
  facet normal 0.32148 0.946916 -0
    outer loop
      vertex 14.4288 15.2318 0
      vertex 14.1316 15.3327 2.4
      vertex 14.4288 15.2318 2.4
    endloop
  endfacet
  facet normal 0.32148 0.946916 0
    outer loop
      vertex 14.1316 15.3327 2.4
      vertex 14.4288 15.2318 0
      vertex 14.1316 15.3327 0
    endloop
  endfacet
  facet normal 0.555802 0.831315 -0
    outer loop
      vertex 13.85 15.4715 0
      vertex 13.589 15.646 2.4
      vertex 13.85 15.4715 2.4
    endloop
  endfacet
  facet normal 0.555802 0.831315 0
    outer loop
      vertex 13.589 15.646 2.4
      vertex 13.85 15.4715 0
      vertex 13.589 15.646 0
    endloop
  endfacet
  facet normal 0.831315 0.555802 0
    outer loop
      vertex 13.146 16.089 2.4
      vertex 12.9715 16.35 0
      vertex 12.9715 16.35 2.4
    endloop
  endfacet
  facet normal 0.831315 0.555802 0
    outer loop
      vertex 12.9715 16.35 0
      vertex 13.146 16.089 2.4
      vertex 13.146 16.089 0
    endloop
  endfacet
  facet normal 0.997866 0.0652929 0
    outer loop
      vertex 12.6705 17.2367 2.4
      vertex 12.65 17.55 0
      vertex 12.65 17.55 2.4
    endloop
  endfacet
  facet normal 0.997866 0.0652929 0
    outer loop
      vertex 12.65 17.55 0
      vertex 12.6705 17.2367 2.4
      vertex 12.6705 17.2367 0
    endloop
  endfacet
  facet normal -0.997866 0.0652929 0
    outer loop
      vertex 17.6295 17.2367 0
      vertex 17.65 17.55 2.4
      vertex 17.65 17.55 0
    endloop
  endfacet
  facet normal -0.997866 0.0652929 0
    outer loop
      vertex 17.65 17.55 2.4
      vertex 17.6295 17.2367 0
      vertex 17.6295 17.2367 2.4
    endloop
  endfacet
  facet normal 0.195258 0.980752 -0
    outer loop
      vertex 14.7367 15.1705 0
      vertex 14.4288 15.2318 2.4
      vertex 14.7367 15.1705 2.4
    endloop
  endfacet
  facet normal 0.195258 0.980752 0
    outer loop
      vertex 14.4288 15.2318 2.4
      vertex 14.7367 15.1705 0
      vertex 14.4288 15.2318 0
    endloop
  endfacet
  facet normal 0.946916 0.32148 0
    outer loop
      vertex 12.8327 16.6316 2.4
      vertex 12.7318 16.9288 0
      vertex 12.7318 16.9288 2.4
    endloop
  endfacet
  facet normal 0.946916 0.32148 0
    outer loop
      vertex 12.7318 16.9288 0
      vertex 12.8327 16.6316 2.4
      vertex 12.8327 16.6316 0
    endloop
  endfacet
  facet normal 0.0652929 0.997866 -0
    outer loop
      vertex 15.05 15.15 0
      vertex 14.7367 15.1705 2.4
      vertex 15.05 15.15 2.4
    endloop
  endfacet
  facet normal 0.0652929 0.997866 0
    outer loop
      vertex 14.7367 15.1705 2.4
      vertex 15.05 15.15 0
      vertex 14.7367 15.1705 0
    endloop
  endfacet
  facet normal -0.752083 0.659068 0
    outer loop
      vertex 16.9471 15.8529 0
      vertex 17.154 16.089 2.4
      vertex 17.154 16.089 0
    endloop
  endfacet
  facet normal -0.752083 0.659068 0
    outer loop
      vertex 17.154 16.089 2.4
      vertex 16.9471 15.8529 0
      vertex 16.9471 15.8529 2.4
    endloop
  endfacet
  facet normal -0.44211 -0.896961 0
    outer loop
      vertex 16.1684 46.9673 0
      vertex 16.45 46.8285 2.4
      vertex 16.1684 46.9673 2.4
    endloop
  endfacet
  facet normal -0.44211 -0.896961 -0
    outer loop
      vertex 16.45 46.8285 2.4
      vertex 16.1684 46.9673 0
      vertex 16.45 46.8285 0
    endloop
  endfacet
  facet normal -0.0652929 0.997866 0
    outer loop
      vertex 15.5633 15.1705 0
      vertex 15.25 15.15 2.4
      vertex 15.5633 15.1705 2.4
    endloop
  endfacet
  facet normal -0.0652929 0.997866 0
    outer loop
      vertex 15.25 15.15 2.4
      vertex 15.5633 15.1705 0
      vertex 15.25 15.15 0
    endloop
  endfacet
  facet normal -0.32148 0.946916 0
    outer loop
      vertex 16.1684 15.3327 0
      vertex 15.8712 15.2318 2.4
      vertex 16.1684 15.3327 2.4
    endloop
  endfacet
  facet normal -0.32148 0.946916 0
    outer loop
      vertex 15.8712 15.2318 2.4
      vertex 16.1684 15.3327 0
      vertex 15.8712 15.2318 0
    endloop
  endfacet
  facet normal -1 0 0
    outer loop
      vertex 17.65 17.55 0
      vertex 17.65 44.75 2.4
      vertex 17.65 44.75 0
    endloop
  endfacet
  facet normal -1 -0 0
    outer loop
      vertex 17.65 44.75 2.4
      vertex 17.65 17.55 0
      vertex 17.65 17.55 2.4
    endloop
  endfacet
  facet normal -0.752083 -0.659068 0
    outer loop
      vertex 17.154 46.211 0
      vertex 16.9471 46.4471 2.4
      vertex 16.9471 46.4471 0
    endloop
  endfacet
  facet normal -0.752083 -0.659068 0
    outer loop
      vertex 16.9471 46.4471 2.4
      vertex 17.154 46.211 0
      vertex 17.154 46.211 2.4
    endloop
  endfacet
  facet normal -0.946916 0.32148 0
    outer loop
      vertex 17.4673 16.6316 0
      vertex 17.5682 16.9288 2.4
      vertex 17.5682 16.9288 0
    endloop
  endfacet
  facet normal -0.946916 0.32148 0
    outer loop
      vertex 17.5682 16.9288 2.4
      vertex 17.4673 16.6316 0
      vertex 17.4673 16.6316 2.4
    endloop
  endfacet
  facet normal 0.997866 -0.0652929 0
    outer loop
      vertex 12.65 44.75 2.4
      vertex 12.6705 45.0633 0
      vertex 12.6705 45.0633 2.4
    endloop
  endfacet
  facet normal 0.997866 -0.0652929 0
    outer loop
      vertex 12.6705 45.0633 0
      vertex 12.65 44.75 2.4
      vertex 12.65 44.75 0
    endloop
  endfacet
  facet normal 0.896961 -0.44211 0
    outer loop
      vertex 12.8327 45.6684 2.4
      vertex 12.9715 45.95 0
      vertex 12.9715 45.95 2.4
    endloop
  endfacet
  facet normal 0.896961 -0.44211 0
    outer loop
      vertex 12.9715 45.95 0
      vertex 12.8327 45.6684 2.4
      vertex 12.8327 45.6684 0
    endloop
  endfacet
  facet normal 1 -0 0
    outer loop
      vertex 12.65 17.55 2.4
      vertex 12.65 44.75 0
      vertex 12.65 44.75 2.4
    endloop
  endfacet
  facet normal 1 0 0
    outer loop
      vertex 12.65 44.75 0
      vertex 12.65 17.55 2.4
      vertex 12.65 17.55 0
    endloop
  endfacet
  facet normal -0.659068 0.752083 0
    outer loop
      vertex 16.9471 15.8529 0
      vertex 16.711 15.646 2.4
      vertex 16.9471 15.8529 2.4
    endloop
  endfacet
  facet normal -0.659068 0.752083 0
    outer loop
      vertex 16.711 15.646 2.4
      vertex 16.9471 15.8529 0
      vertex 16.711 15.646 0
    endloop
  endfacet
  facet normal 0.659068 0.752083 -0
    outer loop
      vertex 13.589 15.646 0
      vertex 13.3529 15.8529 2.4
      vertex 13.589 15.646 2.4
    endloop
  endfacet
  facet normal 0.659068 0.752083 0
    outer loop
      vertex 13.3529 15.8529 2.4
      vertex 13.589 15.646 0
      vertex 13.3529 15.8529 0
    endloop
  endfacet
  facet normal -0.195258 -0.980752 0
    outer loop
      vertex 15.5633 47.1295 0
      vertex 15.8712 47.0682 2.4
      vertex 15.5633 47.1295 2.4
    endloop
  endfacet
  facet normal -0.195258 -0.980752 -0
    outer loop
      vertex 15.8712 47.0682 2.4
      vertex 15.5633 47.1295 0
      vertex 15.8712 47.0682 0
    endloop
  endfacet
  facet normal 0.44211 -0.896961 0
    outer loop
      vertex 13.85 46.8285 0
      vertex 14.1316 46.9673 2.4
      vertex 13.85 46.8285 2.4
    endloop
  endfacet
  facet normal 0.44211 -0.896961 0
    outer loop
      vertex 14.1316 46.9673 2.4
      vertex 13.85 46.8285 0
      vertex 14.1316 46.9673 0
    endloop
  endfacet
  facet normal 0.752083 0.659068 0
    outer loop
      vertex 13.3529 15.8529 2.4
      vertex 13.146 16.089 0
      vertex 13.146 16.089 2.4
    endloop
  endfacet
  facet normal 0.752083 0.659068 0
    outer loop
      vertex 13.146 16.089 0
      vertex 13.3529 15.8529 2.4
      vertex 13.3529 15.8529 0
    endloop
  endfacet
  facet normal 0.980752 0.195258 0
    outer loop
      vertex 12.7318 16.9288 2.4
      vertex 12.6705 17.2367 0
      vertex 12.6705 17.2367 2.4
    endloop
  endfacet
  facet normal 0.980752 0.195258 0
    outer loop
      vertex 12.6705 17.2367 0
      vertex 12.7318 16.9288 2.4
      vertex 12.7318 16.9288 0
    endloop
  endfacet
  facet normal 0.44211 0.896961 -0
    outer loop
      vertex 14.1316 15.3327 0
      vertex 13.85 15.4715 2.4
      vertex 14.1316 15.3327 2.4
    endloop
  endfacet
  facet normal 0.44211 0.896961 0
    outer loop
      vertex 13.85 15.4715 2.4
      vertex 14.1316 15.3327 0
      vertex 13.85 15.4715 0
    endloop
  endfacet
  facet normal 0.32148 -0.946916 0
    outer loop
      vertex 14.1316 46.9673 0
      vertex 14.4288 47.0682 2.4
      vertex 14.1316 46.9673 2.4
    endloop
  endfacet
  facet normal 0.32148 -0.946916 0
    outer loop
      vertex 14.4288 47.0682 2.4
      vertex 14.1316 46.9673 0
      vertex 14.4288 47.0682 0
    endloop
  endfacet
  facet normal -0.896961 -0.44211 0
    outer loop
      vertex 17.4673 45.6684 0
      vertex 17.3285 45.95 2.4
      vertex 17.3285 45.95 0
    endloop
  endfacet
  facet normal -0.896961 -0.44211 0
    outer loop
      vertex 17.3285 45.95 2.4
      vertex 17.4673 45.6684 0
      vertex 17.4673 45.6684 2.4
    endloop
  endfacet
  facet normal -0.32148 -0.946916 0
    outer loop
      vertex 15.8712 47.0682 0
      vertex 16.1684 46.9673 2.4
      vertex 15.8712 47.0682 2.4
    endloop
  endfacet
  facet normal -0.32148 -0.946916 -0
    outer loop
      vertex 16.1684 46.9673 2.4
      vertex 15.8712 47.0682 0
      vertex 16.1684 46.9673 0
    endloop
  endfacet
  facet normal 0.896961 0.44211 0
    outer loop
      vertex 12.9715 16.35 2.4
      vertex 12.8327 16.6316 0
      vertex 12.8327 16.6316 2.4
    endloop
  endfacet
  facet normal 0.896961 0.44211 0
    outer loop
      vertex 12.8327 16.6316 0
      vertex 12.9715 16.35 2.4
      vertex 12.9715 16.35 0
    endloop
  endfacet
  facet normal -0.997866 -0.0652929 0
    outer loop
      vertex 17.65 44.75 0
      vertex 17.6295 45.0633 2.4
      vertex 17.6295 45.0633 0
    endloop
  endfacet
  facet normal -0.997866 -0.0652929 0
    outer loop
      vertex 17.6295 45.0633 2.4
      vertex 17.65 44.75 0
      vertex 17.65 44.75 2.4
    endloop
  endfacet
  facet normal -0.980752 -0.195258 0
    outer loop
      vertex 17.6295 45.0633 0
      vertex 17.5682 45.3712 2.4
      vertex 17.5682 45.3712 0
    endloop
  endfacet
  facet normal -0.980752 -0.195258 0
    outer loop
      vertex 17.5682 45.3712 2.4
      vertex 17.6295 45.0633 0
      vertex 17.6295 45.0633 2.4
    endloop
  endfacet
  facet normal 0.0652929 -0.997866 0
    outer loop
      vertex 14.7367 47.1295 0
      vertex 15.05 47.15 2.4
      vertex 14.7367 47.1295 2.4
    endloop
  endfacet
  facet normal 0.0652929 -0.997866 0
    outer loop
      vertex 15.05 47.15 2.4
      vertex 14.7367 47.1295 0
      vertex 15.05 47.15 0
    endloop
  endfacet
  facet normal -0.659068 -0.752083 0
    outer loop
      vertex 16.711 46.654 0
      vertex 16.9471 46.4471 2.4
      vertex 16.711 46.654 2.4
    endloop
  endfacet
  facet normal -0.659068 -0.752083 -0
    outer loop
      vertex 16.9471 46.4471 2.4
      vertex 16.711 46.654 0
      vertex 16.9471 46.4471 0
    endloop
  endfacet
  facet normal -0.555802 -0.831315 0
    outer loop
      vertex 16.45 46.8285 0
      vertex 16.711 46.654 2.4
      vertex 16.45 46.8285 2.4
    endloop
  endfacet
  facet normal -0.555802 -0.831315 -0
    outer loop
      vertex 16.711 46.654 2.4
      vertex 16.45 46.8285 0
      vertex 16.711 46.654 0
    endloop
  endfacet
  facet normal -0.896961 0.44211 0
    outer loop
      vertex 17.3285 16.35 0
      vertex 17.4673 16.6316 2.4
      vertex 17.4673 16.6316 0
    endloop
  endfacet
  facet normal -0.896961 0.44211 0
    outer loop
      vertex 17.4673 16.6316 2.4
      vertex 17.3285 16.35 0
      vertex 17.3285 16.35 2.4
    endloop
  endfacet
  facet normal 0.752083 -0.659068 0
    outer loop
      vertex 13.146 46.211 2.4
      vertex 13.3529 46.4471 0
      vertex 13.3529 46.4471 2.4
    endloop
  endfacet
  facet normal 0.752083 -0.659068 0
    outer loop
      vertex 13.3529 46.4471 0
      vertex 13.146 46.211 2.4
      vertex 13.146 46.211 0
    endloop
  endfacet
  facet normal -0.0652929 -0.997866 0
    outer loop
      vertex 15.25 47.15 0
      vertex 15.5633 47.1295 2.4
      vertex 15.25 47.15 2.4
    endloop
  endfacet
  facet normal -0.0652929 -0.997866 -0
    outer loop
      vertex 15.5633 47.1295 2.4
      vertex 15.25 47.15 0
      vertex 15.5633 47.1295 0
    endloop
  endfacet
  facet normal 0 -1 0
    outer loop
      vertex 15.05 47.15 0
      vertex 15.25 47.15 2.4
      vertex 15.05 47.15 2.4
    endloop
  endfacet
  facet normal 0 -1 -0
    outer loop
      vertex 15.25 47.15 2.4
      vertex 15.05 47.15 0
      vertex 15.25 47.15 0
    endloop
  endfacet
  facet normal -0.44211 0.896961 0
    outer loop
      vertex 16.45 15.4715 0
      vertex 16.1684 15.3327 2.4
      vertex 16.45 15.4715 2.4
    endloop
  endfacet
  facet normal -0.44211 0.896961 0
    outer loop
      vertex 16.1684 15.3327 2.4
      vertex 16.45 15.4715 0
      vertex 16.1684 15.3327 0
    endloop
  endfacet
  facet normal 0.659068 -0.752083 0
    outer loop
      vertex 13.3529 46.4471 0
      vertex 13.589 46.654 2.4
      vertex 13.3529 46.4471 2.4
    endloop
  endfacet
  facet normal 0.659068 -0.752083 0
    outer loop
      vertex 13.589 46.654 2.4
      vertex 13.3529 46.4471 0
      vertex 13.589 46.654 0
    endloop
  endfacet
  facet normal -0.831315 0.555802 0
    outer loop
      vertex 17.154 16.089 0
      vertex 17.3285 16.35 2.4
      vertex 17.3285 16.35 0
    endloop
  endfacet
  facet normal -0.831315 0.555802 0
    outer loop
      vertex 17.3285 16.35 2.4
      vertex 17.154 16.089 0
      vertex 17.154 16.089 2.4
    endloop
  endfacet
  facet normal -0.555802 0.831315 0
    outer loop
      vertex 16.711 15.646 0
      vertex 16.45 15.4715 2.4
      vertex 16.711 15.646 2.4
    endloop
  endfacet
  facet normal -0.555802 0.831315 0
    outer loop
      vertex 16.45 15.4715 2.4
      vertex 16.711 15.646 0
      vertex 16.45 15.4715 0
    endloop
  endfacet
  facet normal 0.946916 -0.32148 0
    outer loop
      vertex 12.7318 45.3712 2.4
      vertex 12.8327 45.6684 0
      vertex 12.8327 45.6684 2.4
    endloop
  endfacet
  facet normal 0.946916 -0.32148 0
    outer loop
      vertex 12.8327 45.6684 0
      vertex 12.7318 45.3712 2.4
      vertex 12.7318 45.3712 0
    endloop
  endfacet
  facet normal 0.555802 -0.831315 0
    outer loop
      vertex 13.589 46.654 0
      vertex 13.85 46.8285 2.4
      vertex 13.589 46.654 2.4
    endloop
  endfacet
  facet normal 0.555802 -0.831315 0
    outer loop
      vertex 13.85 46.8285 2.4
      vertex 13.589 46.654 0
      vertex 13.85 46.8285 0
    endloop
  endfacet
  facet normal 0.980752 -0.195258 0
    outer loop
      vertex 12.6705 45.0633 2.4
      vertex 12.7318 45.3712 0
      vertex 12.7318 45.3712 2.4
    endloop
  endfacet
  facet normal 0.980752 -0.195258 0
    outer loop
      vertex 12.7318 45.3712 0
      vertex 12.6705 45.0633 2.4
      vertex 12.6705 45.0633 0
    endloop
  endfacet
  facet normal 0.195258 -0.980752 0
    outer loop
      vertex 14.4288 47.0682 0
      vertex 14.7367 47.1295 2.4
      vertex 14.4288 47.0682 2.4
    endloop
  endfacet
  facet normal 0.195258 -0.980752 0
    outer loop
      vertex 14.7367 47.1295 2.4
      vertex 14.4288 47.0682 0
      vertex 14.7367 47.1295 0
    endloop
  endfacet
  facet normal -0.831315 -0.555802 0
    outer loop
      vertex 28.3285 45.95 0
      vertex 28.154 46.211 2.4
      vertex 28.154 46.211 0
    endloop
  endfacet
  facet normal -0.831315 -0.555802 0
    outer loop
      vertex 28.154 46.211 2.4
      vertex 28.3285 45.95 0
      vertex 28.3285 45.95 2.4
    endloop
  endfacet
  facet normal 0 1 -0
    outer loop
      vertex 26.25 15.15 0
      vertex 26.05 15.15 2.4
      vertex 26.25 15.15 2.4
    endloop
  endfacet
  facet normal 0 1 0
    outer loop
      vertex 26.05 15.15 2.4
      vertex 26.25 15.15 0
      vertex 26.05 15.15 0
    endloop
  endfacet
  facet normal 0.831315 -0.555802 0
    outer loop
      vertex 23.9715 45.95 2.4
      vertex 24.146 46.211 0
      vertex 24.146 46.211 2.4
    endloop
  endfacet
  facet normal 0.831315 -0.555802 0
    outer loop
      vertex 24.146 46.211 0
      vertex 23.9715 45.95 2.4
      vertex 23.9715 45.95 0
    endloop
  endfacet
  facet normal -0.946916 -0.32148 0
    outer loop
      vertex 28.5682 45.3712 0
      vertex 28.4673 45.6684 2.4
      vertex 28.4673 45.6684 0
    endloop
  endfacet
  facet normal -0.946916 -0.32148 0
    outer loop
      vertex 28.4673 45.6684 2.4
      vertex 28.5682 45.3712 0
      vertex 28.5682 45.3712 2.4
    endloop
  endfacet
  facet normal -0.980752 0.195258 0
    outer loop
      vertex 28.5682 16.9288 0
      vertex 28.6295 17.2367 2.4
      vertex 28.6295 17.2367 0
    endloop
  endfacet
  facet normal -0.980752 0.195258 0
    outer loop
      vertex 28.6295 17.2367 2.4
      vertex 28.5682 16.9288 0
      vertex 28.5682 16.9288 2.4
    endloop
  endfacet
  facet normal -0.195258 0.980752 0
    outer loop
      vertex 26.8712 15.2318 0
      vertex 26.5633 15.1705 2.4
      vertex 26.8712 15.2318 2.4
    endloop
  endfacet
  facet normal -0.195258 0.980752 0
    outer loop
      vertex 26.5633 15.1705 2.4
      vertex 26.8712 15.2318 0
      vertex 26.5633 15.1705 0
    endloop
  endfacet
  facet normal 0.32148 0.946916 -0
    outer loop
      vertex 25.4288 15.2318 0
      vertex 25.1316 15.3327 2.4
      vertex 25.4288 15.2318 2.4
    endloop
  endfacet
  facet normal 0.32148 0.946916 0
    outer loop
      vertex 25.1316 15.3327 2.4
      vertex 25.4288 15.2318 0
      vertex 25.1316 15.3327 0
    endloop
  endfacet
  facet normal 0.555802 0.831315 -0
    outer loop
      vertex 24.85 15.4715 0
      vertex 24.589 15.646 2.4
      vertex 24.85 15.4715 2.4
    endloop
  endfacet
  facet normal 0.555802 0.831315 0
    outer loop
      vertex 24.589 15.646 2.4
      vertex 24.85 15.4715 0
      vertex 24.589 15.646 0
    endloop
  endfacet
  facet normal 0.831315 0.555802 0
    outer loop
      vertex 24.146 16.089 2.4
      vertex 23.9715 16.35 0
      vertex 23.9715 16.35 2.4
    endloop
  endfacet
  facet normal 0.831315 0.555802 0
    outer loop
      vertex 23.9715 16.35 0
      vertex 24.146 16.089 2.4
      vertex 24.146 16.089 0
    endloop
  endfacet
  facet normal 0.997866 0.0652929 0
    outer loop
      vertex 23.6705 17.2367 2.4
      vertex 23.65 17.55 0
      vertex 23.65 17.55 2.4
    endloop
  endfacet
  facet normal 0.997866 0.0652929 0
    outer loop
      vertex 23.65 17.55 0
      vertex 23.6705 17.2367 2.4
      vertex 23.6705 17.2367 0
    endloop
  endfacet
  facet normal -0.997866 0.0652929 0
    outer loop
      vertex 28.6295 17.2367 0
      vertex 28.65 17.55 2.4
      vertex 28.65 17.55 0
    endloop
  endfacet
  facet normal -0.997866 0.0652929 0
    outer loop
      vertex 28.65 17.55 2.4
      vertex 28.6295 17.2367 0
      vertex 28.6295 17.2367 2.4
    endloop
  endfacet
  facet normal 0.195258 0.980752 -0
    outer loop
      vertex 25.7367 15.1705 0
      vertex 25.4288 15.2318 2.4
      vertex 25.7367 15.1705 2.4
    endloop
  endfacet
  facet normal 0.195258 0.980752 0
    outer loop
      vertex 25.4288 15.2318 2.4
      vertex 25.7367 15.1705 0
      vertex 25.4288 15.2318 0
    endloop
  endfacet
  facet normal 0.946916 0.32148 0
    outer loop
      vertex 23.8327 16.6316 2.4
      vertex 23.7318 16.9288 0
      vertex 23.7318 16.9288 2.4
    endloop
  endfacet
  facet normal 0.946916 0.32148 0
    outer loop
      vertex 23.7318 16.9288 0
      vertex 23.8327 16.6316 2.4
      vertex 23.8327 16.6316 0
    endloop
  endfacet
  facet normal 0.0652929 0.997866 -0
    outer loop
      vertex 26.05 15.15 0
      vertex 25.7367 15.1705 2.4
      vertex 26.05 15.15 2.4
    endloop
  endfacet
  facet normal 0.0652929 0.997866 0
    outer loop
      vertex 25.7367 15.1705 2.4
      vertex 26.05 15.15 0
      vertex 25.7367 15.1705 0
    endloop
  endfacet
  facet normal -0.752083 0.659068 0
    outer loop
      vertex 27.9471 15.8529 0
      vertex 28.154 16.089 2.4
      vertex 28.154 16.089 0
    endloop
  endfacet
  facet normal -0.752083 0.659068 0
    outer loop
      vertex 28.154 16.089 2.4
      vertex 27.9471 15.8529 0
      vertex 27.9471 15.8529 2.4
    endloop
  endfacet
  facet normal -0.44211 -0.896961 0
    outer loop
      vertex 27.1684 46.9673 0
      vertex 27.45 46.8285 2.4
      vertex 27.1684 46.9673 2.4
    endloop
  endfacet
  facet normal -0.44211 -0.896961 -0
    outer loop
      vertex 27.45 46.8285 2.4
      vertex 27.1684 46.9673 0
      vertex 27.45 46.8285 0
    endloop
  endfacet
  facet normal -0.0652929 0.997866 0
    outer loop
      vertex 26.5633 15.1705 0
      vertex 26.25 15.15 2.4
      vertex 26.5633 15.1705 2.4
    endloop
  endfacet
  facet normal -0.0652929 0.997866 0
    outer loop
      vertex 26.25 15.15 2.4
      vertex 26.5633 15.1705 0
      vertex 26.25 15.15 0
    endloop
  endfacet
  facet normal -0.32148 0.946916 0
    outer loop
      vertex 27.1684 15.3327 0
      vertex 26.8712 15.2318 2.4
      vertex 27.1684 15.3327 2.4
    endloop
  endfacet
  facet normal -0.32148 0.946916 0
    outer loop
      vertex 26.8712 15.2318 2.4
      vertex 27.1684 15.3327 0
      vertex 26.8712 15.2318 0
    endloop
  endfacet
  facet normal -1 0 0
    outer loop
      vertex 28.65 17.55 0
      vertex 28.65 44.75 2.4
      vertex 28.65 44.75 0
    endloop
  endfacet
  facet normal -1 -0 0
    outer loop
      vertex 28.65 44.75 2.4
      vertex 28.65 17.55 0
      vertex 28.65 17.55 2.4
    endloop
  endfacet
  facet normal -0.752083 -0.659068 0
    outer loop
      vertex 28.154 46.211 0
      vertex 27.9471 46.4471 2.4
      vertex 27.9471 46.4471 0
    endloop
  endfacet
  facet normal -0.752083 -0.659068 0
    outer loop
      vertex 27.9471 46.4471 2.4
      vertex 28.154 46.211 0
      vertex 28.154 46.211 2.4
    endloop
  endfacet
  facet normal -0.946916 0.32148 0
    outer loop
      vertex 28.4673 16.6316 0
      vertex 28.5682 16.9288 2.4
      vertex 28.5682 16.9288 0
    endloop
  endfacet
  facet normal -0.946916 0.32148 0
    outer loop
      vertex 28.5682 16.9288 2.4
      vertex 28.4673 16.6316 0
      vertex 28.4673 16.6316 2.4
    endloop
  endfacet
  facet normal 0.997866 -0.0652929 0
    outer loop
      vertex 23.65 44.75 2.4
      vertex 23.6705 45.0633 0
      vertex 23.6705 45.0633 2.4
    endloop
  endfacet
  facet normal 0.997866 -0.0652929 0
    outer loop
      vertex 23.6705 45.0633 0
      vertex 23.65 44.75 2.4
      vertex 23.65 44.75 0
    endloop
  endfacet
  facet normal 0.896961 -0.44211 0
    outer loop
      vertex 23.8327 45.6684 2.4
      vertex 23.9715 45.95 0
      vertex 23.9715 45.95 2.4
    endloop
  endfacet
  facet normal 0.896961 -0.44211 0
    outer loop
      vertex 23.9715 45.95 0
      vertex 23.8327 45.6684 2.4
      vertex 23.8327 45.6684 0
    endloop
  endfacet
  facet normal 1 -0 0
    outer loop
      vertex 23.65 17.55 2.4
      vertex 23.65 44.75 0
      vertex 23.65 44.75 2.4
    endloop
  endfacet
  facet normal 1 0 0
    outer loop
      vertex 23.65 44.75 0
      vertex 23.65 17.55 2.4
      vertex 23.65 17.55 0
    endloop
  endfacet
  facet normal -0.659068 0.752083 0
    outer loop
      vertex 27.9471 15.8529 0
      vertex 27.711 15.646 2.4
      vertex 27.9471 15.8529 2.4
    endloop
  endfacet
  facet normal -0.659068 0.752083 0
    outer loop
      vertex 27.711 15.646 2.4
      vertex 27.9471 15.8529 0
      vertex 27.711 15.646 0
    endloop
  endfacet
  facet normal 0.659068 0.752083 -0
    outer loop
      vertex 24.589 15.646 0
      vertex 24.3529 15.8529 2.4
      vertex 24.589 15.646 2.4
    endloop
  endfacet
  facet normal 0.659068 0.752083 0
    outer loop
      vertex 24.3529 15.8529 2.4
      vertex 24.589 15.646 0
      vertex 24.3529 15.8529 0
    endloop
  endfacet
  facet normal -0.195258 -0.980752 0
    outer loop
      vertex 26.5633 47.1295 0
      vertex 26.8712 47.0682 2.4
      vertex 26.5633 47.1295 2.4
    endloop
  endfacet
  facet normal -0.195258 -0.980752 -0
    outer loop
      vertex 26.8712 47.0682 2.4
      vertex 26.5633 47.1295 0
      vertex 26.8712 47.0682 0
    endloop
  endfacet
  facet normal 0.44211 -0.896961 0
    outer loop
      vertex 24.85 46.8285 0
      vertex 25.1316 46.9673 2.4
      vertex 24.85 46.8285 2.4
    endloop
  endfacet
  facet normal 0.44211 -0.896961 0
    outer loop
      vertex 25.1316 46.9673 2.4
      vertex 24.85 46.8285 0
      vertex 25.1316 46.9673 0
    endloop
  endfacet
  facet normal 0.752083 0.659068 0
    outer loop
      vertex 24.3529 15.8529 2.4
      vertex 24.146 16.089 0
      vertex 24.146 16.089 2.4
    endloop
  endfacet
  facet normal 0.752083 0.659068 0
    outer loop
      vertex 24.146 16.089 0
      vertex 24.3529 15.8529 2.4
      vertex 24.3529 15.8529 0
    endloop
  endfacet
  facet normal 0.980752 0.195258 0
    outer loop
      vertex 23.7318 16.9288 2.4
      vertex 23.6705 17.2367 0
      vertex 23.6705 17.2367 2.4
    endloop
  endfacet
  facet normal 0.980752 0.195258 0
    outer loop
      vertex 23.6705 17.2367 0
      vertex 23.7318 16.9288 2.4
      vertex 23.7318 16.9288 0
    endloop
  endfacet
  facet normal 0.44211 0.896961 -0
    outer loop
      vertex 25.1316 15.3327 0
      vertex 24.85 15.4715 2.4
      vertex 25.1316 15.3327 2.4
    endloop
  endfacet
  facet normal 0.44211 0.896961 0
    outer loop
      vertex 24.85 15.4715 2.4
      vertex 25.1316 15.3327 0
      vertex 24.85 15.4715 0
    endloop
  endfacet
  facet normal 0.32148 -0.946916 0
    outer loop
      vertex 25.1316 46.9673 0
      vertex 25.4288 47.0682 2.4
      vertex 25.1316 46.9673 2.4
    endloop
  endfacet
  facet normal 0.32148 -0.946916 0
    outer loop
      vertex 25.4288 47.0682 2.4
      vertex 25.1316 46.9673 0
      vertex 25.4288 47.0682 0
    endloop
  endfacet
  facet normal -0.896961 -0.44211 0
    outer loop
      vertex 28.4673 45.6684 0
      vertex 28.3285 45.95 2.4
      vertex 28.3285 45.95 0
    endloop
  endfacet
  facet normal -0.896961 -0.44211 0
    outer loop
      vertex 28.3285 45.95 2.4
      vertex 28.4673 45.6684 0
      vertex 28.4673 45.6684 2.4
    endloop
  endfacet
  facet normal -0.32148 -0.946916 0
    outer loop
      vertex 26.8712 47.0682 0
      vertex 27.1684 46.9673 2.4
      vertex 26.8712 47.0682 2.4
    endloop
  endfacet
  facet normal -0.32148 -0.946916 -0
    outer loop
      vertex 27.1684 46.9673 2.4
      vertex 26.8712 47.0682 0
      vertex 27.1684 46.9673 0
    endloop
  endfacet
  facet normal 0.896961 0.44211 0
    outer loop
      vertex 23.9715 16.35 2.4
      vertex 23.8327 16.6316 0
      vertex 23.8327 16.6316 2.4
    endloop
  endfacet
  facet normal 0.896961 0.44211 0
    outer loop
      vertex 23.8327 16.6316 0
      vertex 23.9715 16.35 2.4
      vertex 23.9715 16.35 0
    endloop
  endfacet
  facet normal -0.997866 -0.0652929 0
    outer loop
      vertex 28.65 44.75 0
      vertex 28.6295 45.0633 2.4
      vertex 28.6295 45.0633 0
    endloop
  endfacet
  facet normal -0.997866 -0.0652929 0
    outer loop
      vertex 28.6295 45.0633 2.4
      vertex 28.65 44.75 0
      vertex 28.65 44.75 2.4
    endloop
  endfacet
  facet normal -0.980752 -0.195258 0
    outer loop
      vertex 28.6295 45.0633 0
      vertex 28.5682 45.3712 2.4
      vertex 28.5682 45.3712 0
    endloop
  endfacet
  facet normal -0.980752 -0.195258 0
    outer loop
      vertex 28.5682 45.3712 2.4
      vertex 28.6295 45.0633 0
      vertex 28.6295 45.0633 2.4
    endloop
  endfacet
  facet normal 0.0652929 -0.997866 0
    outer loop
      vertex 25.7367 47.1295 0
      vertex 26.05 47.15 2.4
      vertex 25.7367 47.1295 2.4
    endloop
  endfacet
  facet normal 0.0652929 -0.997866 0
    outer loop
      vertex 26.05 47.15 2.4
      vertex 25.7367 47.1295 0
      vertex 26.05 47.15 0
    endloop
  endfacet
  facet normal -0.555802 0.831315 0
    outer loop
      vertex 27.711 15.646 0
      vertex 27.45 15.4715 2.4
      vertex 27.711 15.646 2.4
    endloop
  endfacet
  facet normal -0.555802 0.831315 0
    outer loop
      vertex 27.45 15.4715 2.4
      vertex 27.711 15.646 0
      vertex 27.45 15.4715 0
    endloop
  endfacet
  facet normal -0.659068 -0.752083 0
    outer loop
      vertex 27.711 46.654 0
      vertex 27.9471 46.4471 2.4
      vertex 27.711 46.654 2.4
    endloop
  endfacet
  facet normal -0.659068 -0.752083 -0
    outer loop
      vertex 27.9471 46.4471 2.4
      vertex 27.711 46.654 0
      vertex 27.9471 46.4471 0
    endloop
  endfacet
  facet normal -0.555802 -0.831315 0
    outer loop
      vertex 27.45 46.8285 0
      vertex 27.711 46.654 2.4
      vertex 27.45 46.8285 2.4
    endloop
  endfacet
  facet normal -0.555802 -0.831315 -0
    outer loop
      vertex 27.711 46.654 2.4
      vertex 27.45 46.8285 0
      vertex 27.711 46.654 0
    endloop
  endfacet
  facet normal -0.896961 0.44211 0
    outer loop
      vertex 28.3285 16.35 0
      vertex 28.4673 16.6316 2.4
      vertex 28.4673 16.6316 0
    endloop
  endfacet
  facet normal -0.896961 0.44211 0
    outer loop
      vertex 28.4673 16.6316 2.4
      vertex 28.3285 16.35 0
      vertex 28.3285 16.35 2.4
    endloop
  endfacet
  facet normal 0.752083 -0.659068 0
    outer loop
      vertex 24.146 46.211 2.4
      vertex 24.3529 46.4471 0
      vertex 24.3529 46.4471 2.4
    endloop
  endfacet
  facet normal 0.752083 -0.659068 0
    outer loop
      vertex 24.3529 46.4471 0
      vertex 24.146 46.211 2.4
      vertex 24.146 46.211 0
    endloop
  endfacet
  facet normal -0.0652929 -0.997866 0
    outer loop
      vertex 26.25 47.15 0
      vertex 26.5633 47.1295 2.4
      vertex 26.25 47.15 2.4
    endloop
  endfacet
  facet normal -0.0652929 -0.997866 -0
    outer loop
      vertex 26.5633 47.1295 2.4
      vertex 26.25 47.15 0
      vertex 26.5633 47.1295 0
    endloop
  endfacet
  facet normal 0 -1 0
    outer loop
      vertex 26.05 47.15 0
      vertex 26.25 47.15 2.4
      vertex 26.05 47.15 2.4
    endloop
  endfacet
  facet normal 0 -1 -0
    outer loop
      vertex 26.25 47.15 2.4
      vertex 26.05 47.15 0
      vertex 26.25 47.15 0
    endloop
  endfacet
  facet normal -0.44211 0.896961 0
    outer loop
      vertex 27.45 15.4715 0
      vertex 27.1684 15.3327 2.4
      vertex 27.45 15.4715 2.4
    endloop
  endfacet
  facet normal -0.44211 0.896961 0
    outer loop
      vertex 27.1684 15.3327 2.4
      vertex 27.45 15.4715 0
      vertex 27.1684 15.3327 0
    endloop
  endfacet
  facet normal 0.659068 -0.752083 0
    outer loop
      vertex 24.3529 46.4471 0
      vertex 24.589 46.654 2.4
      vertex 24.3529 46.4471 2.4
    endloop
  endfacet
  facet normal 0.659068 -0.752083 0
    outer loop
      vertex 24.589 46.654 2.4
      vertex 24.3529 46.4471 0
      vertex 24.589 46.654 0
    endloop
  endfacet
  facet normal -0.831315 0.555802 0
    outer loop
      vertex 28.154 16.089 0
      vertex 28.3285 16.35 2.4
      vertex 28.3285 16.35 0
    endloop
  endfacet
  facet normal -0.831315 0.555802 0
    outer loop
      vertex 28.3285 16.35 2.4
      vertex 28.154 16.089 0
      vertex 28.154 16.089 2.4
    endloop
  endfacet
  facet normal 0.946916 -0.32148 0
    outer loop
      vertex 23.7318 45.3712 2.4
      vertex 23.8327 45.6684 0
      vertex 23.8327 45.6684 2.4
    endloop
  endfacet
  facet normal 0.946916 -0.32148 0
    outer loop
      vertex 23.8327 45.6684 0
      vertex 23.7318 45.3712 2.4
      vertex 23.7318 45.3712 0
    endloop
  endfacet
  facet normal 0.555802 -0.831315 0
    outer loop
      vertex 24.589 46.654 0
      vertex 24.85 46.8285 2.4
      vertex 24.589 46.654 2.4
    endloop
  endfacet
  facet normal 0.555802 -0.831315 0
    outer loop
      vertex 24.85 46.8285 2.4
      vertex 24.589 46.654 0
      vertex 24.85 46.8285 0
    endloop
  endfacet
  facet normal 0.980752 -0.195258 0
    outer loop
      vertex 23.6705 45.0633 2.4
      vertex 23.7318 45.3712 0
      vertex 23.7318 45.3712 2.4
    endloop
  endfacet
  facet normal 0.980752 -0.195258 0
    outer loop
      vertex 23.7318 45.3712 0
      vertex 23.6705 45.0633 2.4
      vertex 23.6705 45.0633 0
    endloop
  endfacet
  facet normal 0.195258 -0.980752 0
    outer loop
      vertex 25.4288 47.0682 0
      vertex 25.7367 47.1295 2.4
      vertex 25.4288 47.0682 2.4
    endloop
  endfacet
  facet normal 0.195258 -0.980752 0
    outer loop
      vertex 25.7367 47.1295 2.4
      vertex 25.4288 47.0682 0
      vertex 25.7367 47.1295 0
    endloop
  endfacet
  facet normal -0.831315 -0.555802 0
    outer loop
      vertex 39.3285 45.95 0
      vertex 39.154 46.211 2.4
      vertex 39.154 46.211 0
    endloop
  endfacet
  facet normal -0.831315 -0.555802 0
    outer loop
      vertex 39.154 46.211 2.4
      vertex 39.3285 45.95 0
      vertex 39.3285 45.95 2.4
    endloop
  endfacet
  facet normal 0 1 -0
    outer loop
      vertex 37.25 15.15 0
      vertex 37.05 15.15 2.4
      vertex 37.25 15.15 2.4
    endloop
  endfacet
  facet normal 0 1 0
    outer loop
      vertex 37.05 15.15 2.4
      vertex 37.25 15.15 0
      vertex 37.05 15.15 0
    endloop
  endfacet
  facet normal 0.831315 -0.555802 0
    outer loop
      vertex 34.9715 45.95 2.4
      vertex 35.146 46.211 0
      vertex 35.146 46.211 2.4
    endloop
  endfacet
  facet normal 0.831315 -0.555802 0
    outer loop
      vertex 35.146 46.211 0
      vertex 34.9715 45.95 2.4
      vertex 34.9715 45.95 0
    endloop
  endfacet
  facet normal -0.946916 -0.32148 0
    outer loop
      vertex 39.5682 45.3712 0
      vertex 39.4673 45.6684 2.4
      vertex 39.4673 45.6684 0
    endloop
  endfacet
  facet normal -0.946916 -0.32148 0
    outer loop
      vertex 39.4673 45.6684 2.4
      vertex 39.5682 45.3712 0
      vertex 39.5682 45.3712 2.4
    endloop
  endfacet
  facet normal -0.980752 0.195258 0
    outer loop
      vertex 39.5682 16.9288 0
      vertex 39.6295 17.2367 2.4
      vertex 39.6295 17.2367 0
    endloop
  endfacet
  facet normal -0.980752 0.195258 0
    outer loop
      vertex 39.6295 17.2367 2.4
      vertex 39.5682 16.9288 0
      vertex 39.5682 16.9288 2.4
    endloop
  endfacet
  facet normal -0.195258 0.980752 0
    outer loop
      vertex 37.8712 15.2318 0
      vertex 37.5633 15.1705 2.4
      vertex 37.8712 15.2318 2.4
    endloop
  endfacet
  facet normal -0.195258 0.980752 0
    outer loop
      vertex 37.5633 15.1705 2.4
      vertex 37.8712 15.2318 0
      vertex 37.5633 15.1705 0
    endloop
  endfacet
  facet normal 0.32148 0.946916 -0
    outer loop
      vertex 36.4288 15.2318 0
      vertex 36.1316 15.3327 2.4
      vertex 36.4288 15.2318 2.4
    endloop
  endfacet
  facet normal 0.32148 0.946916 0
    outer loop
      vertex 36.1316 15.3327 2.4
      vertex 36.4288 15.2318 0
      vertex 36.1316 15.3327 0
    endloop
  endfacet
  facet normal 0.555802 0.831315 -0
    outer loop
      vertex 35.85 15.4715 0
      vertex 35.589 15.646 2.4
      vertex 35.85 15.4715 2.4
    endloop
  endfacet
  facet normal 0.555802 0.831315 0
    outer loop
      vertex 35.589 15.646 2.4
      vertex 35.85 15.4715 0
      vertex 35.589 15.646 0
    endloop
  endfacet
  facet normal -0.980752 -0.195258 0
    outer loop
      vertex 39.6295 45.0633 0
      vertex 39.5682 45.3712 2.4
      vertex 39.5682 45.3712 0
    endloop
  endfacet
  facet normal -0.980752 -0.195258 0
    outer loop
      vertex 39.5682 45.3712 2.4
      vertex 39.6295 45.0633 0
      vertex 39.6295 45.0633 2.4
    endloop
  endfacet
  facet normal 0.831315 0.555802 0
    outer loop
      vertex 35.146 16.089 2.4
      vertex 34.9715 16.35 0
      vertex 34.9715 16.35 2.4
    endloop
  endfacet
  facet normal 0.831315 0.555802 0
    outer loop
      vertex 34.9715 16.35 0
      vertex 35.146 16.089 2.4
      vertex 35.146 16.089 0
    endloop
  endfacet
  facet normal 0.997866 0.0652929 0
    outer loop
      vertex 34.6705 17.2367 2.4
      vertex 34.65 17.55 0
      vertex 34.65 17.55 2.4
    endloop
  endfacet
  facet normal 0.997866 0.0652929 0
    outer loop
      vertex 34.65 17.55 0
      vertex 34.6705 17.2367 2.4
      vertex 34.6705 17.2367 0
    endloop
  endfacet
  facet normal -0.997866 0.0652929 0
    outer loop
      vertex 39.6295 17.2367 0
      vertex 39.65 17.55 2.4
      vertex 39.65 17.55 0
    endloop
  endfacet
  facet normal -0.997866 0.0652929 0
    outer loop
      vertex 39.65 17.55 2.4
      vertex 39.6295 17.2367 0
      vertex 39.6295 17.2367 2.4
    endloop
  endfacet
  facet normal 0.195258 0.980752 -0
    outer loop
      vertex 36.7367 15.1705 0
      vertex 36.4288 15.2318 2.4
      vertex 36.7367 15.1705 2.4
    endloop
  endfacet
  facet normal 0.195258 0.980752 0
    outer loop
      vertex 36.4288 15.2318 2.4
      vertex 36.7367 15.1705 0
      vertex 36.4288 15.2318 0
    endloop
  endfacet
  facet normal 0.946916 0.32148 0
    outer loop
      vertex 34.8327 16.6316 2.4
      vertex 34.7318 16.9288 0
      vertex 34.7318 16.9288 2.4
    endloop
  endfacet
  facet normal 0.946916 0.32148 0
    outer loop
      vertex 34.7318 16.9288 0
      vertex 34.8327 16.6316 2.4
      vertex 34.8327 16.6316 0
    endloop
  endfacet
  facet normal 0.0652929 0.997866 -0
    outer loop
      vertex 37.05 15.15 0
      vertex 36.7367 15.1705 2.4
      vertex 37.05 15.15 2.4
    endloop
  endfacet
  facet normal 0.0652929 0.997866 0
    outer loop
      vertex 36.7367 15.1705 2.4
      vertex 37.05 15.15 0
      vertex 36.7367 15.1705 0
    endloop
  endfacet
  facet normal -0.752083 0.659068 0
    outer loop
      vertex 38.9471 15.8529 0
      vertex 39.154 16.089 2.4
      vertex 39.154 16.089 0
    endloop
  endfacet
  facet normal -0.752083 0.659068 0
    outer loop
      vertex 39.154 16.089 2.4
      vertex 38.9471 15.8529 0
      vertex 38.9471 15.8529 2.4
    endloop
  endfacet
  facet normal -0.44211 -0.896961 0
    outer loop
      vertex 38.1684 46.9673 0
      vertex 38.45 46.8285 2.4
      vertex 38.1684 46.9673 2.4
    endloop
  endfacet
  facet normal -0.44211 -0.896961 -0
    outer loop
      vertex 38.45 46.8285 2.4
      vertex 38.1684 46.9673 0
      vertex 38.45 46.8285 0
    endloop
  endfacet
  facet normal -0.0652929 0.997866 0
    outer loop
      vertex 37.5633 15.1705 0
      vertex 37.25 15.15 2.4
      vertex 37.5633 15.1705 2.4
    endloop
  endfacet
  facet normal -0.0652929 0.997866 0
    outer loop
      vertex 37.25 15.15 2.4
      vertex 37.5633 15.1705 0
      vertex 37.25 15.15 0
    endloop
  endfacet
  facet normal -0.32148 0.946916 0
    outer loop
      vertex 38.1684 15.3327 0
      vertex 37.8712 15.2318 2.4
      vertex 38.1684 15.3327 2.4
    endloop
  endfacet
  facet normal -0.32148 0.946916 0
    outer loop
      vertex 37.8712 15.2318 2.4
      vertex 38.1684 15.3327 0
      vertex 37.8712 15.2318 0
    endloop
  endfacet
  facet normal -1 0 0
    outer loop
      vertex 39.65 17.55 0
      vertex 39.65 44.75 2.4
      vertex 39.65 44.75 0
    endloop
  endfacet
  facet normal -1 -0 0
    outer loop
      vertex 39.65 44.75 2.4
      vertex 39.65 17.55 0
      vertex 39.65 17.55 2.4
    endloop
  endfacet
  facet normal -0.752083 -0.659068 0
    outer loop
      vertex 39.154 46.211 0
      vertex 38.9471 46.4471 2.4
      vertex 38.9471 46.4471 0
    endloop
  endfacet
  facet normal -0.752083 -0.659068 0
    outer loop
      vertex 38.9471 46.4471 2.4
      vertex 39.154 46.211 0
      vertex 39.154 46.211 2.4
    endloop
  endfacet
  facet normal 0.997866 -0.0652929 0
    outer loop
      vertex 34.65 44.75 2.4
      vertex 34.6705 45.0633 0
      vertex 34.6705 45.0633 2.4
    endloop
  endfacet
  facet normal 0.997866 -0.0652929 0
    outer loop
      vertex 34.6705 45.0633 0
      vertex 34.65 44.75 2.4
      vertex 34.65 44.75 0
    endloop
  endfacet
  facet normal 0.896961 -0.44211 0
    outer loop
      vertex 34.8327 45.6684 2.4
      vertex 34.9715 45.95 0
      vertex 34.9715 45.95 2.4
    endloop
  endfacet
  facet normal 0.896961 -0.44211 0
    outer loop
      vertex 34.9715 45.95 0
      vertex 34.8327 45.6684 2.4
      vertex 34.8327 45.6684 0
    endloop
  endfacet
  facet normal 1 -0 0
    outer loop
      vertex 34.65 17.55 2.4
      vertex 34.65 44.75 0
      vertex 34.65 44.75 2.4
    endloop
  endfacet
  facet normal 1 0 0
    outer loop
      vertex 34.65 44.75 0
      vertex 34.65 17.55 2.4
      vertex 34.65 17.55 0
    endloop
  endfacet
  facet normal -0.659068 0.752083 0
    outer loop
      vertex 38.9471 15.8529 0
      vertex 38.711 15.646 2.4
      vertex 38.9471 15.8529 2.4
    endloop
  endfacet
  facet normal -0.659068 0.752083 0
    outer loop
      vertex 38.711 15.646 2.4
      vertex 38.9471 15.8529 0
      vertex 38.711 15.646 0
    endloop
  endfacet
  facet normal 0.659068 0.752083 -0
    outer loop
      vertex 35.589 15.646 0
      vertex 35.3529 15.8529 2.4
      vertex 35.589 15.646 2.4
    endloop
  endfacet
  facet normal 0.659068 0.752083 0
    outer loop
      vertex 35.3529 15.8529 2.4
      vertex 35.589 15.646 0
      vertex 35.3529 15.8529 0
    endloop
  endfacet
  facet normal -0.195258 -0.980752 0
    outer loop
      vertex 37.5633 47.1295 0
      vertex 37.8712 47.0682 2.4
      vertex 37.5633 47.1295 2.4
    endloop
  endfacet
  facet normal -0.195258 -0.980752 -0
    outer loop
      vertex 37.8712 47.0682 2.4
      vertex 37.5633 47.1295 0
      vertex 37.8712 47.0682 0
    endloop
  endfacet
  facet normal 0.44211 -0.896961 0
    outer loop
      vertex 35.85 46.8285 0
      vertex 36.1316 46.9673 2.4
      vertex 35.85 46.8285 2.4
    endloop
  endfacet
  facet normal 0.44211 -0.896961 0
    outer loop
      vertex 36.1316 46.9673 2.4
      vertex 35.85 46.8285 0
      vertex 36.1316 46.9673 0
    endloop
  endfacet
  facet normal 0.752083 0.659068 0
    outer loop
      vertex 35.3529 15.8529 2.4
      vertex 35.146 16.089 0
      vertex 35.146 16.089 2.4
    endloop
  endfacet
  facet normal 0.752083 0.659068 0
    outer loop
      vertex 35.146 16.089 0
      vertex 35.3529 15.8529 2.4
      vertex 35.3529 15.8529 0
    endloop
  endfacet
  facet normal 0.980752 0.195258 0
    outer loop
      vertex 34.7318 16.9288 2.4
      vertex 34.6705 17.2367 0
      vertex 34.6705 17.2367 2.4
    endloop
  endfacet
  facet normal 0.980752 0.195258 0
    outer loop
      vertex 34.6705 17.2367 0
      vertex 34.7318 16.9288 2.4
      vertex 34.7318 16.9288 0
    endloop
  endfacet
  facet normal 0.44211 0.896961 -0
    outer loop
      vertex 36.1316 15.3327 0
      vertex 35.85 15.4715 2.4
      vertex 36.1316 15.3327 2.4
    endloop
  endfacet
  facet normal 0.44211 0.896961 0
    outer loop
      vertex 35.85 15.4715 2.4
      vertex 36.1316 15.3327 0
      vertex 35.85 15.4715 0
    endloop
  endfacet
  facet normal 0.32148 -0.946916 0
    outer loop
      vertex 36.1316 46.9673 0
      vertex 36.4288 47.0682 2.4
      vertex 36.1316 46.9673 2.4
    endloop
  endfacet
  facet normal 0.32148 -0.946916 0
    outer loop
      vertex 36.4288 47.0682 2.4
      vertex 36.1316 46.9673 0
      vertex 36.4288 47.0682 0
    endloop
  endfacet
  facet normal -0.896961 -0.44211 0
    outer loop
      vertex 39.4673 45.6684 0
      vertex 39.3285 45.95 2.4
      vertex 39.3285 45.95 0
    endloop
  endfacet
  facet normal -0.896961 -0.44211 0
    outer loop
      vertex 39.3285 45.95 2.4
      vertex 39.4673 45.6684 0
      vertex 39.4673 45.6684 2.4
    endloop
  endfacet
  facet normal -0.32148 -0.946916 0
    outer loop
      vertex 37.8712 47.0682 0
      vertex 38.1684 46.9673 2.4
      vertex 37.8712 47.0682 2.4
    endloop
  endfacet
  facet normal -0.32148 -0.946916 -0
    outer loop
      vertex 38.1684 46.9673 2.4
      vertex 37.8712 47.0682 0
      vertex 38.1684 46.9673 0
    endloop
  endfacet
  facet normal 0.896961 0.44211 0
    outer loop
      vertex 34.9715 16.35 2.4
      vertex 34.8327 16.6316 0
      vertex 34.8327 16.6316 2.4
    endloop
  endfacet
  facet normal 0.896961 0.44211 0
    outer loop
      vertex 34.8327 16.6316 0
      vertex 34.9715 16.35 2.4
      vertex 34.9715 16.35 0
    endloop
  endfacet
  facet normal -0.997866 -0.0652929 0
    outer loop
      vertex 39.65 44.75 0
      vertex 39.6295 45.0633 2.4
      vertex 39.6295 45.0633 0
    endloop
  endfacet
  facet normal -0.997866 -0.0652929 0
    outer loop
      vertex 39.6295 45.0633 2.4
      vertex 39.65 44.75 0
      vertex 39.65 44.75 2.4
    endloop
  endfacet
  facet normal 0.0652929 -0.997866 0
    outer loop
      vertex 36.7367 47.1295 0
      vertex 37.05 47.15 2.4
      vertex 36.7367 47.1295 2.4
    endloop
  endfacet
  facet normal 0.0652929 -0.997866 0
    outer loop
      vertex 37.05 47.15 2.4
      vertex 36.7367 47.1295 0
      vertex 37.05 47.15 0
    endloop
  endfacet
  facet normal -0.555802 0.831315 0
    outer loop
      vertex 38.711 15.646 0
      vertex 38.45 15.4715 2.4
      vertex 38.711 15.646 2.4
    endloop
  endfacet
  facet normal -0.555802 0.831315 0
    outer loop
      vertex 38.45 15.4715 2.4
      vertex 38.711 15.646 0
      vertex 38.45 15.4715 0
    endloop
  endfacet
  facet normal -0.659068 -0.752083 0
    outer loop
      vertex 38.711 46.654 0
      vertex 38.9471 46.4471 2.4
      vertex 38.711 46.654 2.4
    endloop
  endfacet
  facet normal -0.659068 -0.752083 -0
    outer loop
      vertex 38.9471 46.4471 2.4
      vertex 38.711 46.654 0
      vertex 38.9471 46.4471 0
    endloop
  endfacet
  facet normal -0.555802 -0.831315 0
    outer loop
      vertex 38.45 46.8285 0
      vertex 38.711 46.654 2.4
      vertex 38.45 46.8285 2.4
    endloop
  endfacet
  facet normal -0.555802 -0.831315 -0
    outer loop
      vertex 38.711 46.654 2.4
      vertex 38.45 46.8285 0
      vertex 38.711 46.654 0
    endloop
  endfacet
  facet normal -0.896961 0.44211 0
    outer loop
      vertex 39.3285 16.35 0
      vertex 39.4673 16.6316 2.4
      vertex 39.4673 16.6316 0
    endloop
  endfacet
  facet normal -0.896961 0.44211 0
    outer loop
      vertex 39.4673 16.6316 2.4
      vertex 39.3285 16.35 0
      vertex 39.3285 16.35 2.4
    endloop
  endfacet
  facet normal 0.752083 -0.659068 0
    outer loop
      vertex 35.146 46.211 2.4
      vertex 35.3529 46.4471 0
      vertex 35.3529 46.4471 2.4
    endloop
  endfacet
  facet normal 0.752083 -0.659068 0
    outer loop
      vertex 35.3529 46.4471 0
      vertex 35.146 46.211 2.4
      vertex 35.146 46.211 0
    endloop
  endfacet
  facet normal -0.0652929 -0.997866 0
    outer loop
      vertex 37.25 47.15 0
      vertex 37.5633 47.1295 2.4
      vertex 37.25 47.15 2.4
    endloop
  endfacet
  facet normal -0.0652929 -0.997866 -0
    outer loop
      vertex 37.5633 47.1295 2.4
      vertex 37.25 47.15 0
      vertex 37.5633 47.1295 0
    endloop
  endfacet
  facet normal 0 -1 0
    outer loop
      vertex 37.05 47.15 0
      vertex 37.25 47.15 2.4
      vertex 37.05 47.15 2.4
    endloop
  endfacet
  facet normal 0 -1 -0
    outer loop
      vertex 37.25 47.15 2.4
      vertex 37.05 47.15 0
      vertex 37.25 47.15 0
    endloop
  endfacet
  facet normal -0.44211 0.896961 0
    outer loop
      vertex 38.45 15.4715 0
      vertex 38.1684 15.3327 2.4
      vertex 38.45 15.4715 2.4
    endloop
  endfacet
  facet normal -0.44211 0.896961 0
    outer loop
      vertex 38.1684 15.3327 2.4
      vertex 38.45 15.4715 0
      vertex 38.1684 15.3327 0
    endloop
  endfacet
  facet normal 0.659068 -0.752083 0
    outer loop
      vertex 35.3529 46.4471 0
      vertex 35.589 46.654 2.4
      vertex 35.3529 46.4471 2.4
    endloop
  endfacet
  facet normal 0.659068 -0.752083 0
    outer loop
      vertex 35.589 46.654 2.4
      vertex 35.3529 46.4471 0
      vertex 35.589 46.654 0
    endloop
  endfacet
  facet normal -0.831315 0.555802 0
    outer loop
      vertex 39.154 16.089 0
      vertex 39.3285 16.35 2.4
      vertex 39.3285 16.35 0
    endloop
  endfacet
  facet normal -0.831315 0.555802 0
    outer loop
      vertex 39.3285 16.35 2.4
      vertex 39.154 16.089 0
      vertex 39.154 16.089 2.4
    endloop
  endfacet
  facet normal -0.946916 0.32148 0
    outer loop
      vertex 39.4673 16.6316 0
      vertex 39.5682 16.9288 2.4
      vertex 39.5682 16.9288 0
    endloop
  endfacet
  facet normal -0.946916 0.32148 0
    outer loop
      vertex 39.5682 16.9288 2.4
      vertex 39.4673 16.6316 0
      vertex 39.4673 16.6316 2.4
    endloop
  endfacet
  facet normal 0.946916 -0.32148 0
    outer loop
      vertex 34.7318 45.3712 2.4
      vertex 34.8327 45.6684 0
      vertex 34.8327 45.6684 2.4
    endloop
  endfacet
  facet normal 0.946916 -0.32148 0
    outer loop
      vertex 34.8327 45.6684 0
      vertex 34.7318 45.3712 2.4
      vertex 34.7318 45.3712 0
    endloop
  endfacet
  facet normal 0.555802 -0.831315 0
    outer loop
      vertex 35.589 46.654 0
      vertex 35.85 46.8285 2.4
      vertex 35.589 46.654 2.4
    endloop
  endfacet
  facet normal 0.555802 -0.831315 0
    outer loop
      vertex 35.85 46.8285 2.4
      vertex 35.589 46.654 0
      vertex 35.85 46.8285 0
    endloop
  endfacet
  facet normal 0.980752 -0.195258 0
    outer loop
      vertex 34.6705 45.0633 2.4
      vertex 34.7318 45.3712 0
      vertex 34.7318 45.3712 2.4
    endloop
  endfacet
  facet normal 0.980752 -0.195258 0
    outer loop
      vertex 34.7318 45.3712 0
      vertex 34.6705 45.0633 2.4
      vertex 34.6705 45.0633 0
    endloop
  endfacet
  facet normal 0.195258 -0.980752 0
    outer loop
      vertex 36.4288 47.0682 0
      vertex 36.7367 47.1295 2.4
      vertex 36.4288 47.0682 2.4
    endloop
  endfacet
  facet normal 0.195258 -0.980752 0
    outer loop
      vertex 36.7367 47.1295 2.4
      vertex 36.4288 47.0682 0
      vertex 36.7367 47.1295 0
    endloop
  endfacet
  facet normal -0.831315 -0.555802 0
    outer loop
      vertex 50.3285 45.95 0
      vertex 50.154 46.211 2.4
      vertex 50.154 46.211 0
    endloop
  endfacet
  facet normal -0.831315 -0.555802 0
    outer loop
      vertex 50.154 46.211 2.4
      vertex 50.3285 45.95 0
      vertex 50.3285 45.95 2.4
    endloop
  endfacet
  facet normal 0 1 -0
    outer loop
      vertex 48.25 15.15 0
      vertex 48.05 15.15 2.4
      vertex 48.25 15.15 2.4
    endloop
  endfacet
  facet normal 0 1 0
    outer loop
      vertex 48.05 15.15 2.4
      vertex 48.25 15.15 0
      vertex 48.05 15.15 0
    endloop
  endfacet
  facet normal 0.831315 -0.555802 0
    outer loop
      vertex 45.9715 45.95 2.4
      vertex 46.146 46.211 0
      vertex 46.146 46.211 2.4
    endloop
  endfacet
  facet normal 0.831315 -0.555802 0
    outer loop
      vertex 46.146 46.211 0
      vertex 45.9715 45.95 2.4
      vertex 45.9715 45.95 0
    endloop
  endfacet
  facet normal -0.946916 -0.32148 0
    outer loop
      vertex 50.5682 45.3712 0
      vertex 50.4673 45.6684 2.4
      vertex 50.4673 45.6684 0
    endloop
  endfacet
  facet normal -0.946916 -0.32148 0
    outer loop
      vertex 50.4673 45.6684 2.4
      vertex 50.5682 45.3712 0
      vertex 50.5682 45.3712 2.4
    endloop
  endfacet
  facet normal -0.980752 0.195258 0
    outer loop
      vertex 50.5682 16.9288 0
      vertex 50.6295 17.2367 2.4
      vertex 50.6295 17.2367 0
    endloop
  endfacet
  facet normal -0.980752 0.195258 0
    outer loop
      vertex 50.6295 17.2367 2.4
      vertex 50.5682 16.9288 0
      vertex 50.5682 16.9288 2.4
    endloop
  endfacet
  facet normal -0.195258 0.980752 0
    outer loop
      vertex 48.8712 15.2318 0
      vertex 48.5633 15.1705 2.4
      vertex 48.8712 15.2318 2.4
    endloop
  endfacet
  facet normal -0.195258 0.980752 0
    outer loop
      vertex 48.5633 15.1705 2.4
      vertex 48.8712 15.2318 0
      vertex 48.5633 15.1705 0
    endloop
  endfacet
  facet normal 0.32148 0.946916 -0
    outer loop
      vertex 47.4288 15.2318 0
      vertex 47.1316 15.3327 2.4
      vertex 47.4288 15.2318 2.4
    endloop
  endfacet
  facet normal 0.32148 0.946916 0
    outer loop
      vertex 47.1316 15.3327 2.4
      vertex 47.4288 15.2318 0
      vertex 47.1316 15.3327 0
    endloop
  endfacet
  facet normal 0.555802 0.831315 -0
    outer loop
      vertex 46.85 15.4715 0
      vertex 46.589 15.646 2.4
      vertex 46.85 15.4715 2.4
    endloop
  endfacet
  facet normal 0.555802 0.831315 0
    outer loop
      vertex 46.589 15.646 2.4
      vertex 46.85 15.4715 0
      vertex 46.589 15.646 0
    endloop
  endfacet
  facet normal 0.831315 0.555802 0
    outer loop
      vertex 46.146 16.089 2.4
      vertex 45.9715 16.35 0
      vertex 45.9715 16.35 2.4
    endloop
  endfacet
  facet normal 0.831315 0.555802 0
    outer loop
      vertex 45.9715 16.35 0
      vertex 46.146 16.089 2.4
      vertex 46.146 16.089 0
    endloop
  endfacet
  facet normal 0.997866 0.0652929 0
    outer loop
      vertex 45.6705 17.2367 2.4
      vertex 45.65 17.55 0
      vertex 45.65 17.55 2.4
    endloop
  endfacet
  facet normal 0.997866 0.0652929 0
    outer loop
      vertex 45.65 17.55 0
      vertex 45.6705 17.2367 2.4
      vertex 45.6705 17.2367 0
    endloop
  endfacet
  facet normal -0.997866 0.0652929 0
    outer loop
      vertex 50.6295 17.2367 0
      vertex 50.65 17.55 2.4
      vertex 50.65 17.55 0
    endloop
  endfacet
  facet normal -0.997866 0.0652929 0
    outer loop
      vertex 50.65 17.55 2.4
      vertex 50.6295 17.2367 0
      vertex 50.6295 17.2367 2.4
    endloop
  endfacet
  facet normal 0.195258 0.980752 -0
    outer loop
      vertex 47.7367 15.1705 0
      vertex 47.4288 15.2318 2.4
      vertex 47.7367 15.1705 2.4
    endloop
  endfacet
  facet normal 0.195258 0.980752 0
    outer loop
      vertex 47.4288 15.2318 2.4
      vertex 47.7367 15.1705 0
      vertex 47.4288 15.2318 0
    endloop
  endfacet
  facet normal 0.946916 0.32148 0
    outer loop
      vertex 45.8327 16.6316 2.4
      vertex 45.7318 16.9288 0
      vertex 45.7318 16.9288 2.4
    endloop
  endfacet
  facet normal 0.946916 0.32148 0
    outer loop
      vertex 45.7318 16.9288 0
      vertex 45.8327 16.6316 2.4
      vertex 45.8327 16.6316 0
    endloop
  endfacet
  facet normal 0.0652929 0.997866 -0
    outer loop
      vertex 48.05 15.15 0
      vertex 47.7367 15.1705 2.4
      vertex 48.05 15.15 2.4
    endloop
  endfacet
  facet normal 0.0652929 0.997866 0
    outer loop
      vertex 47.7367 15.1705 2.4
      vertex 48.05 15.15 0
      vertex 47.7367 15.1705 0
    endloop
  endfacet
  facet normal -0.752083 0.659068 0
    outer loop
      vertex 49.9471 15.8529 0
      vertex 50.154 16.089 2.4
      vertex 50.154 16.089 0
    endloop
  endfacet
  facet normal -0.752083 0.659068 0
    outer loop
      vertex 50.154 16.089 2.4
      vertex 49.9471 15.8529 0
      vertex 49.9471 15.8529 2.4
    endloop
  endfacet
  facet normal -0.44211 -0.896961 0
    outer loop
      vertex 49.1684 46.9673 0
      vertex 49.45 46.8285 2.4
      vertex 49.1684 46.9673 2.4
    endloop
  endfacet
  facet normal -0.44211 -0.896961 -0
    outer loop
      vertex 49.45 46.8285 2.4
      vertex 49.1684 46.9673 0
      vertex 49.45 46.8285 0
    endloop
  endfacet
  facet normal -0.0652929 0.997866 0
    outer loop
      vertex 48.5633 15.1705 0
      vertex 48.25 15.15 2.4
      vertex 48.5633 15.1705 2.4
    endloop
  endfacet
  facet normal -0.0652929 0.997866 0
    outer loop
      vertex 48.25 15.15 2.4
      vertex 48.5633 15.1705 0
      vertex 48.25 15.15 0
    endloop
  endfacet
  facet normal -0.32148 0.946916 0
    outer loop
      vertex 49.1684 15.3327 0
      vertex 48.8712 15.2318 2.4
      vertex 49.1684 15.3327 2.4
    endloop
  endfacet
  facet normal -0.32148 0.946916 0
    outer loop
      vertex 48.8712 15.2318 2.4
      vertex 49.1684 15.3327 0
      vertex 48.8712 15.2318 0
    endloop
  endfacet
  facet normal -1 0 0
    outer loop
      vertex 50.65 17.55 0
      vertex 50.65 44.75 2.4
      vertex 50.65 44.75 0
    endloop
  endfacet
  facet normal -1 -0 0
    outer loop
      vertex 50.65 44.75 2.4
      vertex 50.65 17.55 0
      vertex 50.65 17.55 2.4
    endloop
  endfacet
  facet normal -0.752083 -0.659068 0
    outer loop
      vertex 50.154 46.211 0
      vertex 49.9471 46.4471 2.4
      vertex 49.9471 46.4471 0
    endloop
  endfacet
  facet normal -0.752083 -0.659068 0
    outer loop
      vertex 49.9471 46.4471 2.4
      vertex 50.154 46.211 0
      vertex 50.154 46.211 2.4
    endloop
  endfacet
  facet normal 0.997866 -0.0652929 0
    outer loop
      vertex 45.65 44.75 2.4
      vertex 45.6705 45.0633 0
      vertex 45.6705 45.0633 2.4
    endloop
  endfacet
  facet normal 0.997866 -0.0652929 0
    outer loop
      vertex 45.6705 45.0633 0
      vertex 45.65 44.75 2.4
      vertex 45.65 44.75 0
    endloop
  endfacet
  facet normal 0.896961 -0.44211 0
    outer loop
      vertex 45.8327 45.6684 2.4
      vertex 45.9715 45.95 0
      vertex 45.9715 45.95 2.4
    endloop
  endfacet
  facet normal 0.896961 -0.44211 0
    outer loop
      vertex 45.9715 45.95 0
      vertex 45.8327 45.6684 2.4
      vertex 45.8327 45.6684 0
    endloop
  endfacet
  facet normal 1 -0 0
    outer loop
      vertex 45.65 17.55 2.4
      vertex 45.65 44.75 0
      vertex 45.65 44.75 2.4
    endloop
  endfacet
  facet normal 1 0 0
    outer loop
      vertex 45.65 44.75 0
      vertex 45.65 17.55 2.4
      vertex 45.65 17.55 0
    endloop
  endfacet
  facet normal -0.659068 0.752083 0
    outer loop
      vertex 49.9471 15.8529 0
      vertex 49.711 15.646 2.4
      vertex 49.9471 15.8529 2.4
    endloop
  endfacet
  facet normal -0.659068 0.752083 0
    outer loop
      vertex 49.711 15.646 2.4
      vertex 49.9471 15.8529 0
      vertex 49.711 15.646 0
    endloop
  endfacet
  facet normal 0.659068 0.752083 -0
    outer loop
      vertex 46.589 15.646 0
      vertex 46.3529 15.8529 2.4
      vertex 46.589 15.646 2.4
    endloop
  endfacet
  facet normal 0.659068 0.752083 0
    outer loop
      vertex 46.3529 15.8529 2.4
      vertex 46.589 15.646 0
      vertex 46.3529 15.8529 0
    endloop
  endfacet
  facet normal -0.195258 -0.980752 0
    outer loop
      vertex 48.5633 47.1295 0
      vertex 48.8712 47.0682 2.4
      vertex 48.5633 47.1295 2.4
    endloop
  endfacet
  facet normal -0.195258 -0.980752 -0
    outer loop
      vertex 48.8712 47.0682 2.4
      vertex 48.5633 47.1295 0
      vertex 48.8712 47.0682 0
    endloop
  endfacet
  facet normal 0.44211 -0.896961 0
    outer loop
      vertex 46.85 46.8285 0
      vertex 47.1316 46.9673 2.4
      vertex 46.85 46.8285 2.4
    endloop
  endfacet
  facet normal 0.44211 -0.896961 0
    outer loop
      vertex 47.1316 46.9673 2.4
      vertex 46.85 46.8285 0
      vertex 47.1316 46.9673 0
    endloop
  endfacet
  facet normal 0.752083 0.659068 0
    outer loop
      vertex 46.3529 15.8529 2.4
      vertex 46.146 16.089 0
      vertex 46.146 16.089 2.4
    endloop
  endfacet
  facet normal 0.752083 0.659068 0
    outer loop
      vertex 46.146 16.089 0
      vertex 46.3529 15.8529 2.4
      vertex 46.3529 15.8529 0
    endloop
  endfacet
  facet normal 0.980752 0.195258 0
    outer loop
      vertex 45.7318 16.9288 2.4
      vertex 45.6705 17.2367 0
      vertex 45.6705 17.2367 2.4
    endloop
  endfacet
  facet normal 0.980752 0.195258 0
    outer loop
      vertex 45.6705 17.2367 0
      vertex 45.7318 16.9288 2.4
      vertex 45.7318 16.9288 0
    endloop
  endfacet
  facet normal 0.44211 0.896961 -0
    outer loop
      vertex 47.1316 15.3327 0
      vertex 46.85 15.4715 2.4
      vertex 47.1316 15.3327 2.4
    endloop
  endfacet
  facet normal 0.44211 0.896961 0
    outer loop
      vertex 46.85 15.4715 2.4
      vertex 47.1316 15.3327 0
      vertex 46.85 15.4715 0
    endloop
  endfacet
  facet normal 0.32148 -0.946916 0
    outer loop
      vertex 47.1316 46.9673 0
      vertex 47.4288 47.0682 2.4
      vertex 47.1316 46.9673 2.4
    endloop
  endfacet
  facet normal 0.32148 -0.946916 0
    outer loop
      vertex 47.4288 47.0682 2.4
      vertex 47.1316 46.9673 0
      vertex 47.4288 47.0682 0
    endloop
  endfacet
  facet normal -0.896961 -0.44211 0
    outer loop
      vertex 50.4673 45.6684 0
      vertex 50.3285 45.95 2.4
      vertex 50.3285 45.95 0
    endloop
  endfacet
  facet normal -0.896961 -0.44211 0
    outer loop
      vertex 50.3285 45.95 2.4
      vertex 50.4673 45.6684 0
      vertex 50.4673 45.6684 2.4
    endloop
  endfacet
  facet normal -0.32148 -0.946916 0
    outer loop
      vertex 48.8712 47.0682 0
      vertex 49.1684 46.9673 2.4
      vertex 48.8712 47.0682 2.4
    endloop
  endfacet
  facet normal -0.32148 -0.946916 -0
    outer loop
      vertex 49.1684 46.9673 2.4
      vertex 48.8712 47.0682 0
      vertex 49.1684 46.9673 0
    endloop
  endfacet
  facet normal 0.896961 0.44211 0
    outer loop
      vertex 45.9715 16.35 2.4
      vertex 45.8327 16.6316 0
      vertex 45.8327 16.6316 2.4
    endloop
  endfacet
  facet normal 0.896961 0.44211 0
    outer loop
      vertex 45.8327 16.6316 0
      vertex 45.9715 16.35 2.4
      vertex 45.9715 16.35 0
    endloop
  endfacet
  facet normal -0.997866 -0.0652929 0
    outer loop
      vertex 50.65 44.75 0
      vertex 50.6295 45.0633 2.4
      vertex 50.6295 45.0633 0
    endloop
  endfacet
  facet normal -0.997866 -0.0652929 0
    outer loop
      vertex 50.6295 45.0633 2.4
      vertex 50.65 44.75 0
      vertex 50.65 44.75 2.4
    endloop
  endfacet
  facet normal -0.980752 -0.195258 0
    outer loop
      vertex 50.6295 45.0633 0
      vertex 50.5682 45.3712 2.4
      vertex 50.5682 45.3712 0
    endloop
  endfacet
  facet normal -0.980752 -0.195258 0
    outer loop
      vertex 50.5682 45.3712 2.4
      vertex 50.6295 45.0633 0
      vertex 50.6295 45.0633 2.4
    endloop
  endfacet
  facet normal 0.0652929 -0.997866 0
    outer loop
      vertex 47.7367 47.1295 0
      vertex 48.05 47.15 2.4
      vertex 47.7367 47.1295 2.4
    endloop
  endfacet
  facet normal 0.0652929 -0.997866 0
    outer loop
      vertex 48.05 47.15 2.4
      vertex 47.7367 47.1295 0
      vertex 48.05 47.15 0
    endloop
  endfacet
  facet normal -0.555802 0.831315 0
    outer loop
      vertex 49.711 15.646 0
      vertex 49.45 15.4715 2.4
      vertex 49.711 15.646 2.4
    endloop
  endfacet
  facet normal -0.555802 0.831315 0
    outer loop
      vertex 49.45 15.4715 2.4
      vertex 49.711 15.646 0
      vertex 49.45 15.4715 0
    endloop
  endfacet
  facet normal -0.659068 -0.752083 0
    outer loop
      vertex 49.711 46.654 0
      vertex 49.9471 46.4471 2.4
      vertex 49.711 46.654 2.4
    endloop
  endfacet
  facet normal -0.659068 -0.752083 -0
    outer loop
      vertex 49.9471 46.4471 2.4
      vertex 49.711 46.654 0
      vertex 49.9471 46.4471 0
    endloop
  endfacet
  facet normal -0.555802 -0.831315 0
    outer loop
      vertex 49.45 46.8285 0
      vertex 49.711 46.654 2.4
      vertex 49.45 46.8285 2.4
    endloop
  endfacet
  facet normal -0.555802 -0.831315 -0
    outer loop
      vertex 49.711 46.654 2.4
      vertex 49.45 46.8285 0
      vertex 49.711 46.654 0
    endloop
  endfacet
  facet normal -0.896961 0.44211 0
    outer loop
      vertex 50.3285 16.35 0
      vertex 50.4673 16.6316 2.4
      vertex 50.4673 16.6316 0
    endloop
  endfacet
  facet normal -0.896961 0.44211 0
    outer loop
      vertex 50.4673 16.6316 2.4
      vertex 50.3285 16.35 0
      vertex 50.3285 16.35 2.4
    endloop
  endfacet
  facet normal 0.752083 -0.659068 0
    outer loop
      vertex 46.146 46.211 2.4
      vertex 46.3529 46.4471 0
      vertex 46.3529 46.4471 2.4
    endloop
  endfacet
  facet normal 0.752083 -0.659068 0
    outer loop
      vertex 46.3529 46.4471 0
      vertex 46.146 46.211 2.4
      vertex 46.146 46.211 0
    endloop
  endfacet
  facet normal -0.0652929 -0.997866 0
    outer loop
      vertex 48.25 47.15 0
      vertex 48.5633 47.1295 2.4
      vertex 48.25 47.15 2.4
    endloop
  endfacet
  facet normal -0.0652929 -0.997866 -0
    outer loop
      vertex 48.5633 47.1295 2.4
      vertex 48.25 47.15 0
      vertex 48.5633 47.1295 0
    endloop
  endfacet
  facet normal 0 -1 0
    outer loop
      vertex 48.05 47.15 0
      vertex 48.25 47.15 2.4
      vertex 48.05 47.15 2.4
    endloop
  endfacet
  facet normal 0 -1 -0
    outer loop
      vertex 48.25 47.15 2.4
      vertex 48.05 47.15 0
      vertex 48.25 47.15 0
    endloop
  endfacet
  facet normal -0.44211 0.896961 0
    outer loop
      vertex 49.45 15.4715 0
      vertex 49.1684 15.3327 2.4
      vertex 49.45 15.4715 2.4
    endloop
  endfacet
  facet normal -0.44211 0.896961 0
    outer loop
      vertex 49.1684 15.3327 2.4
      vertex 49.45 15.4715 0
      vertex 49.1684 15.3327 0
    endloop
  endfacet
  facet normal 0.555802 -0.831315 0
    outer loop
      vertex 46.589 46.654 0
      vertex 46.85 46.8285 2.4
      vertex 46.589 46.654 2.4
    endloop
  endfacet
  facet normal 0.555802 -0.831315 0
    outer loop
      vertex 46.85 46.8285 2.4
      vertex 46.589 46.654 0
      vertex 46.85 46.8285 0
    endloop
  endfacet
  facet normal 0.659068 -0.752083 0
    outer loop
      vertex 46.3529 46.4471 0
      vertex 46.589 46.654 2.4
      vertex 46.3529 46.4471 2.4
    endloop
  endfacet
  facet normal 0.659068 -0.752083 0
    outer loop
      vertex 46.589 46.654 2.4
      vertex 46.3529 46.4471 0
      vertex 46.589 46.654 0
    endloop
  endfacet
  facet normal -0.831315 0.555802 0
    outer loop
      vertex 50.154 16.089 0
      vertex 50.3285 16.35 2.4
      vertex 50.3285 16.35 0
    endloop
  endfacet
  facet normal -0.831315 0.555802 0
    outer loop
      vertex 50.3285 16.35 2.4
      vertex 50.154 16.089 0
      vertex 50.154 16.089 2.4
    endloop
  endfacet
  facet normal -0.946916 0.32148 0
    outer loop
      vertex 50.4673 16.6316 0
      vertex 50.5682 16.9288 2.4
      vertex 50.5682 16.9288 0
    endloop
  endfacet
  facet normal -0.946916 0.32148 0
    outer loop
      vertex 50.5682 16.9288 2.4
      vertex 50.4673 16.6316 0
      vertex 50.4673 16.6316 2.4
    endloop
  endfacet
  facet normal 0.946916 -0.32148 0
    outer loop
      vertex 45.7318 45.3712 2.4
      vertex 45.8327 45.6684 0
      vertex 45.8327 45.6684 2.4
    endloop
  endfacet
  facet normal 0.946916 -0.32148 0
    outer loop
      vertex 45.8327 45.6684 0
      vertex 45.7318 45.3712 2.4
      vertex 45.7318 45.3712 0
    endloop
  endfacet
  facet normal 0.980752 -0.195258 0
    outer loop
      vertex 45.6705 45.0633 2.4
      vertex 45.7318 45.3712 0
      vertex 45.7318 45.3712 2.4
    endloop
  endfacet
  facet normal 0.980752 -0.195258 0
    outer loop
      vertex 45.7318 45.3712 0
      vertex 45.6705 45.0633 2.4
      vertex 45.6705 45.0633 0
    endloop
  endfacet
  facet normal 0.195258 -0.980752 0
    outer loop
      vertex 47.4288 47.0682 0
      vertex 47.7367 47.1295 2.4
      vertex 47.4288 47.0682 2.4
    endloop
  endfacet
  facet normal 0.195258 -0.980752 0
    outer loop
      vertex 47.7367 47.1295 2.4
      vertex 47.4288 47.0682 0
      vertex 47.7367 47.1295 0
    endloop
  endfacet
  facet normal -0.831315 -0.555802 0
    outer loop
      vertex 61.3285 45.95 0
      vertex 61.154 46.211 2.4
      vertex 61.154 46.211 0
    endloop
  endfacet
  facet normal -0.831315 -0.555802 0
    outer loop
      vertex 61.154 46.211 2.4
      vertex 61.3285 45.95 0
      vertex 61.3285 45.95 2.4
    endloop
  endfacet
  facet normal 0 1 -0
    outer loop
      vertex 59.25 15.15 0
      vertex 59.05 15.15 2.4
      vertex 59.25 15.15 2.4
    endloop
  endfacet
  facet normal 0 1 0
    outer loop
      vertex 59.05 15.15 2.4
      vertex 59.25 15.15 0
      vertex 59.05 15.15 0
    endloop
  endfacet
  facet normal 0.831315 -0.555802 0
    outer loop
      vertex 56.9715 45.95 2.4
      vertex 57.146 46.211 0
      vertex 57.146 46.211 2.4
    endloop
  endfacet
  facet normal 0.831315 -0.555802 0
    outer loop
      vertex 57.146 46.211 0
      vertex 56.9715 45.95 2.4
      vertex 56.9715 45.95 0
    endloop
  endfacet
  facet normal -0.946916 -0.32148 0
    outer loop
      vertex 61.5682 45.3712 0
      vertex 61.4673 45.6684 2.4
      vertex 61.4673 45.6684 0
    endloop
  endfacet
  facet normal -0.946916 -0.32148 0
    outer loop
      vertex 61.4673 45.6684 2.4
      vertex 61.5682 45.3712 0
      vertex 61.5682 45.3712 2.4
    endloop
  endfacet
  facet normal -0.980752 0.195258 0
    outer loop
      vertex 61.5682 16.9288 0
      vertex 61.6295 17.2367 2.4
      vertex 61.6295 17.2367 0
    endloop
  endfacet
  facet normal -0.980752 0.195258 0
    outer loop
      vertex 61.6295 17.2367 2.4
      vertex 61.5682 16.9288 0
      vertex 61.5682 16.9288 2.4
    endloop
  endfacet
  facet normal -0.195258 0.980752 0
    outer loop
      vertex 59.8712 15.2318 0
      vertex 59.5633 15.1705 2.4
      vertex 59.8712 15.2318 2.4
    endloop
  endfacet
  facet normal -0.195258 0.980752 0
    outer loop
      vertex 59.5633 15.1705 2.4
      vertex 59.8712 15.2318 0
      vertex 59.5633 15.1705 0
    endloop
  endfacet
  facet normal 0.32148 0.946916 -0
    outer loop
      vertex 58.4288 15.2318 0
      vertex 58.1316 15.3327 2.4
      vertex 58.4288 15.2318 2.4
    endloop
  endfacet
  facet normal 0.32148 0.946916 0
    outer loop
      vertex 58.1316 15.3327 2.4
      vertex 58.4288 15.2318 0
      vertex 58.1316 15.3327 0
    endloop
  endfacet
  facet normal 0.555802 0.831315 -0
    outer loop
      vertex 57.85 15.4715 0
      vertex 57.589 15.646 2.4
      vertex 57.85 15.4715 2.4
    endloop
  endfacet
  facet normal 0.555802 0.831315 0
    outer loop
      vertex 57.589 15.646 2.4
      vertex 57.85 15.4715 0
      vertex 57.589 15.646 0
    endloop
  endfacet
  facet normal 0.831315 0.555802 0
    outer loop
      vertex 57.146 16.089 2.4
      vertex 56.9715 16.35 0
      vertex 56.9715 16.35 2.4
    endloop
  endfacet
  facet normal 0.831315 0.555802 0
    outer loop
      vertex 56.9715 16.35 0
      vertex 57.146 16.089 2.4
      vertex 57.146 16.089 0
    endloop
  endfacet
  facet normal 0.997866 0.0652929 0
    outer loop
      vertex 56.6705 17.2367 2.4
      vertex 56.65 17.55 0
      vertex 56.65 17.55 2.4
    endloop
  endfacet
  facet normal 0.997866 0.0652929 0
    outer loop
      vertex 56.65 17.55 0
      vertex 56.6705 17.2367 2.4
      vertex 56.6705 17.2367 0
    endloop
  endfacet
  facet normal -0.997866 0.0652929 0
    outer loop
      vertex 61.6295 17.2367 0
      vertex 61.65 17.55 2.4
      vertex 61.65 17.55 0
    endloop
  endfacet
  facet normal -0.997866 0.0652929 0
    outer loop
      vertex 61.65 17.55 2.4
      vertex 61.6295 17.2367 0
      vertex 61.6295 17.2367 2.4
    endloop
  endfacet
  facet normal 0.195258 0.980752 -0
    outer loop
      vertex 58.7367 15.1705 0
      vertex 58.4288 15.2318 2.4
      vertex 58.7367 15.1705 2.4
    endloop
  endfacet
  facet normal 0.195258 0.980752 0
    outer loop
      vertex 58.4288 15.2318 2.4
      vertex 58.7367 15.1705 0
      vertex 58.4288 15.2318 0
    endloop
  endfacet
  facet normal 0.946916 0.32148 0
    outer loop
      vertex 56.8327 16.6316 2.4
      vertex 56.7318 16.9288 0
      vertex 56.7318 16.9288 2.4
    endloop
  endfacet
  facet normal 0.946916 0.32148 0
    outer loop
      vertex 56.7318 16.9288 0
      vertex 56.8327 16.6316 2.4
      vertex 56.8327 16.6316 0
    endloop
  endfacet
  facet normal 0.0652929 0.997866 -0
    outer loop
      vertex 59.05 15.15 0
      vertex 58.7367 15.1705 2.4
      vertex 59.05 15.15 2.4
    endloop
  endfacet
  facet normal 0.0652929 0.997866 0
    outer loop
      vertex 58.7367 15.1705 2.4
      vertex 59.05 15.15 0
      vertex 58.7367 15.1705 0
    endloop
  endfacet
  facet normal -0.752083 0.659068 0
    outer loop
      vertex 60.9471 15.8529 0
      vertex 61.154 16.089 2.4
      vertex 61.154 16.089 0
    endloop
  endfacet
  facet normal -0.752083 0.659068 0
    outer loop
      vertex 61.154 16.089 2.4
      vertex 60.9471 15.8529 0
      vertex 60.9471 15.8529 2.4
    endloop
  endfacet
  facet normal -0.44211 -0.896961 0
    outer loop
      vertex 60.1684 46.9673 0
      vertex 60.45 46.8285 2.4
      vertex 60.1684 46.9673 2.4
    endloop
  endfacet
  facet normal -0.44211 -0.896961 -0
    outer loop
      vertex 60.45 46.8285 2.4
      vertex 60.1684 46.9673 0
      vertex 60.45 46.8285 0
    endloop
  endfacet
  facet normal -0.0652929 0.997866 0
    outer loop
      vertex 59.5633 15.1705 0
      vertex 59.25 15.15 2.4
      vertex 59.5633 15.1705 2.4
    endloop
  endfacet
  facet normal -0.0652929 0.997866 0
    outer loop
      vertex 59.25 15.15 2.4
      vertex 59.5633 15.1705 0
      vertex 59.25 15.15 0
    endloop
  endfacet
  facet normal -0.32148 0.946916 0
    outer loop
      vertex 60.1684 15.3327 0
      vertex 59.8712 15.2318 2.4
      vertex 60.1684 15.3327 2.4
    endloop
  endfacet
  facet normal -0.32148 0.946916 0
    outer loop
      vertex 59.8712 15.2318 2.4
      vertex 60.1684 15.3327 0
      vertex 59.8712 15.2318 0
    endloop
  endfacet
  facet normal -1 0 0
    outer loop
      vertex 61.65 17.55 0
      vertex 61.65 44.75 2.4
      vertex 61.65 44.75 0
    endloop
  endfacet
  facet normal -1 -0 0
    outer loop
      vertex 61.65 44.75 2.4
      vertex 61.65 17.55 0
      vertex 61.65 17.55 2.4
    endloop
  endfacet
  facet normal -0.752083 -0.659068 0
    outer loop
      vertex 61.154 46.211 0
      vertex 60.9471 46.4471 2.4
      vertex 60.9471 46.4471 0
    endloop
  endfacet
  facet normal -0.752083 -0.659068 0
    outer loop
      vertex 60.9471 46.4471 2.4
      vertex 61.154 46.211 0
      vertex 61.154 46.211 2.4
    endloop
  endfacet
  facet normal -0.946916 0.32148 0
    outer loop
      vertex 61.4673 16.6316 0
      vertex 61.5682 16.9288 2.4
      vertex 61.5682 16.9288 0
    endloop
  endfacet
  facet normal -0.946916 0.32148 0
    outer loop
      vertex 61.5682 16.9288 2.4
      vertex 61.4673 16.6316 0
      vertex 61.4673 16.6316 2.4
    endloop
  endfacet
  facet normal 0.997866 -0.0652929 0
    outer loop
      vertex 56.65 44.75 2.4
      vertex 56.6705 45.0633 0
      vertex 56.6705 45.0633 2.4
    endloop
  endfacet
  facet normal 0.997866 -0.0652929 0
    outer loop
      vertex 56.6705 45.0633 0
      vertex 56.65 44.75 2.4
      vertex 56.65 44.75 0
    endloop
  endfacet
  facet normal 0.896961 -0.44211 0
    outer loop
      vertex 56.8327 45.6684 2.4
      vertex 56.9715 45.95 0
      vertex 56.9715 45.95 2.4
    endloop
  endfacet
  facet normal 0.896961 -0.44211 0
    outer loop
      vertex 56.9715 45.95 0
      vertex 56.8327 45.6684 2.4
      vertex 56.8327 45.6684 0
    endloop
  endfacet
  facet normal 1 -0 0
    outer loop
      vertex 56.65 17.55 2.4
      vertex 56.65 44.75 0
      vertex 56.65 44.75 2.4
    endloop
  endfacet
  facet normal 1 0 0
    outer loop
      vertex 56.65 44.75 0
      vertex 56.65 17.55 2.4
      vertex 56.65 17.55 0
    endloop
  endfacet
  facet normal -0.659068 0.752083 0
    outer loop
      vertex 60.9471 15.8529 0
      vertex 60.711 15.646 2.4
      vertex 60.9471 15.8529 2.4
    endloop
  endfacet
  facet normal -0.659068 0.752083 0
    outer loop
      vertex 60.711 15.646 2.4
      vertex 60.9471 15.8529 0
      vertex 60.711 15.646 0
    endloop
  endfacet
  facet normal 0.659068 0.752083 -0
    outer loop
      vertex 57.589 15.646 0
      vertex 57.3529 15.8529 2.4
      vertex 57.589 15.646 2.4
    endloop
  endfacet
  facet normal 0.659068 0.752083 0
    outer loop
      vertex 57.3529 15.8529 2.4
      vertex 57.589 15.646 0
      vertex 57.3529 15.8529 0
    endloop
  endfacet
  facet normal -0.195258 -0.980752 0
    outer loop
      vertex 59.5633 47.1295 0
      vertex 59.8712 47.0682 2.4
      vertex 59.5633 47.1295 2.4
    endloop
  endfacet
  facet normal -0.195258 -0.980752 -0
    outer loop
      vertex 59.8712 47.0682 2.4
      vertex 59.5633 47.1295 0
      vertex 59.8712 47.0682 0
    endloop
  endfacet
  facet normal 0.44211 -0.896961 0
    outer loop
      vertex 57.85 46.8285 0
      vertex 58.1316 46.9673 2.4
      vertex 57.85 46.8285 2.4
    endloop
  endfacet
  facet normal 0.44211 -0.896961 0
    outer loop
      vertex 58.1316 46.9673 2.4
      vertex 57.85 46.8285 0
      vertex 58.1316 46.9673 0
    endloop
  endfacet
  facet normal 0.752083 0.659068 0
    outer loop
      vertex 57.3529 15.8529 2.4
      vertex 57.146 16.089 0
      vertex 57.146 16.089 2.4
    endloop
  endfacet
  facet normal 0.752083 0.659068 0
    outer loop
      vertex 57.146 16.089 0
      vertex 57.3529 15.8529 2.4
      vertex 57.3529 15.8529 0
    endloop
  endfacet
  facet normal 0.980752 0.195258 0
    outer loop
      vertex 56.7318 16.9288 2.4
      vertex 56.6705 17.2367 0
      vertex 56.6705 17.2367 2.4
    endloop
  endfacet
  facet normal 0.980752 0.195258 0
    outer loop
      vertex 56.6705 17.2367 0
      vertex 56.7318 16.9288 2.4
      vertex 56.7318 16.9288 0
    endloop
  endfacet
  facet normal 0.44211 0.896961 -0
    outer loop
      vertex 58.1316 15.3327 0
      vertex 57.85 15.4715 2.4
      vertex 58.1316 15.3327 2.4
    endloop
  endfacet
  facet normal 0.44211 0.896961 0
    outer loop
      vertex 57.85 15.4715 2.4
      vertex 58.1316 15.3327 0
      vertex 57.85 15.4715 0
    endloop
  endfacet
  facet normal 0.32148 -0.946916 0
    outer loop
      vertex 58.1316 46.9673 0
      vertex 58.4288 47.0682 2.4
      vertex 58.1316 46.9673 2.4
    endloop
  endfacet
  facet normal 0.32148 -0.946916 0
    outer loop
      vertex 58.4288 47.0682 2.4
      vertex 58.1316 46.9673 0
      vertex 58.4288 47.0682 0
    endloop
  endfacet
  facet normal -0.896961 -0.44211 0
    outer loop
      vertex 61.4673 45.6684 0
      vertex 61.3285 45.95 2.4
      vertex 61.3285 45.95 0
    endloop
  endfacet
  facet normal -0.896961 -0.44211 0
    outer loop
      vertex 61.3285 45.95 2.4
      vertex 61.4673 45.6684 0
      vertex 61.4673 45.6684 2.4
    endloop
  endfacet
  facet normal -0.32148 -0.946916 0
    outer loop
      vertex 59.8712 47.0682 0
      vertex 60.1684 46.9673 2.4
      vertex 59.8712 47.0682 2.4
    endloop
  endfacet
  facet normal -0.32148 -0.946916 -0
    outer loop
      vertex 60.1684 46.9673 2.4
      vertex 59.8712 47.0682 0
      vertex 60.1684 46.9673 0
    endloop
  endfacet
  facet normal 0.896961 0.44211 0
    outer loop
      vertex 56.9715 16.35 2.4
      vertex 56.8327 16.6316 0
      vertex 56.8327 16.6316 2.4
    endloop
  endfacet
  facet normal 0.896961 0.44211 0
    outer loop
      vertex 56.8327 16.6316 0
      vertex 56.9715 16.35 2.4
      vertex 56.9715 16.35 0
    endloop
  endfacet
  facet normal -0.997866 -0.0652929 0
    outer loop
      vertex 61.65 44.75 0
      vertex 61.6295 45.0633 2.4
      vertex 61.6295 45.0633 0
    endloop
  endfacet
  facet normal -0.997866 -0.0652929 0
    outer loop
      vertex 61.6295 45.0633 2.4
      vertex 61.65 44.75 0
      vertex 61.65 44.75 2.4
    endloop
  endfacet
  facet normal -0.980752 -0.195258 0
    outer loop
      vertex 61.6295 45.0633 0
      vertex 61.5682 45.3712 2.4
      vertex 61.5682 45.3712 0
    endloop
  endfacet
  facet normal -0.980752 -0.195258 0
    outer loop
      vertex 61.5682 45.3712 2.4
      vertex 61.6295 45.0633 0
      vertex 61.6295 45.0633 2.4
    endloop
  endfacet
  facet normal 0.0652929 -0.997866 0
    outer loop
      vertex 58.7367 47.1295 0
      vertex 59.05 47.15 2.4
      vertex 58.7367 47.1295 2.4
    endloop
  endfacet
  facet normal 0.0652929 -0.997866 0
    outer loop
      vertex 59.05 47.15 2.4
      vertex 58.7367 47.1295 0
      vertex 59.05 47.15 0
    endloop
  endfacet
  facet normal -0.555802 0.831315 0
    outer loop
      vertex 60.711 15.646 0
      vertex 60.45 15.4715 2.4
      vertex 60.711 15.646 2.4
    endloop
  endfacet
  facet normal -0.555802 0.831315 0
    outer loop
      vertex 60.45 15.4715 2.4
      vertex 60.711 15.646 0
      vertex 60.45 15.4715 0
    endloop
  endfacet
  facet normal -0.659068 -0.752083 0
    outer loop
      vertex 60.711 46.654 0
      vertex 60.9471 46.4471 2.4
      vertex 60.711 46.654 2.4
    endloop
  endfacet
  facet normal -0.659068 -0.752083 -0
    outer loop
      vertex 60.9471 46.4471 2.4
      vertex 60.711 46.654 0
      vertex 60.9471 46.4471 0
    endloop
  endfacet
  facet normal -0.555802 -0.831315 0
    outer loop
      vertex 60.45 46.8285 0
      vertex 60.711 46.654 2.4
      vertex 60.45 46.8285 2.4
    endloop
  endfacet
  facet normal -0.555802 -0.831315 -0
    outer loop
      vertex 60.711 46.654 2.4
      vertex 60.45 46.8285 0
      vertex 60.711 46.654 0
    endloop
  endfacet
  facet normal -0.896961 0.44211 0
    outer loop
      vertex 61.3285 16.35 0
      vertex 61.4673 16.6316 2.4
      vertex 61.4673 16.6316 0
    endloop
  endfacet
  facet normal -0.896961 0.44211 0
    outer loop
      vertex 61.4673 16.6316 2.4
      vertex 61.3285 16.35 0
      vertex 61.3285 16.35 2.4
    endloop
  endfacet
  facet normal 0.752083 -0.659068 0
    outer loop
      vertex 57.146 46.211 2.4
      vertex 57.3529 46.4471 0
      vertex 57.3529 46.4471 2.4
    endloop
  endfacet
  facet normal 0.752083 -0.659068 0
    outer loop
      vertex 57.3529 46.4471 0
      vertex 57.146 46.211 2.4
      vertex 57.146 46.211 0
    endloop
  endfacet
  facet normal -0.0652929 -0.997866 0
    outer loop
      vertex 59.25 47.15 0
      vertex 59.5633 47.1295 2.4
      vertex 59.25 47.15 2.4
    endloop
  endfacet
  facet normal -0.0652929 -0.997866 -0
    outer loop
      vertex 59.5633 47.1295 2.4
      vertex 59.25 47.15 0
      vertex 59.5633 47.1295 0
    endloop
  endfacet
  facet normal 0 -1 0
    outer loop
      vertex 59.05 47.15 0
      vertex 59.25 47.15 2.4
      vertex 59.05 47.15 2.4
    endloop
  endfacet
  facet normal 0 -1 -0
    outer loop
      vertex 59.25 47.15 2.4
      vertex 59.05 47.15 0
      vertex 59.25 47.15 0
    endloop
  endfacet
  facet normal -0.44211 0.896961 0
    outer loop
      vertex 60.45 15.4715 0
      vertex 60.1684 15.3327 2.4
      vertex 60.45 15.4715 2.4
    endloop
  endfacet
  facet normal -0.44211 0.896961 0
    outer loop
      vertex 60.1684 15.3327 2.4
      vertex 60.45 15.4715 0
      vertex 60.1684 15.3327 0
    endloop
  endfacet
  facet normal 0.659068 -0.752083 0
    outer loop
      vertex 57.3529 46.4471 0
      vertex 57.589 46.654 2.4
      vertex 57.3529 46.4471 2.4
    endloop
  endfacet
  facet normal 0.659068 -0.752083 0
    outer loop
      vertex 57.589 46.654 2.4
      vertex 57.3529 46.4471 0
      vertex 57.589 46.654 0
    endloop
  endfacet
  facet normal -0.831315 0.555802 0
    outer loop
      vertex 61.154 16.089 0
      vertex 61.3285 16.35 2.4
      vertex 61.3285 16.35 0
    endloop
  endfacet
  facet normal -0.831315 0.555802 0
    outer loop
      vertex 61.3285 16.35 2.4
      vertex 61.154 16.089 0
      vertex 61.154 16.089 2.4
    endloop
  endfacet
  facet normal 0.946916 -0.32148 0
    outer loop
      vertex 56.7318 45.3712 2.4
      vertex 56.8327 45.6684 0
      vertex 56.8327 45.6684 2.4
    endloop
  endfacet
  facet normal 0.946916 -0.32148 0
    outer loop
      vertex 56.8327 45.6684 0
      vertex 56.7318 45.3712 2.4
      vertex 56.7318 45.3712 0
    endloop
  endfacet
  facet normal 0.555802 -0.831315 0
    outer loop
      vertex 57.589 46.654 0
      vertex 57.85 46.8285 2.4
      vertex 57.589 46.654 2.4
    endloop
  endfacet
  facet normal 0.555802 -0.831315 0
    outer loop
      vertex 57.85 46.8285 2.4
      vertex 57.589 46.654 0
      vertex 57.85 46.8285 0
    endloop
  endfacet
  facet normal 0.980752 -0.195258 0
    outer loop
      vertex 56.6705 45.0633 2.4
      vertex 56.7318 45.3712 0
      vertex 56.7318 45.3712 2.4
    endloop
  endfacet
  facet normal 0.980752 -0.195258 0
    outer loop
      vertex 56.7318 45.3712 0
      vertex 56.6705 45.0633 2.4
      vertex 56.6705 45.0633 0
    endloop
  endfacet
  facet normal 0.195258 -0.980752 0
    outer loop
      vertex 58.4288 47.0682 0
      vertex 58.7367 47.1295 2.4
      vertex 58.4288 47.0682 2.4
    endloop
  endfacet
  facet normal 0.195258 -0.980752 0
    outer loop
      vertex 58.7367 47.1295 2.4
      vertex 58.4288 47.0682 0
      vertex 58.7367 47.1295 0
    endloop
  endfacet
  facet normal -0.831315 -0.555802 0
    outer loop
      vertex 72.3285 45.95 0
      vertex 72.154 46.211 2.4
      vertex 72.154 46.211 0
    endloop
  endfacet
  facet normal -0.831315 -0.555802 0
    outer loop
      vertex 72.154 46.211 2.4
      vertex 72.3285 45.95 0
      vertex 72.3285 45.95 2.4
    endloop
  endfacet
  facet normal 0 1 -0
    outer loop
      vertex 70.25 15.15 0
      vertex 70.05 15.15 2.4
      vertex 70.25 15.15 2.4
    endloop
  endfacet
  facet normal 0 1 0
    outer loop
      vertex 70.05 15.15 2.4
      vertex 70.25 15.15 0
      vertex 70.05 15.15 0
    endloop
  endfacet
  facet normal 0.831315 -0.555802 0
    outer loop
      vertex 67.9715 45.95 2.4
      vertex 68.146 46.211 0
      vertex 68.146 46.211 2.4
    endloop
  endfacet
  facet normal 0.831315 -0.555802 0
    outer loop
      vertex 68.146 46.211 0
      vertex 67.9715 45.95 2.4
      vertex 67.9715 45.95 0
    endloop
  endfacet
  facet normal -0.946916 -0.32148 0
    outer loop
      vertex 72.5682 45.3712 0
      vertex 72.4673 45.6684 2.4
      vertex 72.4673 45.6684 0
    endloop
  endfacet
  facet normal -0.946916 -0.32148 0
    outer loop
      vertex 72.4673 45.6684 2.4
      vertex 72.5682 45.3712 0
      vertex 72.5682 45.3712 2.4
    endloop
  endfacet
  facet normal -0.980752 0.195258 0
    outer loop
      vertex 72.5682 16.9288 0
      vertex 72.6295 17.2367 2.4
      vertex 72.6295 17.2367 0
    endloop
  endfacet
  facet normal -0.980752 0.195258 0
    outer loop
      vertex 72.6295 17.2367 2.4
      vertex 72.5682 16.9288 0
      vertex 72.5682 16.9288 2.4
    endloop
  endfacet
  facet normal -0.195258 0.980752 0
    outer loop
      vertex 70.8712 15.2318 0
      vertex 70.5633 15.1705 2.4
      vertex 70.8712 15.2318 2.4
    endloop
  endfacet
  facet normal -0.195258 0.980752 0
    outer loop
      vertex 70.5633 15.1705 2.4
      vertex 70.8712 15.2318 0
      vertex 70.5633 15.1705 0
    endloop
  endfacet
  facet normal 0.32148 0.946916 -0
    outer loop
      vertex 69.4288 15.2318 0
      vertex 69.1316 15.3327 2.4
      vertex 69.4288 15.2318 2.4
    endloop
  endfacet
  facet normal 0.32148 0.946916 0
    outer loop
      vertex 69.1316 15.3327 2.4
      vertex 69.4288 15.2318 0
      vertex 69.1316 15.3327 0
    endloop
  endfacet
  facet normal 0.555802 0.831315 -0
    outer loop
      vertex 68.85 15.4715 0
      vertex 68.589 15.646 2.4
      vertex 68.85 15.4715 2.4
    endloop
  endfacet
  facet normal 0.555802 0.831315 0
    outer loop
      vertex 68.589 15.646 2.4
      vertex 68.85 15.4715 0
      vertex 68.589 15.646 0
    endloop
  endfacet
  facet normal 0.831315 0.555802 0
    outer loop
      vertex 68.146 16.089 2.4
      vertex 67.9715 16.35 0
      vertex 67.9715 16.35 2.4
    endloop
  endfacet
  facet normal 0.831315 0.555802 0
    outer loop
      vertex 67.9715 16.35 0
      vertex 68.146 16.089 2.4
      vertex 68.146 16.089 0
    endloop
  endfacet
  facet normal 0.997866 0.0652929 0
    outer loop
      vertex 67.6705 17.2367 2.4
      vertex 67.65 17.55 0
      vertex 67.65 17.55 2.4
    endloop
  endfacet
  facet normal 0.997866 0.0652929 0
    outer loop
      vertex 67.65 17.55 0
      vertex 67.6705 17.2367 2.4
      vertex 67.6705 17.2367 0
    endloop
  endfacet
  facet normal -0.997866 0.0652929 0
    outer loop
      vertex 72.6295 17.2367 0
      vertex 72.65 17.55 2.4
      vertex 72.65 17.55 0
    endloop
  endfacet
  facet normal -0.997866 0.0652929 0
    outer loop
      vertex 72.65 17.55 2.4
      vertex 72.6295 17.2367 0
      vertex 72.6295 17.2367 2.4
    endloop
  endfacet
  facet normal 0.195258 0.980752 -0
    outer loop
      vertex 69.7367 15.1705 0
      vertex 69.4288 15.2318 2.4
      vertex 69.7367 15.1705 2.4
    endloop
  endfacet
  facet normal 0.195258 0.980752 0
    outer loop
      vertex 69.4288 15.2318 2.4
      vertex 69.7367 15.1705 0
      vertex 69.4288 15.2318 0
    endloop
  endfacet
  facet normal 0.946916 0.32148 0
    outer loop
      vertex 67.8327 16.6316 2.4
      vertex 67.7318 16.9288 0
      vertex 67.7318 16.9288 2.4
    endloop
  endfacet
  facet normal 0.946916 0.32148 0
    outer loop
      vertex 67.7318 16.9288 0
      vertex 67.8327 16.6316 2.4
      vertex 67.8327 16.6316 0
    endloop
  endfacet
  facet normal 0.0652929 0.997866 -0
    outer loop
      vertex 70.05 15.15 0
      vertex 69.7367 15.1705 2.4
      vertex 70.05 15.15 2.4
    endloop
  endfacet
  facet normal 0.0652929 0.997866 0
    outer loop
      vertex 69.7367 15.1705 2.4
      vertex 70.05 15.15 0
      vertex 69.7367 15.1705 0
    endloop
  endfacet
  facet normal -0.752083 0.659068 0
    outer loop
      vertex 71.9471 15.8529 0
      vertex 72.154 16.089 2.4
      vertex 72.154 16.089 0
    endloop
  endfacet
  facet normal -0.752083 0.659068 0
    outer loop
      vertex 72.154 16.089 2.4
      vertex 71.9471 15.8529 0
      vertex 71.9471 15.8529 2.4
    endloop
  endfacet
  facet normal -0.44211 -0.896961 0
    outer loop
      vertex 71.1684 46.9673 0
      vertex 71.45 46.8285 2.4
      vertex 71.1684 46.9673 2.4
    endloop
  endfacet
  facet normal -0.44211 -0.896961 -0
    outer loop
      vertex 71.45 46.8285 2.4
      vertex 71.1684 46.9673 0
      vertex 71.45 46.8285 0
    endloop
  endfacet
  facet normal -0.0652929 0.997866 0
    outer loop
      vertex 70.5633 15.1705 0
      vertex 70.25 15.15 2.4
      vertex 70.5633 15.1705 2.4
    endloop
  endfacet
  facet normal -0.0652929 0.997866 0
    outer loop
      vertex 70.25 15.15 2.4
      vertex 70.5633 15.1705 0
      vertex 70.25 15.15 0
    endloop
  endfacet
  facet normal -0.32148 0.946916 0
    outer loop
      vertex 71.1684 15.3327 0
      vertex 70.8712 15.2318 2.4
      vertex 71.1684 15.3327 2.4
    endloop
  endfacet
  facet normal -0.32148 0.946916 0
    outer loop
      vertex 70.8712 15.2318 2.4
      vertex 71.1684 15.3327 0
      vertex 70.8712 15.2318 0
    endloop
  endfacet
  facet normal -1 0 0
    outer loop
      vertex 72.65 17.55 0
      vertex 72.65 44.75 2.4
      vertex 72.65 44.75 0
    endloop
  endfacet
  facet normal -1 -0 0
    outer loop
      vertex 72.65 44.75 2.4
      vertex 72.65 17.55 0
      vertex 72.65 17.55 2.4
    endloop
  endfacet
  facet normal -0.752083 -0.659068 0
    outer loop
      vertex 72.154 46.211 0
      vertex 71.9471 46.4471 2.4
      vertex 71.9471 46.4471 0
    endloop
  endfacet
  facet normal -0.752083 -0.659068 0
    outer loop
      vertex 71.9471 46.4471 2.4
      vertex 72.154 46.211 0
      vertex 72.154 46.211 2.4
    endloop
  endfacet
  facet normal 0.997866 -0.0652929 0
    outer loop
      vertex 67.65 44.75 2.4
      vertex 67.6705 45.0633 0
      vertex 67.6705 45.0633 2.4
    endloop
  endfacet
  facet normal 0.997866 -0.0652929 0
    outer loop
      vertex 67.6705 45.0633 0
      vertex 67.65 44.75 2.4
      vertex 67.65 44.75 0
    endloop
  endfacet
  facet normal 0.896961 -0.44211 0
    outer loop
      vertex 67.8327 45.6684 2.4
      vertex 67.9715 45.95 0
      vertex 67.9715 45.95 2.4
    endloop
  endfacet
  facet normal 0.896961 -0.44211 0
    outer loop
      vertex 67.9715 45.95 0
      vertex 67.8327 45.6684 2.4
      vertex 67.8327 45.6684 0
    endloop
  endfacet
  facet normal 0.980752 -0.195258 0
    outer loop
      vertex 67.6705 45.0633 2.4
      vertex 67.7318 45.3712 0
      vertex 67.7318 45.3712 2.4
    endloop
  endfacet
  facet normal 0.980752 -0.195258 0
    outer loop
      vertex 67.7318 45.3712 0
      vertex 67.6705 45.0633 2.4
      vertex 67.6705 45.0633 0
    endloop
  endfacet
  facet normal 1 -0 0
    outer loop
      vertex 67.65 17.55 2.4
      vertex 67.65 44.75 0
      vertex 67.65 44.75 2.4
    endloop
  endfacet
  facet normal 1 0 0
    outer loop
      vertex 67.65 44.75 0
      vertex 67.65 17.55 2.4
      vertex 67.65 17.55 0
    endloop
  endfacet
  facet normal -0.659068 0.752083 0
    outer loop
      vertex 71.9471 15.8529 0
      vertex 71.711 15.646 2.4
      vertex 71.9471 15.8529 2.4
    endloop
  endfacet
  facet normal -0.659068 0.752083 0
    outer loop
      vertex 71.711 15.646 2.4
      vertex 71.9471 15.8529 0
      vertex 71.711 15.646 0
    endloop
  endfacet
  facet normal 0.659068 0.752083 -0
    outer loop
      vertex 68.589 15.646 0
      vertex 68.3529 15.8529 2.4
      vertex 68.589 15.646 2.4
    endloop
  endfacet
  facet normal 0.659068 0.752083 0
    outer loop
      vertex 68.3529 15.8529 2.4
      vertex 68.589 15.646 0
      vertex 68.3529 15.8529 0
    endloop
  endfacet
  facet normal -0.195258 -0.980752 0
    outer loop
      vertex 70.5633 47.1295 0
      vertex 70.8712 47.0682 2.4
      vertex 70.5633 47.1295 2.4
    endloop
  endfacet
  facet normal -0.195258 -0.980752 -0
    outer loop
      vertex 70.8712 47.0682 2.4
      vertex 70.5633 47.1295 0
      vertex 70.8712 47.0682 0
    endloop
  endfacet
  facet normal 0.44211 -0.896961 0
    outer loop
      vertex 68.85 46.8285 0
      vertex 69.1316 46.9673 2.4
      vertex 68.85 46.8285 2.4
    endloop
  endfacet
  facet normal 0.44211 -0.896961 0
    outer loop
      vertex 69.1316 46.9673 2.4
      vertex 68.85 46.8285 0
      vertex 69.1316 46.9673 0
    endloop
  endfacet
  facet normal 0.752083 0.659068 0
    outer loop
      vertex 68.3529 15.8529 2.4
      vertex 68.146 16.089 0
      vertex 68.146 16.089 2.4
    endloop
  endfacet
  facet normal 0.752083 0.659068 0
    outer loop
      vertex 68.146 16.089 0
      vertex 68.3529 15.8529 2.4
      vertex 68.3529 15.8529 0
    endloop
  endfacet
  facet normal 0.980752 0.195258 0
    outer loop
      vertex 67.7318 16.9288 2.4
      vertex 67.6705 17.2367 0
      vertex 67.6705 17.2367 2.4
    endloop
  endfacet
  facet normal 0.980752 0.195258 0
    outer loop
      vertex 67.6705 17.2367 0
      vertex 67.7318 16.9288 2.4
      vertex 67.7318 16.9288 0
    endloop
  endfacet
  facet normal 0.44211 0.896961 -0
    outer loop
      vertex 69.1316 15.3327 0
      vertex 68.85 15.4715 2.4
      vertex 69.1316 15.3327 2.4
    endloop
  endfacet
  facet normal 0.44211 0.896961 0
    outer loop
      vertex 68.85 15.4715 2.4
      vertex 69.1316 15.3327 0
      vertex 68.85 15.4715 0
    endloop
  endfacet
  facet normal 0.32148 -0.946916 0
    outer loop
      vertex 69.1316 46.9673 0
      vertex 69.4288 47.0682 2.4
      vertex 69.1316 46.9673 2.4
    endloop
  endfacet
  facet normal 0.32148 -0.946916 0
    outer loop
      vertex 69.4288 47.0682 2.4
      vertex 69.1316 46.9673 0
      vertex 69.4288 47.0682 0
    endloop
  endfacet
  facet normal -0.896961 -0.44211 0
    outer loop
      vertex 72.4673 45.6684 0
      vertex 72.3285 45.95 2.4
      vertex 72.3285 45.95 0
    endloop
  endfacet
  facet normal -0.896961 -0.44211 0
    outer loop
      vertex 72.3285 45.95 2.4
      vertex 72.4673 45.6684 0
      vertex 72.4673 45.6684 2.4
    endloop
  endfacet
  facet normal -0.32148 -0.946916 0
    outer loop
      vertex 70.8712 47.0682 0
      vertex 71.1684 46.9673 2.4
      vertex 70.8712 47.0682 2.4
    endloop
  endfacet
  facet normal -0.32148 -0.946916 -0
    outer loop
      vertex 71.1684 46.9673 2.4
      vertex 70.8712 47.0682 0
      vertex 71.1684 46.9673 0
    endloop
  endfacet
  facet normal 0.896961 0.44211 0
    outer loop
      vertex 67.9715 16.35 2.4
      vertex 67.8327 16.6316 0
      vertex 67.8327 16.6316 2.4
    endloop
  endfacet
  facet normal 0.896961 0.44211 0
    outer loop
      vertex 67.8327 16.6316 0
      vertex 67.9715 16.35 2.4
      vertex 67.9715 16.35 0
    endloop
  endfacet
  facet normal -0.997866 -0.0652929 0
    outer loop
      vertex 72.65 44.75 0
      vertex 72.6295 45.0633 2.4
      vertex 72.6295 45.0633 0
    endloop
  endfacet
  facet normal -0.997866 -0.0652929 0
    outer loop
      vertex 72.6295 45.0633 2.4
      vertex 72.65 44.75 0
      vertex 72.65 44.75 2.4
    endloop
  endfacet
  facet normal -0.980752 -0.195258 0
    outer loop
      vertex 72.6295 45.0633 0
      vertex 72.5682 45.3712 2.4
      vertex 72.5682 45.3712 0
    endloop
  endfacet
  facet normal -0.980752 -0.195258 0
    outer loop
      vertex 72.5682 45.3712 2.4
      vertex 72.6295 45.0633 0
      vertex 72.6295 45.0633 2.4
    endloop
  endfacet
  facet normal 0.0652929 -0.997866 0
    outer loop
      vertex 69.7367 47.1295 0
      vertex 70.05 47.15 2.4
      vertex 69.7367 47.1295 2.4
    endloop
  endfacet
  facet normal 0.0652929 -0.997866 0
    outer loop
      vertex 70.05 47.15 2.4
      vertex 69.7367 47.1295 0
      vertex 70.05 47.15 0
    endloop
  endfacet
  facet normal -0.659068 -0.752083 0
    outer loop
      vertex 71.711 46.654 0
      vertex 71.9471 46.4471 2.4
      vertex 71.711 46.654 2.4
    endloop
  endfacet
  facet normal -0.659068 -0.752083 -0
    outer loop
      vertex 71.9471 46.4471 2.4
      vertex 71.711 46.654 0
      vertex 71.9471 46.4471 0
    endloop
  endfacet
  facet normal -0.555802 -0.831315 0
    outer loop
      vertex 71.45 46.8285 0
      vertex 71.711 46.654 2.4
      vertex 71.45 46.8285 2.4
    endloop
  endfacet
  facet normal -0.555802 -0.831315 -0
    outer loop
      vertex 71.711 46.654 2.4
      vertex 71.45 46.8285 0
      vertex 71.711 46.654 0
    endloop
  endfacet
  facet normal -0.896961 0.44211 0
    outer loop
      vertex 72.3285 16.35 0
      vertex 72.4673 16.6316 2.4
      vertex 72.4673 16.6316 0
    endloop
  endfacet
  facet normal -0.896961 0.44211 0
    outer loop
      vertex 72.4673 16.6316 2.4
      vertex 72.3285 16.35 0
      vertex 72.3285 16.35 2.4
    endloop
  endfacet
  facet normal 0.752083 -0.659068 0
    outer loop
      vertex 68.146 46.211 2.4
      vertex 68.3529 46.4471 0
      vertex 68.3529 46.4471 2.4
    endloop
  endfacet
  facet normal 0.752083 -0.659068 0
    outer loop
      vertex 68.3529 46.4471 0
      vertex 68.146 46.211 2.4
      vertex 68.146 46.211 0
    endloop
  endfacet
  facet normal -0.0652929 -0.997866 0
    outer loop
      vertex 70.25 47.15 0
      vertex 70.5633 47.1295 2.4
      vertex 70.25 47.15 2.4
    endloop
  endfacet
  facet normal -0.0652929 -0.997866 -0
    outer loop
      vertex 70.5633 47.1295 2.4
      vertex 70.25 47.15 0
      vertex 70.5633 47.1295 0
    endloop
  endfacet
  facet normal 0 -1 0
    outer loop
      vertex 70.05 47.15 0
      vertex 70.25 47.15 2.4
      vertex 70.05 47.15 2.4
    endloop
  endfacet
  facet normal 0 -1 -0
    outer loop
      vertex 70.25 47.15 2.4
      vertex 70.05 47.15 0
      vertex 70.25 47.15 0
    endloop
  endfacet
  facet normal -0.44211 0.896961 0
    outer loop
      vertex 71.45 15.4715 0
      vertex 71.1684 15.3327 2.4
      vertex 71.45 15.4715 2.4
    endloop
  endfacet
  facet normal -0.44211 0.896961 0
    outer loop
      vertex 71.1684 15.3327 2.4
      vertex 71.45 15.4715 0
      vertex 71.1684 15.3327 0
    endloop
  endfacet
  facet normal 0.555802 -0.831315 0
    outer loop
      vertex 68.589 46.654 0
      vertex 68.85 46.8285 2.4
      vertex 68.589 46.654 2.4
    endloop
  endfacet
  facet normal 0.555802 -0.831315 0
    outer loop
      vertex 68.85 46.8285 2.4
      vertex 68.589 46.654 0
      vertex 68.85 46.8285 0
    endloop
  endfacet
  facet normal 0.659068 -0.752083 0
    outer loop
      vertex 68.3529 46.4471 0
      vertex 68.589 46.654 2.4
      vertex 68.3529 46.4471 2.4
    endloop
  endfacet
  facet normal 0.659068 -0.752083 0
    outer loop
      vertex 68.589 46.654 2.4
      vertex 68.3529 46.4471 0
      vertex 68.589 46.654 0
    endloop
  endfacet
  facet normal -0.831315 0.555802 0
    outer loop
      vertex 72.154 16.089 0
      vertex 72.3285 16.35 2.4
      vertex 72.3285 16.35 0
    endloop
  endfacet
  facet normal -0.831315 0.555802 0
    outer loop
      vertex 72.3285 16.35 2.4
      vertex 72.154 16.089 0
      vertex 72.154 16.089 2.4
    endloop
  endfacet
  facet normal -0.555802 0.831315 0
    outer loop
      vertex 71.711 15.646 0
      vertex 71.45 15.4715 2.4
      vertex 71.711 15.646 2.4
    endloop
  endfacet
  facet normal -0.555802 0.831315 0
    outer loop
      vertex 71.45 15.4715 2.4
      vertex 71.711 15.646 0
      vertex 71.45 15.4715 0
    endloop
  endfacet
  facet normal -0.946916 0.32148 0
    outer loop
      vertex 72.4673 16.6316 0
      vertex 72.5682 16.9288 2.4
      vertex 72.5682 16.9288 0
    endloop
  endfacet
  facet normal -0.946916 0.32148 0
    outer loop
      vertex 72.5682 16.9288 2.4
      vertex 72.4673 16.6316 0
      vertex 72.4673 16.6316 2.4
    endloop
  endfacet
  facet normal 0.946916 -0.32148 0
    outer loop
      vertex 67.7318 45.3712 2.4
      vertex 67.8327 45.6684 0
      vertex 67.8327 45.6684 2.4
    endloop
  endfacet
  facet normal 0.946916 -0.32148 0
    outer loop
      vertex 67.8327 45.6684 0
      vertex 67.7318 45.3712 2.4
      vertex 67.7318 45.3712 0
    endloop
  endfacet
  facet normal 0.195258 -0.980752 0
    outer loop
      vertex 69.4288 47.0682 0
      vertex 69.7367 47.1295 2.4
      vertex 69.4288 47.0682 2.4
    endloop
  endfacet
  facet normal 0.195258 -0.980752 0
    outer loop
      vertex 69.7367 47.1295 2.4
      vertex 69.4288 47.0682 0
      vertex 69.7367 47.1295 0
    endloop
  endfacet
  facet normal -0.751827 0.65936 0
    outer loop
      vertex 0.723263 60.9307 0
      vertex 1.02513 61.2749 24.9
      vertex 1.02513 61.2749 0
    endloop
  endfacet
  facet normal -0.751827 0.65936 0
    outer loop
      vertex 1.02513 61.2749 24.9
      vertex 0.723263 60.9307 0
      vertex 0.723263 60.9307 24.9
    endloop
  endfacet
  facet normal 0.321335 0.946966 -0
    outer loop
      vertex 89.1394 62.0336 0
      vertex 88.7059 62.1807 24.9
      vertex 89.1394 62.0336 24.9
    endloop
  endfacet
  facet normal 0.321335 0.946966 0
    outer loop
      vertex 88.7059 62.1807 24.9
      vertex 89.1394 62.0336 0
      vertex 88.7059 62.1807 0
    endloop
  endfacet
  facet normal 0.659278 0.7519 -0
    outer loop
      vertex 90.2749 61.2749 0
      vertex 89.9307 61.5767 24.9
      vertex 90.2749 61.2749 24.9
    endloop
  endfacet
  facet normal 0.659278 0.7519 0
    outer loop
      vertex 89.9307 61.5767 24.9
      vertex 90.2749 61.2749 0
      vertex 89.9307 61.5767 0
    endloop
  endfacet
  facet normal -0.65936 -0.751827 0
    outer loop
      vertex 1.02513 1.02513 0
      vertex 1.36933 0.723263 24.9
      vertex 1.02513 1.02513 24.9
    endloop
  endfacet
  facet normal -0.65936 -0.751827 -0
    outer loop
      vertex 1.36933 0.723263 24.9
      vertex 1.02513 1.02513 0
      vertex 1.36933 0.723263 0
    endloop
  endfacet
  facet normal 0.831445 0.555607 0
    outer loop
      vertex 90.8311 60.55 24.9
      vertex 90.5767 60.9307 0
      vertex 90.5767 60.9307 24.9
    endloop
  endfacet
  facet normal 0.831445 0.555607 0
    outer loop
      vertex 90.5767 60.9307 0
      vertex 90.8311 60.55 24.9
      vertex 90.8311 60.55 0
    endloop
  endfacet
  facet normal -0.321322 0.94697 0
    outer loop
      vertex 2.59413 62.1807 0
      vertex 2.16061 62.0336 24.9
      vertex 2.59413 62.1807 24.9
    endloop
  endfacet
  facet normal -0.321322 0.94697 0
    outer loop
      vertex 2.16061 62.0336 24.9
      vertex 2.59413 62.1807 0
      vertex 2.16061 62.0336 0
    endloop
  endfacet
  facet normal 0.555607 0.831445 -0
    outer loop
      vertex 89.9307 61.5767 0
      vertex 89.55 61.8311 24.9
      vertex 89.9307 61.5767 24.9
    endloop
  endfacet
  facet normal 0.555607 0.831445 0
    outer loop
      vertex 89.55 61.8311 24.9
      vertex 89.9307 61.5767 0
      vertex 89.55 61.8311 0
    endloop
  endfacet
  facet normal 0.7519 0.659278 0
    outer loop
      vertex 90.5767 60.9307 24.9
      vertex 90.2749 61.2749 0
      vertex 90.2749 61.2749 24.9
    endloop
  endfacet
  facet normal 0.7519 0.659278 0
    outer loop
      vertex 90.2749 61.2749 0
      vertex 90.5767 60.9307 24.9
      vertex 90.5767 60.9307 0
    endloop
  endfacet
  facet normal -0.946929 -0.321443 0
    outer loop
      vertex 0.266421 2.16061 0
      vertex 0.119259 2.59413 24.9
      vertex 0.119259 2.59413 0
    endloop
  endfacet
  facet normal -0.946929 -0.321443 0
    outer loop
      vertex 0.119259 2.59413 24.9
      vertex 0.266421 2.16061 0
      vertex 0.266421 2.16061 24.9
    endloop
  endfacet
  facet normal -0.442286 -0.896874 0
    outer loop
      vertex 1.75 0.46891 0
      vertex 2.16061 0.266421 24.9
      vertex 1.75 0.46891 24.9
    endloop
  endfacet
  facet normal -0.442286 -0.896874 -0
    outer loop
      vertex 2.16061 0.266421 24.9
      vertex 1.75 0.46891 0
      vertex 2.16061 0.266421 0
    endloop
  endfacet
  facet normal -0.997859 -0.0654023 0
    outer loop
      vertex 0.0299425 3.04316 0
      vertex 0 3.5 24.9
      vertex 0 3.5 0
    endloop
  endfacet
  facet normal -0.997859 -0.0654023 0
    outer loop
      vertex 0 3.5 24.9
      vertex 0.0299425 3.04316 0
      vertex 0.0299425 3.04316 24.9
    endloop
  endfacet
  facet normal -0.0653099 0.997865 0
    outer loop
      vertex 3.5 62.3 0
      vertex 3.04316 62.2701 24.9
      vertex 3.5 62.3 24.9
    endloop
  endfacet
  facet normal -0.0653099 0.997865 0
    outer loop
      vertex 3.04316 62.2701 24.9
      vertex 3.5 62.3 0
      vertex 3.04316 62.2701 0
    endloop
  endfacet
  facet normal 1 0 0
    outer loop
      vertex 91.3 3.65 24.9
      vertex 91.3 3.5 24.9
      vertex 91.3 3.65 6.8
    endloop
  endfacet
  facet normal 1 0 0
    outer loop
      vertex 91.3 21.65 24.9
      vertex 91.3 20.65 24.9
      vertex 91.3 21.65 6.8
    endloop
  endfacet
  facet normal 1 0 0
    outer loop
      vertex 91.3 39.4 24.9
      vertex 91.3 38.65 24.9
      vertex 91.3 39.4 6.8
    endloop
  endfacet
  facet normal 1 0 0
    outer loop
      vertex 91.3 58.4 6.8
      vertex 91.3 58.8 24.9
      vertex 91.3 58.4 24.9
    endloop
  endfacet
  facet normal 1 0 0
    outer loop
      vertex 91.3 58.8 24.9
      vertex 91.3 58.4 6.8
      vertex 91.3 58.8 0
    endloop
  endfacet
  facet normal 1 -0 0
    outer loop
      vertex 91.3 39.4 6.8
      vertex 91.3 58.8 0
      vertex 91.3 58.4 6.8
    endloop
  endfacet
  facet normal 1 0 0
    outer loop
      vertex 91.3 38.65 6.8
      vertex 91.3 39.4 6.8
      vertex 91.3 38.65 24.9
    endloop
  endfacet
  facet normal 1 -0 0
    outer loop
      vertex 91.3 38.65 6.8
      vertex 91.3 58.8 0
      vertex 91.3 39.4 6.8
    endloop
  endfacet
  facet normal 1 0 0
    outer loop
      vertex 91.3 3.5 0
      vertex 91.3 38.65 6.8
      vertex 91.3 21.65 6.8
    endloop
  endfacet
  facet normal 1 0 0
    outer loop
      vertex 91.3 20.65 6.8
      vertex 91.3 21.65 6.8
      vertex 91.3 20.65 24.9
    endloop
  endfacet
  facet normal 1 0 0
    outer loop
      vertex 91.3 3.5 0
      vertex 91.3 21.65 6.8
      vertex 91.3 20.65 6.8
    endloop
  endfacet
  facet normal 1 0 0
    outer loop
      vertex 91.3 3.5 0
      vertex 91.3 20.65 6.8
      vertex 91.3 3.65 6.8
    endloop
  endfacet
  facet normal 1 0 0
    outer loop
      vertex 91.3 38.65 6.8
      vertex 91.3 3.5 0
      vertex 91.3 58.8 0
    endloop
  endfacet
  facet normal 1 0 0
    outer loop
      vertex 91.3 3.5 0
      vertex 91.3 3.65 6.8
      vertex 91.3 3.5 24.9
    endloop
  endfacet
  facet normal -1 0 0
    outer loop
      vertex 0 39.15 7.8
      vertex 0 58.8 0
      vertex 0 39.15 2.6
    endloop
  endfacet
  facet normal -1 0 0
    outer loop
      vertex 0 58.8 0
      vertex 0 23.15 2.6
      vertex 0 39.15 2.6
    endloop
  endfacet
  facet normal -1 -0 0
    outer loop
      vertex 0 23.15 2.6
      vertex 0 3.5 0
      vertex 0 23.15 7.8
    endloop
  endfacet
  facet normal -1 0 0
    outer loop
      vertex 0 3.5 0
      vertex 0 23.15 2.6
      vertex 0 58.8 0
    endloop
  endfacet
  facet normal -1 0 0
    outer loop
      vertex 0 58.8 0
      vertex 0 39.15 7.8
      vertex 0 58.8 24.9
    endloop
  endfacet
  facet normal -1 0 0
    outer loop
      vertex 0 23.15 7.8
      vertex 0 58.8 24.9
      vertex 0 39.15 7.8
    endloop
  endfacet
  facet normal -1 0 0
    outer loop
      vertex 0 3.5 24.9
      vertex 0 23.15 7.8
      vertex 0 3.5 0
    endloop
  endfacet
  facet normal -1 0 0
    outer loop
      vertex 0 23.15 7.8
      vertex 0 3.5 24.9
      vertex 0 58.8 24.9
    endloop
  endfacet
  facet normal -0.555566 -0.831472 0
    outer loop
      vertex 1.36933 0.723263 0
      vertex 1.75 0.46891 24.9
      vertex 1.36933 0.723263 24.9
    endloop
  endfacet
  facet normal -0.555566 -0.831472 -0
    outer loop
      vertex 1.75 0.46891 24.9
      vertex 1.36933 0.723263 0
      vertex 1.75 0.46891 0
    endloop
  endfacet
  facet normal -0.659278 0.7519 0
    outer loop
      vertex 1.36933 61.5767 0
      vertex 1.02513 61.2749 24.9
      vertex 1.36933 61.5767 24.9
    endloop
  endfacet
  facet normal -0.659278 0.7519 0
    outer loop
      vertex 1.02513 61.2749 24.9
      vertex 1.36933 61.5767 0
      vertex 1.02513 61.2749 0
    endloop
  endfacet
  facet normal -0.321443 -0.946929 0
    outer loop
      vertex 2.16061 0.266421 0
      vertex 2.59413 0.119259 24.9
      vertex 2.16061 0.266421 24.9
    endloop
  endfacet
  facet normal -0.321443 -0.946929 -0
    outer loop
      vertex 2.59413 0.119259 24.9
      vertex 2.16061 0.266421 0
      vertex 2.59413 0.119259 0
    endloop
  endfacet
  facet normal 0 1 -0
    outer loop
      vertex 87.8 62.3 0
      vertex 3.5 62.3 24.9
      vertex 87.8 62.3 24.9
    endloop
  endfacet
  facet normal 0 1 0
    outer loop
      vertex 3.5 62.3 24.9
      vertex 87.8 62.3 0
      vertex 3.5 62.3 0
    endloop
  endfacet
  facet normal -0.442305 0.896864 0
    outer loop
      vertex 2.16061 62.0336 0
      vertex 1.75 61.8311 24.9
      vertex 2.16061 62.0336 24.9
    endloop
  endfacet
  facet normal -0.442305 0.896864 0
    outer loop
      vertex 1.75 61.8311 24.9
      vertex 2.16061 62.0336 0
      vertex 1.75 61.8311 0
    endloop
  endfacet
  facet normal 0.94697 -0.321322 0
    outer loop
      vertex 91.0336 2.16061 24.9
      vertex 91.1807 2.59413 0
      vertex 91.1807 2.59413 24.9
    endloop
  endfacet
  facet normal 0.94697 -0.321322 0
    outer loop
      vertex 91.1807 2.59413 0
      vertex 91.0336 2.16061 24.9
      vertex 91.0336 2.16061 0
    endloop
  endfacet
  facet normal 0.980751 -0.195263 0
    outer loop
      vertex 91.1807 2.59413 24.9
      vertex 91.2701 3.04316 0
      vertex 91.2701 3.04316 24.9
    endloop
  endfacet
  facet normal 0.980751 -0.195263 0
    outer loop
      vertex 91.2701 3.04316 0
      vertex 91.1807 2.59413 24.9
      vertex 91.1807 2.59413 0
    endloop
  endfacet
  facet normal 0.896864 -0.442305 0
    outer loop
      vertex 90.8311 1.75 24.9
      vertex 91.0336 2.16061 0
      vertex 91.0336 2.16061 24.9
    endloop
  endfacet
  facet normal 0.896864 -0.442305 0
    outer loop
      vertex 91.0336 2.16061 0
      vertex 90.8311 1.75 24.9
      vertex 90.8311 1.75 0
    endloop
  endfacet
  facet normal -0.555637 0.831425 0
    outer loop
      vertex 1.75 61.8311 0
      vertex 1.36933 61.5767 24.9
      vertex 1.75 61.8311 24.9
    endloop
  endfacet
  facet normal -0.555637 0.831425 0
    outer loop
      vertex 1.36933 61.5767 24.9
      vertex 1.75 61.8311 0
      vertex 1.36933 61.5767 0
    endloop
  endfacet
  facet normal 0.946966 0.321335 0
    outer loop
      vertex 91.1807 59.7059 24.9
      vertex 91.0336 60.1394 0
      vertex 91.0336 60.1394 24.9
    endloop
  endfacet
  facet normal 0.946966 0.321335 0
    outer loop
      vertex 91.0336 60.1394 0
      vertex 91.1807 59.7059 24.9
      vertex 91.1807 59.7059 0
    endloop
  endfacet
  facet normal 0.7519 -0.659278 0
    outer loop
      vertex 90.2749 1.02513 24.9
      vertex 90.5767 1.36933 0
      vertex 90.5767 1.36933 24.9
    endloop
  endfacet
  facet normal 0.7519 -0.659278 0
    outer loop
      vertex 90.5767 1.36933 0
      vertex 90.2749 1.02513 24.9
      vertex 90.2749 1.02513 0
    endloop
  endfacet
  facet normal 0.980757 0.195234 0
    outer loop
      vertex 91.2701 59.2568 24.9
      vertex 91.1807 59.7059 0
      vertex 91.1807 59.7059 24.9
    endloop
  endfacet
  facet normal 0.980757 0.195234 0
    outer loop
      vertex 91.1807 59.7059 0
      vertex 91.2701 59.2568 24.9
      vertex 91.2701 59.2568 0
    endloop
  endfacet
  facet normal 0.65936 -0.751827 0
    outer loop
      vertex 89.9307 0.723263 0
      vertex 90.2749 1.02513 24.9
      vertex 89.9307 0.723263 24.9
    endloop
  endfacet
  facet normal 0.65936 -0.751827 0
    outer loop
      vertex 90.2749 1.02513 24.9
      vertex 89.9307 0.723263 0
      vertex 90.2749 1.02513 0
    endloop
  endfacet
  facet normal 0.442295 -0.89687 0
    outer loop
      vertex 89.1394 0.266421 0
      vertex 89.55 0.46891 24.9
      vertex 89.1394 0.266421 24.9
    endloop
  endfacet
  facet normal 0.442295 -0.89687 0
    outer loop
      vertex 89.55 0.46891 24.9
      vertex 89.1394 0.266421 0
      vertex 89.55 0.46891 0
    endloop
  endfacet
  facet normal 0.442314 0.89686 -0
    outer loop
      vertex 89.55 61.8311 0
      vertex 89.1394 62.0336 24.9
      vertex 89.55 61.8311 24.9
    endloop
  endfacet
  facet normal 0.442314 0.89686 0
    outer loop
      vertex 89.1394 62.0336 24.9
      vertex 89.55 61.8311 0
      vertex 89.1394 62.0336 0
    endloop
  endfacet
  facet normal -0.195263 0.980751 0
    outer loop
      vertex 3.04316 62.2701 0
      vertex 2.59413 62.1807 24.9
      vertex 3.04316 62.2701 24.9
    endloop
  endfacet
  facet normal -0.195263 0.980751 0
    outer loop
      vertex 2.59413 62.1807 24.9
      vertex 3.04316 62.2701 0
      vertex 2.59413 62.1807 0
    endloop
  endfacet
  facet normal 0.555536 -0.831492 0
    outer loop
      vertex 89.55 0.46891 0
      vertex 89.9307 0.723263 24.9
      vertex 89.55 0.46891 24.9
    endloop
  endfacet
  facet normal 0.555536 -0.831492 0
    outer loop
      vertex 89.9307 0.723263 24.9
      vertex 89.55 0.46891 0
      vertex 89.9307 0.723263 0
    endloop
  endfacet
  facet normal -0.89687 0.442295 0
    outer loop
      vertex 0.266421 60.1394 0
      vertex 0.46891 60.55 24.9
      vertex 0.46891 60.55 0
    endloop
  endfacet
  facet normal -0.89687 0.442295 0
    outer loop
      vertex 0.46891 60.55 24.9
      vertex 0.266421 60.1394 0
      vertex 0.266421 60.1394 24.9
    endloop
  endfacet
  facet normal 0.065408 -0.997859 0
    outer loop
      vertex 87.8 0 0
      vertex 88.2568 0.0299425 24.9
      vertex 87.8 0 24.9
    endloop
  endfacet
  facet normal 0.065408 -0.997859 0
    outer loop
      vertex 88.2568 0.0299425 24.9
      vertex 87.8 0 0
      vertex 88.2568 0.0299425 0
    endloop
  endfacet
  facet normal 0.0653156 0.997865 -0
    outer loop
      vertex 88.2568 62.2701 0
      vertex 87.8 62.3 24.9
      vertex 88.2568 62.2701 24.9
    endloop
  endfacet
  facet normal 0.0653156 0.997865 0
    outer loop
      vertex 87.8 62.3 24.9
      vertex 88.2568 62.2701 0
      vertex 87.8 62.3 0
    endloop
  endfacet
  facet normal 0 -1 0
    outer loop
      vertex 3.5 0 24.9
      vertex 7.85 0 6.8
      vertex 7.85 0 24.9
    endloop
  endfacet
  facet normal 0 -1 0
    outer loop
      vertex 3.5 0 0
      vertex 20.85 0 6.8
      vertex 7.85 0 6.8
    endloop
  endfacet
  facet normal 0 -1 -0
    outer loop
      vertex 20.85 0 6.8
      vertex 3.5 0 0
      vertex 23.15 0 6.8
    endloop
  endfacet
  facet normal 0 -1 -0
    outer loop
      vertex 23.15 0 6.8
      vertex 3.5 0 0
      vertex 35.15 0 6.8
    endloop
  endfacet
  facet normal 0 -1 -0
    outer loop
      vertex 35.15 0 6.8
      vertex 3.5 0 0
      vertex 36.65 0 6.8
    endloop
  endfacet
  facet normal 0 -1 -0
    outer loop
      vertex 36.65 0 6.8
      vertex 3.5 0 0
      vertex 48.65 0 6.8
    endloop
  endfacet
  facet normal 0 -1 0
    outer loop
      vertex 87.8 0 0
      vertex 48.65 0 6.8
      vertex 3.5 0 0
    endloop
  endfacet
  facet normal 0 -1 0
    outer loop
      vertex 48.65 0 6.8
      vertex 87.8 0 0
      vertex 52.15 0 6.8
    endloop
  endfacet
  facet normal 0 -1 0
    outer loop
      vertex 3.5 0 0
      vertex 7.85 0 6.8
      vertex 3.5 0 24.9
    endloop
  endfacet
  facet normal 0 -1 0
    outer loop
      vertex 20.85 0 6.8
      vertex 23.15 0 24.9
      vertex 20.85 0 24.9
    endloop
  endfacet
  facet normal 0 -1 -0
    outer loop
      vertex 23.15 0 24.9
      vertex 20.85 0 6.8
      vertex 23.15 0 6.8
    endloop
  endfacet
  facet normal 0 -1 0
    outer loop
      vertex 35.15 0 6.8
      vertex 36.65 0 24.9
      vertex 35.15 0 24.9
    endloop
  endfacet
  facet normal 0 -1 -0
    outer loop
      vertex 36.65 0 24.9
      vertex 35.15 0 6.8
      vertex 36.65 0 6.8
    endloop
  endfacet
  facet normal 0 -1 0
    outer loop
      vertex 48.65 0 6.8
      vertex 52.15 0 24.9
      vertex 48.65 0 24.9
    endloop
  endfacet
  facet normal 0 -1 -0
    outer loop
      vertex 52.15 0 24.9
      vertex 48.65 0 6.8
      vertex 52.15 0 6.8
    endloop
  endfacet
  facet normal 0 -1 0
    outer loop
      vertex 62.15 0 6.8
      vertex 87.8 0 24.9
      vertex 62.15 0 24.9
    endloop
  endfacet
  facet normal 0 -1 0
    outer loop
      vertex 62.15 0 6.8
      vertex 87.8 0 0
      vertex 87.8 0 24.9
    endloop
  endfacet
  facet normal 0 -1 0
    outer loop
      vertex 52.15 0 6.8
      vertex 87.8 0 0
      vertex 62.15 0 6.8
    endloop
  endfacet
  facet normal 0.89686 0.442314 0
    outer loop
      vertex 91.0336 60.1394 24.9
      vertex 90.8311 60.55 0
      vertex 90.8311 60.55 24.9
    endloop
  endfacet
  facet normal 0.89686 0.442314 0
    outer loop
      vertex 90.8311 60.55 0
      vertex 91.0336 60.1394 24.9
      vertex 91.0336 60.1394 0
    endloop
  endfacet
  facet normal 0.195234 0.980757 -0
    outer loop
      vertex 88.7059 62.1807 0
      vertex 88.2568 62.2701 24.9
      vertex 88.7059 62.1807 24.9
    endloop
  endfacet
  facet normal 0.195234 0.980757 0
    outer loop
      vertex 88.2568 62.2701 24.9
      vertex 88.7059 62.1807 0
      vertex 88.2568 62.2701 0
    endloop
  endfacet
  facet normal -0.0654023 -0.997859 0
    outer loop
      vertex 3.04316 0.0299425 0
      vertex 3.5 0 24.9
      vertex 3.04316 0.0299425 24.9
    endloop
  endfacet
  facet normal -0.0654023 -0.997859 -0
    outer loop
      vertex 3.5 0 24.9
      vertex 3.04316 0.0299425 0
      vertex 3.5 0 0
    endloop
  endfacet
  facet normal 0.321456 -0.946924 0
    outer loop
      vertex 88.7059 0.119259 0
      vertex 89.1394 0.266421 24.9
      vertex 88.7059 0.119259 24.9
    endloop
  endfacet
  facet normal 0.321456 -0.946924 0
    outer loop
      vertex 89.1394 0.266421 24.9
      vertex 88.7059 0.119259 0
      vertex 89.1394 0.266421 0
    endloop
  endfacet
  facet normal -0.831492 0.555536 0
    outer loop
      vertex 0.46891 60.55 0
      vertex 0.723263 60.9307 24.9
      vertex 0.723263 60.9307 0
    endloop
  endfacet
  facet normal -0.831492 0.555536 0
    outer loop
      vertex 0.723263 60.9307 24.9
      vertex 0.46891 60.55 0
      vertex 0.46891 60.55 24.9
    endloop
  endfacet
  facet normal 0.997865 0.0653156 0
    outer loop
      vertex 91.3 58.8 24.9
      vertex 91.2701 59.2568 0
      vertex 91.2701 59.2568 24.9
    endloop
  endfacet
  facet normal 0.997865 0.0653156 0
    outer loop
      vertex 91.2701 59.2568 0
      vertex 91.3 58.8 24.9
      vertex 91.3 58.8 0
    endloop
  endfacet
  facet normal -0.195088 -0.980786 0
    outer loop
      vertex 2.59413 0.119259 0
      vertex 3.04316 0.0299425 24.9
      vertex 2.59413 0.119259 24.9
    endloop
  endfacet
  facet normal -0.195088 -0.980786 -0
    outer loop
      vertex 3.04316 0.0299425 24.9
      vertex 2.59413 0.119259 0
      vertex 3.04316 0.0299425 0
    endloop
  endfacet
  facet normal -0.980786 -0.195088 0
    outer loop
      vertex 0.119259 2.59413 0
      vertex 0.0299425 3.04316 24.9
      vertex 0.0299425 3.04316 0
    endloop
  endfacet
  facet normal -0.980786 -0.195088 0
    outer loop
      vertex 0.0299425 3.04316 24.9
      vertex 0.119259 2.59413 0
      vertex 0.119259 2.59413 24.9
    endloop
  endfacet
  facet normal 0 0 -1
    outer loop
      vertex 87.8 0 0
      vertex 91.3 3.5 0
      vertex 91.2701 3.04316 0
    endloop
  endfacet
  facet normal 0 0 -1
    outer loop
      vertex 91.3 3.5 0
      vertex 72.65 17.55 0
      vertex 91.3 58.8 0
    endloop
  endfacet
  facet normal 0 0 -1
    outer loop
      vertex 87.8 0 0
      vertex 91.2701 3.04316 0
      vertex 91.1807 2.59413 0
    endloop
  endfacet
  facet normal 0 0 -1
    outer loop
      vertex 72.65 44.75 0
      vertex 91.3 58.8 0
      vertex 72.65 17.55 0
    endloop
  endfacet
  facet normal 0 0 -1
    outer loop
      vertex 87.8 0 0
      vertex 91.1807 2.59413 0
      vertex 91.0336 2.16061 0
    endloop
  endfacet
  facet normal 0 0 -1
    outer loop
      vertex 72.6295 45.0633 0
      vertex 91.3 58.8 0
      vertex 72.65 44.75 0
    endloop
  endfacet
  facet normal 0 0 -1
    outer loop
      vertex 87.8 0 0
      vertex 91.0336 2.16061 0
      vertex 90.8311 1.75 0
    endloop
  endfacet
  facet normal 0 0 -1
    outer loop
      vertex 72.5682 45.3712 0
      vertex 91.3 58.8 0
      vertex 72.6295 45.0633 0
    endloop
  endfacet
  facet normal 0 0 -1
    outer loop
      vertex 87.8 0 0
      vertex 90.8311 1.75 0
      vertex 90.5767 1.36933 0
    endloop
  endfacet
  facet normal 0 0 -1
    outer loop
      vertex 72.4673 45.6684 0
      vertex 91.3 58.8 0
      vertex 72.5682 45.3712 0
    endloop
  endfacet
  facet normal 0 0 -1
    outer loop
      vertex 87.8 0 0
      vertex 90.5767 1.36933 0
      vertex 90.2749 1.02513 0
    endloop
  endfacet
  facet normal 0 0 -1
    outer loop
      vertex 72.3285 45.95 0
      vertex 91.3 58.8 0
      vertex 72.4673 45.6684 0
    endloop
  endfacet
  facet normal 0 0 -1
    outer loop
      vertex 87.8 0 0
      vertex 90.2749 1.02513 0
      vertex 89.9307 0.723263 0
    endloop
  endfacet
  facet normal 0 0 -1
    outer loop
      vertex 72.154 46.211 0
      vertex 91.3 58.8 0
      vertex 72.3285 45.95 0
    endloop
  endfacet
  facet normal 0 0 -1
    outer loop
      vertex 87.8 0 0
      vertex 89.9307 0.723263 0
      vertex 89.55 0.46891 0
    endloop
  endfacet
  facet normal 0 0 -1
    outer loop
      vertex 91.3 58.8 0
      vertex 87.8 62.3 0
      vertex 91.2701 59.2568 0
    endloop
  endfacet
  facet normal 0 0 -1
    outer loop
      vertex 87.8 0 0
      vertex 89.55 0.46891 0
      vertex 89.1394 0.266421 0
    endloop
  endfacet
  facet normal 0 0 -1
    outer loop
      vertex 91.2701 59.2568 0
      vertex 87.8 62.3 0
      vertex 91.1807 59.7059 0
    endloop
  endfacet
  facet normal 0 0 -1
    outer loop
      vertex 87.8 0 0
      vertex 89.1394 0.266421 0
      vertex 88.7059 0.119259 0
    endloop
  endfacet
  facet normal 0 0 -1
    outer loop
      vertex 91.0336 60.1394 0
      vertex 87.8 62.3 0
      vertex 90.8311 60.55 0
    endloop
  endfacet
  facet normal 0 0 -1
    outer loop
      vertex 87.8 0 0
      vertex 88.7059 0.119259 0
      vertex 88.2568 0.0299425 0
    endloop
  endfacet
  facet normal 0 0 -1
    outer loop
      vertex 90.8311 60.55 0
      vertex 87.8 62.3 0
      vertex 90.5767 60.9307 0
    endloop
  endfacet
  facet normal 0 0 -1
    outer loop
      vertex 72.154 16.089 0
      vertex 91.3 3.5 0
      vertex 87.8 0 0
    endloop
  endfacet
  facet normal 0 0 -1
    outer loop
      vertex 90.2749 61.2749 0
      vertex 87.8 62.3 0
      vertex 89.9307 61.5767 0
    endloop
  endfacet
  facet normal 0 0 -1
    outer loop
      vertex 89.9307 61.5767 0
      vertex 87.8 62.3 0
      vertex 89.55 61.8311 0
    endloop
  endfacet
  facet normal 0 0 -1
    outer loop
      vertex 91.3 3.5 0
      vertex 72.6295 17.2367 0
      vertex 72.65 17.55 0
    endloop
  endfacet
  facet normal 0 0 -1
    outer loop
      vertex 91.3 3.5 0
      vertex 72.5682 16.9288 0
      vertex 72.6295 17.2367 0
    endloop
  endfacet
  facet normal 0 0 -1
    outer loop
      vertex 91.3 3.5 0
      vertex 72.4673 16.6316 0
      vertex 72.5682 16.9288 0
    endloop
  endfacet
  facet normal 0 0 -1
    outer loop
      vertex 91.3 3.5 0
      vertex 72.3285 16.35 0
      vertex 72.4673 16.6316 0
    endloop
  endfacet
  facet normal 0 0 -1
    outer loop
      vertex 91.3 3.5 0
      vertex 72.154 16.089 0
      vertex 72.3285 16.35 0
    endloop
  endfacet
  facet normal 0 0 -1
    outer loop
      vertex 87.8 0 0
      vertex 71.9471 15.8529 0
      vertex 72.154 16.089 0
    endloop
  endfacet
  facet normal 0 0 -1
    outer loop
      vertex 87.8 0 0
      vertex 71.711 15.646 0
      vertex 71.9471 15.8529 0
    endloop
  endfacet
  facet normal 0 0 -1
    outer loop
      vertex 87.8 0 0
      vertex 71.45 15.4715 0
      vertex 71.711 15.646 0
    endloop
  endfacet
  facet normal 0 0 -1
    outer loop
      vertex 87.8 0 0
      vertex 71.1684 15.3327 0
      vertex 71.45 15.4715 0
    endloop
  endfacet
  facet normal 0 0 -1
    outer loop
      vertex 87.8 0 0
      vertex 70.8712 15.2318 0
      vertex 71.1684 15.3327 0
    endloop
  endfacet
  facet normal 0 0 -1
    outer loop
      vertex 87.8 0 0
      vertex 70.5633 15.1705 0
      vertex 70.8712 15.2318 0
    endloop
  endfacet
  facet normal 0 0 -1
    outer loop
      vertex 87.8 0 0
      vertex 70.25 15.15 0
      vertex 70.5633 15.1705 0
    endloop
  endfacet
  facet normal 0 0 -1
    outer loop
      vertex 87.8 0 0
      vertex 70.05 15.15 0
      vertex 70.25 15.15 0
    endloop
  endfacet
  facet normal 0 0 -1
    outer loop
      vertex 87.8 0 0
      vertex 69.7367 15.1705 0
      vertex 70.05 15.15 0
    endloop
  endfacet
  facet normal 0 0 -1
    outer loop
      vertex 87.8 0 0
      vertex 69.4288 15.2318 0
      vertex 69.7367 15.1705 0
    endloop
  endfacet
  facet normal 0 0 -1
    outer loop
      vertex 59.8712 15.2318 0
      vertex 69.4288 15.2318 0
      vertex 87.8 0 0
    endloop
  endfacet
  facet normal 0 0 -1
    outer loop
      vertex 69.4288 15.2318 0
      vertex 59.8712 15.2318 0
      vertex 69.1316 15.3327 0
    endloop
  endfacet
  facet normal 0 -0 -1
    outer loop
      vertex 60.1684 15.3327 0
      vertex 69.1316 15.3327 0
      vertex 59.8712 15.2318 0
    endloop
  endfacet
  facet normal 0 0 -1
    outer loop
      vertex 67.65 17.55 0
      vertex 61.65 17.55 0
      vertex 67.65 44.75 0
    endloop
  endfacet
  facet normal 0 0 -1
    outer loop
      vertex 67.6705 17.2367 0
      vertex 61.65 17.55 0
      vertex 67.65 17.55 0
    endloop
  endfacet
  facet normal 0 0 -1
    outer loop
      vertex 61.6295 17.2367 0
      vertex 67.6705 17.2367 0
      vertex 67.7318 16.9288 0
    endloop
  endfacet
  facet normal 0 0 -1
    outer loop
      vertex 61.5682 16.9288 0
      vertex 67.7318 16.9288 0
      vertex 67.8327 16.6316 0
    endloop
  endfacet
  facet normal 0 0 -1
    outer loop
      vertex 61.4673 16.6316 0
      vertex 67.8327 16.6316 0
      vertex 67.9715 16.35 0
    endloop
  endfacet
  facet normal 0 0 -1
    outer loop
      vertex 61.3285 16.35 0
      vertex 67.9715 16.35 0
      vertex 68.146 16.089 0
    endloop
  endfacet
  facet normal 0 0 -1
    outer loop
      vertex 61.154 16.089 0
      vertex 68.146 16.089 0
      vertex 68.3529 15.8529 0
    endloop
  endfacet
  facet normal 0 0 -1
    outer loop
      vertex 60.9471 15.8529 0
      vertex 68.3529 15.8529 0
      vertex 68.589 15.646 0
    endloop
  endfacet
  facet normal 0 0 -1
    outer loop
      vertex 69.1316 15.3327 0
      vertex 60.1684 15.3327 0
      vertex 68.85 15.4715 0
    endloop
  endfacet
  facet normal 0 0 -1
    outer loop
      vertex 67.6705 17.2367 0
      vertex 61.6295 17.2367 0
      vertex 61.65 17.55 0
    endloop
  endfacet
  facet normal 0 0 -1
    outer loop
      vertex 67.7318 16.9288 0
      vertex 61.5682 16.9288 0
      vertex 61.6295 17.2367 0
    endloop
  endfacet
  facet normal 0 0 -1
    outer loop
      vertex 67.8327 16.6316 0
      vertex 61.4673 16.6316 0
      vertex 61.5682 16.9288 0
    endloop
  endfacet
  facet normal 0 0 -1
    outer loop
      vertex 67.9715 16.35 0
      vertex 61.3285 16.35 0
      vertex 61.4673 16.6316 0
    endloop
  endfacet
  facet normal 0 0 -1
    outer loop
      vertex 68.146 16.089 0
      vertex 61.154 16.089 0
      vertex 61.3285 16.35 0
    endloop
  endfacet
  facet normal 0 0 -1
    outer loop
      vertex 68.3529 15.8529 0
      vertex 60.9471 15.8529 0
      vertex 61.154 16.089 0
    endloop
  endfacet
  facet normal 0 0 -1
    outer loop
      vertex 68.589 15.646 0
      vertex 60.711 15.646 0
      vertex 60.9471 15.8529 0
    endloop
  endfacet
  facet normal -0 0 -1
    outer loop
      vertex 68.589 15.646 0
      vertex 60.45 15.4715 0
      vertex 60.711 15.646 0
    endloop
  endfacet
  facet normal 0 0 -1
    outer loop
      vertex 68.85 15.4715 0
      vertex 60.45 15.4715 0
      vertex 68.589 15.646 0
    endloop
  endfacet
  facet normal 0 -0 -1
    outer loop
      vertex 60.45 15.4715 0
      vertex 68.85 15.4715 0
      vertex 60.1684 15.3327 0
    endloop
  endfacet
  facet normal 0 0 -1
    outer loop
      vertex 87.8 0 0
      vertex 59.5633 15.1705 0
      vertex 59.8712 15.2318 0
    endloop
  endfacet
  facet normal 0 0 -1
    outer loop
      vertex 87.8 0 0
      vertex 59.25 15.15 0
      vertex 59.5633 15.1705 0
    endloop
  endfacet
  facet normal 0 0 -1
    outer loop
      vertex 87.8 0 0
      vertex 59.05 15.15 0
      vertex 59.25 15.15 0
    endloop
  endfacet
  facet normal 0 0 -1
    outer loop
      vertex 87.8 0 0
      vertex 58.7367 15.1705 0
      vertex 59.05 15.15 0
    endloop
  endfacet
  facet normal 0 0 -1
    outer loop
      vertex 48.5633 15.1705 0
      vertex 58.7367 15.1705 0
      vertex 87.8 0 0
    endloop
  endfacet
  facet normal 0 0 -1
    outer loop
      vertex 58.7367 15.1705 0
      vertex 48.5633 15.1705 0
      vertex 58.4288 15.2318 0
    endloop
  endfacet
  facet normal 0 -0 -1
    outer loop
      vertex 48.8712 15.2318 0
      vertex 58.4288 15.2318 0
      vertex 48.5633 15.1705 0
    endloop
  endfacet
  facet normal 0 0 -1
    outer loop
      vertex 56.65 17.55 0
      vertex 50.65 17.55 0
      vertex 56.65 44.75 0
    endloop
  endfacet
  facet normal 0 0 -1
    outer loop
      vertex 56.6705 17.2367 0
      vertex 50.65 17.55 0
      vertex 56.65 17.55 0
    endloop
  endfacet
  facet normal 0 0 -1
    outer loop
      vertex 50.6295 17.2367 0
      vertex 56.6705 17.2367 0
      vertex 56.7318 16.9288 0
    endloop
  endfacet
  facet normal 0 0 -1
    outer loop
      vertex 50.5682 16.9288 0
      vertex 56.7318 16.9288 0
      vertex 56.8327 16.6316 0
    endloop
  endfacet
  facet normal 0 0 -1
    outer loop
      vertex 50.4673 16.6316 0
      vertex 56.8327 16.6316 0
      vertex 56.9715 16.35 0
    endloop
  endfacet
  facet normal 0 0 -1
    outer loop
      vertex 50.3285 16.35 0
      vertex 56.9715 16.35 0
      vertex 57.146 16.089 0
    endloop
  endfacet
  facet normal 0 0 -1
    outer loop
      vertex 50.154 16.089 0
      vertex 57.146 16.089 0
      vertex 57.3529 15.8529 0
    endloop
  endfacet
  facet normal 0 0 -1
    outer loop
      vertex 49.9471 15.8529 0
      vertex 57.3529 15.8529 0
      vertex 57.589 15.646 0
    endloop
  endfacet
  facet normal 0 0 -1
    outer loop
      vertex 49.711 15.646 0
      vertex 57.589 15.646 0
      vertex 57.85 15.4715 0
    endloop
  endfacet
  facet normal 0 0 -1
    outer loop
      vertex 58.4288 15.2318 0
      vertex 48.8712 15.2318 0
      vertex 58.1316 15.3327 0
    endloop
  endfacet
  facet normal 0 0 -1
    outer loop
      vertex 56.6705 17.2367 0
      vertex 50.6295 17.2367 0
      vertex 50.65 17.55 0
    endloop
  endfacet
  facet normal 0 0 -1
    outer loop
      vertex 56.7318 16.9288 0
      vertex 50.5682 16.9288 0
      vertex 50.6295 17.2367 0
    endloop
  endfacet
  facet normal 0 0 -1
    outer loop
      vertex 56.8327 16.6316 0
      vertex 50.4673 16.6316 0
      vertex 50.5682 16.9288 0
    endloop
  endfacet
  facet normal 0 0 -1
    outer loop
      vertex 56.9715 16.35 0
      vertex 50.3285 16.35 0
      vertex 50.4673 16.6316 0
    endloop
  endfacet
  facet normal 0 0 -1
    outer loop
      vertex 57.146 16.089 0
      vertex 50.154 16.089 0
      vertex 50.3285 16.35 0
    endloop
  endfacet
  facet normal 0 0 -1
    outer loop
      vertex 57.3529 15.8529 0
      vertex 49.9471 15.8529 0
      vertex 50.154 16.089 0
    endloop
  endfacet
  facet normal 0 0 -1
    outer loop
      vertex 57.589 15.646 0
      vertex 49.711 15.646 0
      vertex 49.9471 15.8529 0
    endloop
  endfacet
  facet normal 0 0 -1
    outer loop
      vertex 57.85 15.4715 0
      vertex 49.45 15.4715 0
      vertex 49.711 15.646 0
    endloop
  endfacet
  facet normal -0 0 -1
    outer loop
      vertex 57.85 15.4715 0
      vertex 49.1684 15.3327 0
      vertex 49.45 15.4715 0
    endloop
  endfacet
  facet normal 0 0 -1
    outer loop
      vertex 58.1316 15.3327 0
      vertex 49.1684 15.3327 0
      vertex 57.85 15.4715 0
    endloop
  endfacet
  facet normal 0 -0 -1
    outer loop
      vertex 49.1684 15.3327 0
      vertex 58.1316 15.3327 0
      vertex 48.8712 15.2318 0
    endloop
  endfacet
  facet normal 0 0 -1
    outer loop
      vertex 87.8 0 0
      vertex 48.25 15.15 0
      vertex 48.5633 15.1705 0
    endloop
  endfacet
  facet normal 0 0 -1
    outer loop
      vertex 87.8 0 0
      vertex 48.05 15.15 0
      vertex 48.25 15.15 0
    endloop
  endfacet
  facet normal 0 0 -1
    outer loop
      vertex 3.5 0 0
      vertex 48.05 15.15 0
      vertex 87.8 0 0
    endloop
  endfacet
  facet normal -0 0 -1
    outer loop
      vertex 48.05 15.15 0
      vertex 3.5 0 0
      vertex 47.7367 15.1705 0
    endloop
  endfacet
  facet normal 0 -0 -1
    outer loop
      vertex 37.5633 15.1705 0
      vertex 47.7367 15.1705 0
      vertex 3.5 0 0
    endloop
  endfacet
  facet normal 0 0 -1
    outer loop
      vertex 45.65 17.55 0
      vertex 39.65 17.55 0
      vertex 45.65 44.75 0
    endloop
  endfacet
  facet normal 0 0 -1
    outer loop
      vertex 45.6705 17.2367 0
      vertex 39.65 17.55 0
      vertex 45.65 17.55 0
    endloop
  endfacet
  facet normal 0 0 -1
    outer loop
      vertex 39.6295 17.2367 0
      vertex 45.6705 17.2367 0
      vertex 45.7318 16.9288 0
    endloop
  endfacet
  facet normal 0 0 -1
    outer loop
      vertex 39.5682 16.9288 0
      vertex 45.7318 16.9288 0
      vertex 45.8327 16.6316 0
    endloop
  endfacet
  facet normal 0 0 -1
    outer loop
      vertex 39.4673 16.6316 0
      vertex 45.8327 16.6316 0
      vertex 45.9715 16.35 0
    endloop
  endfacet
  facet normal 0 0 -1
    outer loop
      vertex 39.3285 16.35 0
      vertex 45.9715 16.35 0
      vertex 46.146 16.089 0
    endloop
  endfacet
  facet normal 0 0 -1
    outer loop
      vertex 39.154 16.089 0
      vertex 46.146 16.089 0
      vertex 46.3529 15.8529 0
    endloop
  endfacet
  facet normal 0 0 -1
    outer loop
      vertex 38.9471 15.8529 0
      vertex 46.3529 15.8529 0
      vertex 46.589 15.646 0
    endloop
  endfacet
  facet normal 0 0 -1
    outer loop
      vertex 38.711 15.646 0
      vertex 46.589 15.646 0
      vertex 46.85 15.4715 0
    endloop
  endfacet
  facet normal 0 0 -1
    outer loop
      vertex 38.45 15.4715 0
      vertex 46.85 15.4715 0
      vertex 47.1316 15.3327 0
    endloop
  endfacet
  facet normal 0 0 -1
    outer loop
      vertex 47.7367 15.1705 0
      vertex 37.5633 15.1705 0
      vertex 47.4288 15.2318 0
    endloop
  endfacet
  facet normal 0 0 -1
    outer loop
      vertex 45.6705 17.2367 0
      vertex 39.6295 17.2367 0
      vertex 39.65 17.55 0
    endloop
  endfacet
  facet normal 0 0 -1
    outer loop
      vertex 45.7318 16.9288 0
      vertex 39.5682 16.9288 0
      vertex 39.6295 17.2367 0
    endloop
  endfacet
  facet normal 0 0 -1
    outer loop
      vertex 45.8327 16.6316 0
      vertex 39.4673 16.6316 0
      vertex 39.5682 16.9288 0
    endloop
  endfacet
  facet normal 0 0 -1
    outer loop
      vertex 45.9715 16.35 0
      vertex 39.3285 16.35 0
      vertex 39.4673 16.6316 0
    endloop
  endfacet
  facet normal 0 0 -1
    outer loop
      vertex 46.146 16.089 0
      vertex 39.154 16.089 0
      vertex 39.3285 16.35 0
    endloop
  endfacet
  facet normal 0 0 -1
    outer loop
      vertex 46.3529 15.8529 0
      vertex 38.9471 15.8529 0
      vertex 39.154 16.089 0
    endloop
  endfacet
  facet normal 0 0 -1
    outer loop
      vertex 46.589 15.646 0
      vertex 38.711 15.646 0
      vertex 38.9471 15.8529 0
    endloop
  endfacet
  facet normal 0 0 -1
    outer loop
      vertex 46.85 15.4715 0
      vertex 38.45 15.4715 0
      vertex 38.711 15.646 0
    endloop
  endfacet
  facet normal 0 0 -1
    outer loop
      vertex 47.1316 15.3327 0
      vertex 38.1684 15.3327 0
      vertex 38.45 15.4715 0
    endloop
  endfacet
  facet normal -0 0 -1
    outer loop
      vertex 47.1316 15.3327 0
      vertex 37.8712 15.2318 0
      vertex 38.1684 15.3327 0
    endloop
  endfacet
  facet normal 0 0 -1
    outer loop
      vertex 47.4288 15.2318 0
      vertex 37.8712 15.2318 0
      vertex 47.1316 15.3327 0
    endloop
  endfacet
  facet normal 0 -0 -1
    outer loop
      vertex 37.8712 15.2318 0
      vertex 47.4288 15.2318 0
      vertex 37.5633 15.1705 0
    endloop
  endfacet
  facet normal 0 0 -1
    outer loop
      vertex 37.5633 15.1705 0
      vertex 3.5 0 0
      vertex 37.25 15.15 0
    endloop
  endfacet
  facet normal -0 0 -1
    outer loop
      vertex 37.25 15.15 0
      vertex 3.5 0 0
      vertex 37.05 15.15 0
    endloop
  endfacet
  facet normal -0 0 -1
    outer loop
      vertex 37.05 15.15 0
      vertex 3.5 0 0
      vertex 36.7367 15.1705 0
    endloop
  endfacet
  facet normal 0 0 -1
    outer loop
      vertex 34.65 17.55 0
      vertex 28.65 17.55 0
      vertex 34.65 44.75 0
    endloop
  endfacet
  facet normal 0 0 -1
    outer loop
      vertex 34.6705 17.2367 0
      vertex 28.65 17.55 0
      vertex 34.65 17.55 0
    endloop
  endfacet
  facet normal 0 0 -1
    outer loop
      vertex 28.6295 17.2367 0
      vertex 34.6705 17.2367 0
      vertex 34.7318 16.9288 0
    endloop
  endfacet
  facet normal 0 0 -1
    outer loop
      vertex 28.5682 16.9288 0
      vertex 34.7318 16.9288 0
      vertex 34.8327 16.6316 0
    endloop
  endfacet
  facet normal 0 0 -1
    outer loop
      vertex 28.4673 16.6316 0
      vertex 34.8327 16.6316 0
      vertex 34.9715 16.35 0
    endloop
  endfacet
  facet normal 0 0 -1
    outer loop
      vertex 28.3285 16.35 0
      vertex 34.9715 16.35 0
      vertex 35.146 16.089 0
    endloop
  endfacet
  facet normal 0 0 -1
    outer loop
      vertex 28.154 16.089 0
      vertex 35.146 16.089 0
      vertex 35.3529 15.8529 0
    endloop
  endfacet
  facet normal 0 0 -1
    outer loop
      vertex 27.9471 15.8529 0
      vertex 35.3529 15.8529 0
      vertex 35.589 15.646 0
    endloop
  endfacet
  facet normal 0 0 -1
    outer loop
      vertex 27.711 15.646 0
      vertex 35.589 15.646 0
      vertex 35.85 15.4715 0
    endloop
  endfacet
  facet normal 0 0 -1
    outer loop
      vertex 27.45 15.4715 0
      vertex 35.85 15.4715 0
      vertex 36.1316 15.3327 0
    endloop
  endfacet
  facet normal 0 0 -1
    outer loop
      vertex 27.1684 15.3327 0
      vertex 36.1316 15.3327 0
      vertex 36.4288 15.2318 0
    endloop
  endfacet
  facet normal 0 0 -1
    outer loop
      vertex 34.6705 17.2367 0
      vertex 28.6295 17.2367 0
      vertex 28.65 17.55 0
    endloop
  endfacet
  facet normal 0 -0 -1
    outer loop
      vertex 26.5633 15.1705 0
      vertex 36.7367 15.1705 0
      vertex 3.5 0 0
    endloop
  endfacet
  facet normal 0 0 -1
    outer loop
      vertex 34.7318 16.9288 0
      vertex 28.5682 16.9288 0
      vertex 28.6295 17.2367 0
    endloop
  endfacet
  facet normal 0 0 -1
    outer loop
      vertex 34.8327 16.6316 0
      vertex 28.4673 16.6316 0
      vertex 28.5682 16.9288 0
    endloop
  endfacet
  facet normal 0 0 -1
    outer loop
      vertex 34.9715 16.35 0
      vertex 28.3285 16.35 0
      vertex 28.4673 16.6316 0
    endloop
  endfacet
  facet normal 0 0 -1
    outer loop
      vertex 35.146 16.089 0
      vertex 28.154 16.089 0
      vertex 28.3285 16.35 0
    endloop
  endfacet
  facet normal 0 0 -1
    outer loop
      vertex 35.3529 15.8529 0
      vertex 27.9471 15.8529 0
      vertex 28.154 16.089 0
    endloop
  endfacet
  facet normal 0 0 -1
    outer loop
      vertex 35.589 15.646 0
      vertex 27.711 15.646 0
      vertex 27.9471 15.8529 0
    endloop
  endfacet
  facet normal 0 0 -1
    outer loop
      vertex 35.85 15.4715 0
      vertex 27.45 15.4715 0
      vertex 27.711 15.646 0
    endloop
  endfacet
  facet normal 0 0 -1
    outer loop
      vertex 36.1316 15.3327 0
      vertex 27.1684 15.3327 0
      vertex 27.45 15.4715 0
    endloop
  endfacet
  facet normal 0 0 -1
    outer loop
      vertex 36.4288 15.2318 0
      vertex 26.8712 15.2318 0
      vertex 27.1684 15.3327 0
    endloop
  endfacet
  facet normal 0 0 -1
    outer loop
      vertex 36.7367 15.1705 0
      vertex 26.5633 15.1705 0
      vertex 36.4288 15.2318 0
    endloop
  endfacet
  facet normal -0 0 -1
    outer loop
      vertex 36.4288 15.2318 0
      vertex 26.5633 15.1705 0
      vertex 26.8712 15.2318 0
    endloop
  endfacet
  facet normal 0 0 -1
    outer loop
      vertex 26.5633 15.1705 0
      vertex 3.5 0 0
      vertex 26.25 15.15 0
    endloop
  endfacet
  facet normal -0 0 -1
    outer loop
      vertex 26.25 15.15 0
      vertex 3.5 0 0
      vertex 26.05 15.15 0
    endloop
  endfacet
  facet normal -0 0 -1
    outer loop
      vertex 26.05 15.15 0
      vertex 3.5 0 0
      vertex 25.7367 15.1705 0
    endloop
  endfacet
  facet normal 0 0 -1
    outer loop
      vertex 23.65 17.55 0
      vertex 17.65 17.55 0
      vertex 23.65 44.75 0
    endloop
  endfacet
  facet normal 0 0 -1
    outer loop
      vertex 23.6705 17.2367 0
      vertex 17.65 17.55 0
      vertex 23.65 17.55 0
    endloop
  endfacet
  facet normal 0 0 -1
    outer loop
      vertex 17.6295 17.2367 0
      vertex 23.6705 17.2367 0
      vertex 23.7318 16.9288 0
    endloop
  endfacet
  facet normal 0 0 -1
    outer loop
      vertex 17.5682 16.9288 0
      vertex 23.7318 16.9288 0
      vertex 23.8327 16.6316 0
    endloop
  endfacet
  facet normal 0 0 -1
    outer loop
      vertex 17.4673 16.6316 0
      vertex 23.8327 16.6316 0
      vertex 23.9715 16.35 0
    endloop
  endfacet
  facet normal 0 0 -1
    outer loop
      vertex 17.3285 16.35 0
      vertex 23.9715 16.35 0
      vertex 24.146 16.089 0
    endloop
  endfacet
  facet normal 0 0 -1
    outer loop
      vertex 17.154 16.089 0
      vertex 24.146 16.089 0
      vertex 24.3529 15.8529 0
    endloop
  endfacet
  facet normal 0 0 -1
    outer loop
      vertex 16.9471 15.8529 0
      vertex 24.3529 15.8529 0
      vertex 24.589 15.646 0
    endloop
  endfacet
  facet normal 0 0 -1
    outer loop
      vertex 16.711 15.646 0
      vertex 24.589 15.646 0
      vertex 24.85 15.4715 0
    endloop
  endfacet
  facet normal 0 0 -1
    outer loop
      vertex 16.45 15.4715 0
      vertex 24.85 15.4715 0
      vertex 25.1316 15.3327 0
    endloop
  endfacet
  facet normal 0 0 -1
    outer loop
      vertex 16.1684 15.3327 0
      vertex 25.1316 15.3327 0
      vertex 25.4288 15.2318 0
    endloop
  endfacet
  facet normal 0 0 -1
    outer loop
      vertex 23.6705 17.2367 0
      vertex 17.6295 17.2367 0
      vertex 17.65 17.55 0
    endloop
  endfacet
  facet normal 0 0 -1
    outer loop
      vertex 23.7318 16.9288 0
      vertex 17.5682 16.9288 0
      vertex 17.6295 17.2367 0
    endloop
  endfacet
  facet normal -0 0 -1
    outer loop
      vertex 25.7367 15.1705 0
      vertex 3.5 0 0
      vertex 25.4288 15.2318 0
    endloop
  endfacet
  facet normal 0 0 -1
    outer loop
      vertex 23.8327 16.6316 0
      vertex 17.4673 16.6316 0
      vertex 17.5682 16.9288 0
    endloop
  endfacet
  facet normal 0 0 -1
    outer loop
      vertex 23.9715 16.35 0
      vertex 17.3285 16.35 0
      vertex 17.4673 16.6316 0
    endloop
  endfacet
  facet normal 0 0 -1
    outer loop
      vertex 24.146 16.089 0
      vertex 17.154 16.089 0
      vertex 17.3285 16.35 0
    endloop
  endfacet
  facet normal 0 0 -1
    outer loop
      vertex 24.3529 15.8529 0
      vertex 16.9471 15.8529 0
      vertex 17.154 16.089 0
    endloop
  endfacet
  facet normal 0 0 -1
    outer loop
      vertex 24.589 15.646 0
      vertex 16.711 15.646 0
      vertex 16.9471 15.8529 0
    endloop
  endfacet
  facet normal 0 -0 -1
    outer loop
      vertex 15.8712 15.2318 0
      vertex 25.4288 15.2318 0
      vertex 3.5 0 0
    endloop
  endfacet
  facet normal 0 0 -1
    outer loop
      vertex 24.85 15.4715 0
      vertex 16.45 15.4715 0
      vertex 16.711 15.646 0
    endloop
  endfacet
  facet normal 0 0 -1
    outer loop
      vertex 25.1316 15.3327 0
      vertex 16.1684 15.3327 0
      vertex 16.45 15.4715 0
    endloop
  endfacet
  facet normal 0 0 -1
    outer loop
      vertex 25.4288 15.2318 0
      vertex 15.8712 15.2318 0
      vertex 16.1684 15.3327 0
    endloop
  endfacet
  facet normal 0 0 -1
    outer loop
      vertex 15.8712 15.2318 0
      vertex 3.5 0 0
      vertex 15.5633 15.1705 0
    endloop
  endfacet
  facet normal 0 0 -1
    outer loop
      vertex 15.5633 15.1705 0
      vertex 3.5 0 0
      vertex 15.25 15.15 0
    endloop
  endfacet
  facet normal -0 0 -1
    outer loop
      vertex 15.25 15.15 0
      vertex 3.5 0 0
      vertex 15.05 15.15 0
    endloop
  endfacet
  facet normal -0 0 -1
    outer loop
      vertex 15.05 15.15 0
      vertex 3.5 0 0
      vertex 14.7367 15.1705 0
    endloop
  endfacet
  facet normal -0 0 -1
    outer loop
      vertex 12.6705 17.2367 0
      vertex 0 3.5 0
      vertex 12.65 17.55 0
    endloop
  endfacet
  facet normal -0 0 -1
    outer loop
      vertex 12.7318 16.9288 0
      vertex 0 3.5 0
      vertex 12.6705 17.2367 0
    endloop
  endfacet
  facet normal -0 0 -1
    outer loop
      vertex 12.8327 16.6316 0
      vertex 0 3.5 0
      vertex 12.7318 16.9288 0
    endloop
  endfacet
  facet normal -0 0 -1
    outer loop
      vertex 12.9715 16.35 0
      vertex 0 3.5 0
      vertex 12.8327 16.6316 0
    endloop
  endfacet
  facet normal -0 0 -1
    outer loop
      vertex 13.146 16.089 0
      vertex 0 3.5 0
      vertex 12.9715 16.35 0
    endloop
  endfacet
  facet normal -0 0 -1
    outer loop
      vertex 13.3529 15.8529 0
      vertex 0 3.5 0
      vertex 13.146 16.089 0
    endloop
  endfacet
  facet normal -0 0 -1
    outer loop
      vertex 13.589 15.646 0
      vertex 0 3.5 0
      vertex 13.3529 15.8529 0
    endloop
  endfacet
  facet normal 0 0 -1
    outer loop
      vertex 0 3.5 0
      vertex 13.589 15.646 0
      vertex 3.5 0 0
    endloop
  endfacet
  facet normal -0 0 -1
    outer loop
      vertex 13.85 15.4715 0
      vertex 3.5 0 0
      vertex 13.589 15.646 0
    endloop
  endfacet
  facet normal -0 0 -1
    outer loop
      vertex 14.1316 15.3327 0
      vertex 3.5 0 0
      vertex 13.85 15.4715 0
    endloop
  endfacet
  facet normal -0 0 -1
    outer loop
      vertex 14.4288 15.2318 0
      vertex 3.5 0 0
      vertex 14.1316 15.3327 0
    endloop
  endfacet
  facet normal -0 0 -1
    outer loop
      vertex 14.7367 15.1705 0
      vertex 3.5 0 0
      vertex 14.4288 15.2318 0
    endloop
  endfacet
  facet normal 0 0 -1
    outer loop
      vertex 89.55 61.8311 0
      vertex 87.8 62.3 0
      vertex 89.1394 62.0336 0
    endloop
  endfacet
  facet normal 0 0 -1
    outer loop
      vertex 88.7059 62.1807 0
      vertex 87.8 62.3 0
      vertex 88.2568 62.2701 0
    endloop
  endfacet
  facet normal 0 0 -1
    outer loop
      vertex 89.1394 62.0336 0
      vertex 87.8 62.3 0
      vertex 88.7059 62.1807 0
    endloop
  endfacet
  facet normal 0 0 -1
    outer loop
      vertex 90.5767 60.9307 0
      vertex 87.8 62.3 0
      vertex 90.2749 61.2749 0
    endloop
  endfacet
  facet normal 0 0 -1
    outer loop
      vertex 91.1807 59.7059 0
      vertex 87.8 62.3 0
      vertex 91.0336 60.1394 0
    endloop
  endfacet
  facet normal -0 0 -1
    outer loop
      vertex 91.3 58.8 0
      vertex 72.154 46.211 0
      vertex 87.8 62.3 0
    endloop
  endfacet
  facet normal 0 0 -1
    outer loop
      vertex 71.9471 46.4471 0
      vertex 87.8 62.3 0
      vertex 72.154 46.211 0
    endloop
  endfacet
  facet normal 0 0 -1
    outer loop
      vertex 71.711 46.654 0
      vertex 87.8 62.3 0
      vertex 71.9471 46.4471 0
    endloop
  endfacet
  facet normal 0 0 -1
    outer loop
      vertex 71.45 46.8285 0
      vertex 87.8 62.3 0
      vertex 71.711 46.654 0
    endloop
  endfacet
  facet normal 0 0 -1
    outer loop
      vertex 71.1684 46.9673 0
      vertex 87.8 62.3 0
      vertex 71.45 46.8285 0
    endloop
  endfacet
  facet normal 0 0 -1
    outer loop
      vertex 70.8712 47.0682 0
      vertex 87.8 62.3 0
      vertex 71.1684 46.9673 0
    endloop
  endfacet
  facet normal 0 0 -1
    outer loop
      vertex 70.5633 47.1295 0
      vertex 87.8 62.3 0
      vertex 70.8712 47.0682 0
    endloop
  endfacet
  facet normal 0 0 -1
    outer loop
      vertex 70.25 47.15 0
      vertex 87.8 62.3 0
      vertex 70.5633 47.1295 0
    endloop
  endfacet
  facet normal 0 0 -1
    outer loop
      vertex 70.05 47.15 0
      vertex 87.8 62.3 0
      vertex 70.25 47.15 0
    endloop
  endfacet
  facet normal 0 0 -1
    outer loop
      vertex 69.7367 47.1295 0
      vertex 87.8 62.3 0
      vertex 70.05 47.15 0
    endloop
  endfacet
  facet normal 0 0 -1
    outer loop
      vertex 69.4288 47.0682 0
      vertex 87.8 62.3 0
      vertex 69.7367 47.1295 0
    endloop
  endfacet
  facet normal 0 0 -1
    outer loop
      vertex 59.8712 47.0682 0
      vertex 69.4288 47.0682 0
      vertex 69.1316 46.9673 0
    endloop
  endfacet
  facet normal 0 0 -1
    outer loop
      vertex 60.1684 46.9673 0
      vertex 69.1316 46.9673 0
      vertex 68.85 46.8285 0
    endloop
  endfacet
  facet normal 0 0 -1
    outer loop
      vertex 60.45 46.8285 0
      vertex 68.85 46.8285 0
      vertex 68.589 46.654 0
    endloop
  endfacet
  facet normal 0 0 -1
    outer loop
      vertex 61.65 44.75 0
      vertex 67.65 44.75 0
      vertex 61.65 17.55 0
    endloop
  endfacet
  facet normal 0 0 -1
    outer loop
      vertex 67.65 44.75 0
      vertex 61.65 44.75 0
      vertex 67.6705 45.0633 0
    endloop
  endfacet
  facet normal 0 0 -1
    outer loop
      vertex 61.6295 45.0633 0
      vertex 67.6705 45.0633 0
      vertex 61.65 44.75 0
    endloop
  endfacet
  facet normal 0 0 -1
    outer loop
      vertex 67.6705 45.0633 0
      vertex 61.6295 45.0633 0
      vertex 67.7318 45.3712 0
    endloop
  endfacet
  facet normal 0 0 -1
    outer loop
      vertex 61.5682 45.3712 0
      vertex 67.7318 45.3712 0
      vertex 61.6295 45.0633 0
    endloop
  endfacet
  facet normal 0 0 -1
    outer loop
      vertex 67.7318 45.3712 0
      vertex 61.5682 45.3712 0
      vertex 67.8327 45.6684 0
    endloop
  endfacet
  facet normal 0 0 -1
    outer loop
      vertex 61.4673 45.6684 0
      vertex 67.8327 45.6684 0
      vertex 61.5682 45.3712 0
    endloop
  endfacet
  facet normal 0 0 -1
    outer loop
      vertex 67.8327 45.6684 0
      vertex 61.4673 45.6684 0
      vertex 67.9715 45.95 0
    endloop
  endfacet
  facet normal 0 0 -1
    outer loop
      vertex 61.3285 45.95 0
      vertex 67.9715 45.95 0
      vertex 61.4673 45.6684 0
    endloop
  endfacet
  facet normal 0 0 -1
    outer loop
      vertex 67.9715 45.95 0
      vertex 61.3285 45.95 0
      vertex 68.146 46.211 0
    endloop
  endfacet
  facet normal 0 0 -1
    outer loop
      vertex 61.154 46.211 0
      vertex 68.146 46.211 0
      vertex 61.3285 45.95 0
    endloop
  endfacet
  facet normal 0 0 -1
    outer loop
      vertex 68.146 46.211 0
      vertex 61.154 46.211 0
      vertex 68.3529 46.4471 0
    endloop
  endfacet
  facet normal 0 0 -1
    outer loop
      vertex 60.9471 46.4471 0
      vertex 68.3529 46.4471 0
      vertex 61.154 46.211 0
    endloop
  endfacet
  facet normal 0 0 -1
    outer loop
      vertex 68.3529 46.4471 0
      vertex 60.9471 46.4471 0
      vertex 68.589 46.654 0
    endloop
  endfacet
  facet normal 0 0 -1
    outer loop
      vertex 60.711 46.654 0
      vertex 68.589 46.654 0
      vertex 60.9471 46.4471 0
    endloop
  endfacet
  facet normal 0 0 -1
    outer loop
      vertex 60.45 46.8285 0
      vertex 68.589 46.654 0
      vertex 60.711 46.654 0
    endloop
  endfacet
  facet normal 0 0 -1
    outer loop
      vertex 68.85 46.8285 0
      vertex 60.45 46.8285 0
      vertex 60.1684 46.9673 0
    endloop
  endfacet
  facet normal 0 0 -1
    outer loop
      vertex 69.1316 46.9673 0
      vertex 60.1684 46.9673 0
      vertex 59.8712 47.0682 0
    endloop
  endfacet
  facet normal 0 0 -1
    outer loop
      vertex 69.4288 47.0682 0
      vertex 59.8712 47.0682 0
      vertex 87.8 62.3 0
    endloop
  endfacet
  facet normal 0 0 -1
    outer loop
      vertex 59.5633 47.1295 0
      vertex 87.8 62.3 0
      vertex 59.8712 47.0682 0
    endloop
  endfacet
  facet normal 0 0 -1
    outer loop
      vertex 59.25 47.15 0
      vertex 87.8 62.3 0
      vertex 59.5633 47.1295 0
    endloop
  endfacet
  facet normal 0 0 -1
    outer loop
      vertex 59.05 47.15 0
      vertex 87.8 62.3 0
      vertex 59.25 47.15 0
    endloop
  endfacet
  facet normal 0 0 -1
    outer loop
      vertex 58.7367 47.1295 0
      vertex 87.8 62.3 0
      vertex 59.05 47.15 0
    endloop
  endfacet
  facet normal 0 0 -1
    outer loop
      vertex 48.5633 47.1295 0
      vertex 58.7367 47.1295 0
      vertex 58.4288 47.0682 0
    endloop
  endfacet
  facet normal 0 0 -1
    outer loop
      vertex 48.8712 47.0682 0
      vertex 58.4288 47.0682 0
      vertex 58.1316 46.9673 0
    endloop
  endfacet
  facet normal 0 0 -1
    outer loop
      vertex 49.1684 46.9673 0
      vertex 58.1316 46.9673 0
      vertex 57.85 46.8285 0
    endloop
  endfacet
  facet normal 0 0 -1
    outer loop
      vertex 50.65 44.75 0
      vertex 56.65 44.75 0
      vertex 50.65 17.55 0
    endloop
  endfacet
  facet normal 0 0 -1
    outer loop
      vertex 56.65 44.75 0
      vertex 50.65 44.75 0
      vertex 56.6705 45.0633 0
    endloop
  endfacet
  facet normal 0 0 -1
    outer loop
      vertex 50.6295 45.0633 0
      vertex 56.6705 45.0633 0
      vertex 50.65 44.75 0
    endloop
  endfacet
  facet normal 0 0 -1
    outer loop
      vertex 56.6705 45.0633 0
      vertex 50.6295 45.0633 0
      vertex 56.7318 45.3712 0
    endloop
  endfacet
  facet normal 0 0 -1
    outer loop
      vertex 50.5682 45.3712 0
      vertex 56.7318 45.3712 0
      vertex 50.6295 45.0633 0
    endloop
  endfacet
  facet normal 0 0 -1
    outer loop
      vertex 56.7318 45.3712 0
      vertex 50.5682 45.3712 0
      vertex 56.8327 45.6684 0
    endloop
  endfacet
  facet normal 0 0 -1
    outer loop
      vertex 50.4673 45.6684 0
      vertex 56.8327 45.6684 0
      vertex 50.5682 45.3712 0
    endloop
  endfacet
  facet normal 0 0 -1
    outer loop
      vertex 56.8327 45.6684 0
      vertex 50.4673 45.6684 0
      vertex 56.9715 45.95 0
    endloop
  endfacet
  facet normal 0 0 -1
    outer loop
      vertex 50.3285 45.95 0
      vertex 56.9715 45.95 0
      vertex 50.4673 45.6684 0
    endloop
  endfacet
  facet normal 0 0 -1
    outer loop
      vertex 56.9715 45.95 0
      vertex 50.3285 45.95 0
      vertex 57.146 46.211 0
    endloop
  endfacet
  facet normal 0 0 -1
    outer loop
      vertex 50.154 46.211 0
      vertex 57.146 46.211 0
      vertex 50.3285 45.95 0
    endloop
  endfacet
  facet normal 0 0 -1
    outer loop
      vertex 57.146 46.211 0
      vertex 50.154 46.211 0
      vertex 57.3529 46.4471 0
    endloop
  endfacet
  facet normal 0 0 -1
    outer loop
      vertex 49.9471 46.4471 0
      vertex 57.3529 46.4471 0
      vertex 50.154 46.211 0
    endloop
  endfacet
  facet normal 0 0 -1
    outer loop
      vertex 57.3529 46.4471 0
      vertex 49.9471 46.4471 0
      vertex 57.589 46.654 0
    endloop
  endfacet
  facet normal 0 0 -1
    outer loop
      vertex 49.711 46.654 0
      vertex 57.589 46.654 0
      vertex 49.9471 46.4471 0
    endloop
  endfacet
  facet normal 0 0 -1
    outer loop
      vertex 57.589 46.654 0
      vertex 49.711 46.654 0
      vertex 57.85 46.8285 0
    endloop
  endfacet
  facet normal 0 0 -1
    outer loop
      vertex 49.45 46.8285 0
      vertex 57.85 46.8285 0
      vertex 49.711 46.654 0
    endloop
  endfacet
  facet normal 0 0 -1
    outer loop
      vertex 49.1684 46.9673 0
      vertex 57.85 46.8285 0
      vertex 49.45 46.8285 0
    endloop
  endfacet
  facet normal 0 0 -1
    outer loop
      vertex 58.1316 46.9673 0
      vertex 49.1684 46.9673 0
      vertex 48.8712 47.0682 0
    endloop
  endfacet
  facet normal 0 0 -1
    outer loop
      vertex 58.4288 47.0682 0
      vertex 48.8712 47.0682 0
      vertex 48.5633 47.1295 0
    endloop
  endfacet
  facet normal 0 0 -1
    outer loop
      vertex 58.7367 47.1295 0
      vertex 48.5633 47.1295 0
      vertex 87.8 62.3 0
    endloop
  endfacet
  facet normal 0 0 -1
    outer loop
      vertex 48.25 47.15 0
      vertex 87.8 62.3 0
      vertex 48.5633 47.1295 0
    endloop
  endfacet
  facet normal 0 0 -1
    outer loop
      vertex 48.05 47.15 0
      vertex 87.8 62.3 0
      vertex 48.25 47.15 0
    endloop
  endfacet
  facet normal 0 0 -1
    outer loop
      vertex 3.5 62.3 0
      vertex 48.05 47.15 0
      vertex 47.7367 47.1295 0
    endloop
  endfacet
  facet normal 0 0 -1
    outer loop
      vertex 37.5633 47.1295 0
      vertex 47.7367 47.1295 0
      vertex 47.4288 47.0682 0
    endloop
  endfacet
  facet normal 0 0 -1
    outer loop
      vertex 37.8712 47.0682 0
      vertex 47.4288 47.0682 0
      vertex 47.1316 46.9673 0
    endloop
  endfacet
  facet normal 0 0 -1
    outer loop
      vertex 39.65 44.75 0
      vertex 45.65 44.75 0
      vertex 39.65 17.55 0
    endloop
  endfacet
  facet normal 0 0 -1
    outer loop
      vertex 45.65 44.75 0
      vertex 39.65 44.75 0
      vertex 45.6705 45.0633 0
    endloop
  endfacet
  facet normal 0 0 -1
    outer loop
      vertex 39.6295 45.0633 0
      vertex 45.6705 45.0633 0
      vertex 39.65 44.75 0
    endloop
  endfacet
  facet normal 0 0 -1
    outer loop
      vertex 45.6705 45.0633 0
      vertex 39.6295 45.0633 0
      vertex 45.7318 45.3712 0
    endloop
  endfacet
  facet normal 0 0 -1
    outer loop
      vertex 39.5682 45.3712 0
      vertex 45.7318 45.3712 0
      vertex 39.6295 45.0633 0
    endloop
  endfacet
  facet normal 0 0 -1
    outer loop
      vertex 45.7318 45.3712 0
      vertex 39.5682 45.3712 0
      vertex 45.8327 45.6684 0
    endloop
  endfacet
  facet normal 0 0 -1
    outer loop
      vertex 39.4673 45.6684 0
      vertex 45.8327 45.6684 0
      vertex 39.5682 45.3712 0
    endloop
  endfacet
  facet normal 0 0 -1
    outer loop
      vertex 45.8327 45.6684 0
      vertex 39.4673 45.6684 0
      vertex 45.9715 45.95 0
    endloop
  endfacet
  facet normal 0 0 -1
    outer loop
      vertex 39.3285 45.95 0
      vertex 45.9715 45.95 0
      vertex 39.4673 45.6684 0
    endloop
  endfacet
  facet normal 0 0 -1
    outer loop
      vertex 45.9715 45.95 0
      vertex 39.3285 45.95 0
      vertex 46.146 46.211 0
    endloop
  endfacet
  facet normal 0 0 -1
    outer loop
      vertex 39.154 46.211 0
      vertex 46.146 46.211 0
      vertex 39.3285 45.95 0
    endloop
  endfacet
  facet normal 0 0 -1
    outer loop
      vertex 46.146 46.211 0
      vertex 39.154 46.211 0
      vertex 46.3529 46.4471 0
    endloop
  endfacet
  facet normal 0 0 -1
    outer loop
      vertex 38.9471 46.4471 0
      vertex 46.3529 46.4471 0
      vertex 39.154 46.211 0
    endloop
  endfacet
  facet normal 0 0 -1
    outer loop
      vertex 46.3529 46.4471 0
      vertex 38.9471 46.4471 0
      vertex 46.589 46.654 0
    endloop
  endfacet
  facet normal 0 0 -1
    outer loop
      vertex 38.711 46.654 0
      vertex 46.589 46.654 0
      vertex 38.9471 46.4471 0
    endloop
  endfacet
  facet normal 0 0 -1
    outer loop
      vertex 46.589 46.654 0
      vertex 38.711 46.654 0
      vertex 46.85 46.8285 0
    endloop
  endfacet
  facet normal 0 0 -1
    outer loop
      vertex 38.45 46.8285 0
      vertex 46.85 46.8285 0
      vertex 38.711 46.654 0
    endloop
  endfacet
  facet normal 0 0 -1
    outer loop
      vertex 46.85 46.8285 0
      vertex 38.45 46.8285 0
      vertex 47.1316 46.9673 0
    endloop
  endfacet
  facet normal 0 0 -1
    outer loop
      vertex 38.1684 46.9673 0
      vertex 47.1316 46.9673 0
      vertex 38.45 46.8285 0
    endloop
  endfacet
  facet normal 0 0 -1
    outer loop
      vertex 37.8712 47.0682 0
      vertex 47.1316 46.9673 0
      vertex 38.1684 46.9673 0
    endloop
  endfacet
  facet normal 0 0 -1
    outer loop
      vertex 47.4288 47.0682 0
      vertex 37.8712 47.0682 0
      vertex 37.5633 47.1295 0
    endloop
  endfacet
  facet normal 0 0 -1
    outer loop
      vertex 47.7367 47.1295 0
      vertex 37.5633 47.1295 0
      vertex 3.5 62.3 0
    endloop
  endfacet
  facet normal 0 0 -1
    outer loop
      vertex 3.5 62.3 0
      vertex 37.5633 47.1295 0
      vertex 37.25 47.15 0
    endloop
  endfacet
  facet normal 0 0 -1
    outer loop
      vertex 3.5 62.3 0
      vertex 37.25 47.15 0
      vertex 37.05 47.15 0
    endloop
  endfacet
  facet normal 0 0 -1
    outer loop
      vertex 3.5 62.3 0
      vertex 37.05 47.15 0
      vertex 36.7367 47.1295 0
    endloop
  endfacet
  facet normal 0 0 -1
    outer loop
      vertex 26.5633 47.1295 0
      vertex 36.7367 47.1295 0
      vertex 36.4288 47.0682 0
    endloop
  endfacet
  facet normal 0 0 -1
    outer loop
      vertex 28.65 44.75 0
      vertex 34.65 44.75 0
      vertex 28.65 17.55 0
    endloop
  endfacet
  facet normal 0 0 -1
    outer loop
      vertex 34.65 44.75 0
      vertex 28.65 44.75 0
      vertex 34.6705 45.0633 0
    endloop
  endfacet
  facet normal 0 0 -1
    outer loop
      vertex 28.6295 45.0633 0
      vertex 34.6705 45.0633 0
      vertex 28.65 44.75 0
    endloop
  endfacet
  facet normal 0 0 -1
    outer loop
      vertex 34.6705 45.0633 0
      vertex 28.6295 45.0633 0
      vertex 34.7318 45.3712 0
    endloop
  endfacet
  facet normal 0 0 -1
    outer loop
      vertex 28.5682 45.3712 0
      vertex 34.7318 45.3712 0
      vertex 28.6295 45.0633 0
    endloop
  endfacet
  facet normal 0 0 -1
    outer loop
      vertex 34.7318 45.3712 0
      vertex 28.5682 45.3712 0
      vertex 34.8327 45.6684 0
    endloop
  endfacet
  facet normal 0 0 -1
    outer loop
      vertex 28.4673 45.6684 0
      vertex 34.8327 45.6684 0
      vertex 28.5682 45.3712 0
    endloop
  endfacet
  facet normal 0 0 -1
    outer loop
      vertex 34.8327 45.6684 0
      vertex 28.4673 45.6684 0
      vertex 34.9715 45.95 0
    endloop
  endfacet
  facet normal 0 0 -1
    outer loop
      vertex 28.3285 45.95 0
      vertex 34.9715 45.95 0
      vertex 28.4673 45.6684 0
    endloop
  endfacet
  facet normal 0 0 -1
    outer loop
      vertex 34.9715 45.95 0
      vertex 28.3285 45.95 0
      vertex 35.146 46.211 0
    endloop
  endfacet
  facet normal 0 0 -1
    outer loop
      vertex 28.154 46.211 0
      vertex 35.146 46.211 0
      vertex 28.3285 45.95 0
    endloop
  endfacet
  facet normal 0 0 -1
    outer loop
      vertex 35.146 46.211 0
      vertex 28.154 46.211 0
      vertex 35.3529 46.4471 0
    endloop
  endfacet
  facet normal 0 0 -1
    outer loop
      vertex 27.9471 46.4471 0
      vertex 35.3529 46.4471 0
      vertex 28.154 46.211 0
    endloop
  endfacet
  facet normal 0 0 -1
    outer loop
      vertex 35.3529 46.4471 0
      vertex 27.9471 46.4471 0
      vertex 35.589 46.654 0
    endloop
  endfacet
  facet normal 0 0 -1
    outer loop
      vertex 27.711 46.654 0
      vertex 35.589 46.654 0
      vertex 27.9471 46.4471 0
    endloop
  endfacet
  facet normal 0 0 -1
    outer loop
      vertex 35.589 46.654 0
      vertex 27.711 46.654 0
      vertex 35.85 46.8285 0
    endloop
  endfacet
  facet normal 0 0 -1
    outer loop
      vertex 27.45 46.8285 0
      vertex 35.85 46.8285 0
      vertex 27.711 46.654 0
    endloop
  endfacet
  facet normal 0 0 -1
    outer loop
      vertex 35.85 46.8285 0
      vertex 27.45 46.8285 0
      vertex 36.1316 46.9673 0
    endloop
  endfacet
  facet normal 0 0 -1
    outer loop
      vertex 27.1684 46.9673 0
      vertex 36.1316 46.9673 0
      vertex 27.45 46.8285 0
    endloop
  endfacet
  facet normal 0 0 -1
    outer loop
      vertex 36.1316 46.9673 0
      vertex 27.1684 46.9673 0
      vertex 36.4288 47.0682 0
    endloop
  endfacet
  facet normal 0 0 -1
    outer loop
      vertex 26.8712 47.0682 0
      vertex 36.4288 47.0682 0
      vertex 27.1684 46.9673 0
    endloop
  endfacet
  facet normal 0 0 -1
    outer loop
      vertex 26.5633 47.1295 0
      vertex 36.4288 47.0682 0
      vertex 26.8712 47.0682 0
    endloop
  endfacet
  facet normal 0 0 -1
    outer loop
      vertex 36.7367 47.1295 0
      vertex 26.5633 47.1295 0
      vertex 3.5 62.3 0
    endloop
  endfacet
  facet normal 0 0 -1
    outer loop
      vertex 3.5 62.3 0
      vertex 26.5633 47.1295 0
      vertex 26.25 47.15 0
    endloop
  endfacet
  facet normal 0 0 -1
    outer loop
      vertex 3.5 62.3 0
      vertex 26.25 47.15 0
      vertex 26.05 47.15 0
    endloop
  endfacet
  facet normal 0 0 -1
    outer loop
      vertex 3.5 62.3 0
      vertex 26.05 47.15 0
      vertex 25.7367 47.1295 0
    endloop
  endfacet
  facet normal 0 0 -1
    outer loop
      vertex 3.5 62.3 0
      vertex 25.7367 47.1295 0
      vertex 25.4288 47.0682 0
    endloop
  endfacet
  facet normal 0 0 -1
    outer loop
      vertex 17.65 44.75 0
      vertex 23.65 44.75 0
      vertex 17.65 17.55 0
    endloop
  endfacet
  facet normal 0 0 -1
    outer loop
      vertex 23.65 44.75 0
      vertex 17.65 44.75 0
      vertex 23.6705 45.0633 0
    endloop
  endfacet
  facet normal 0 0 -1
    outer loop
      vertex 17.6295 45.0633 0
      vertex 23.6705 45.0633 0
      vertex 17.65 44.75 0
    endloop
  endfacet
  facet normal 0 0 -1
    outer loop
      vertex 23.6705 45.0633 0
      vertex 17.6295 45.0633 0
      vertex 23.7318 45.3712 0
    endloop
  endfacet
  facet normal 0 0 -1
    outer loop
      vertex 17.5682 45.3712 0
      vertex 23.7318 45.3712 0
      vertex 17.6295 45.0633 0
    endloop
  endfacet
  facet normal 0 0 -1
    outer loop
      vertex 23.7318 45.3712 0
      vertex 17.5682 45.3712 0
      vertex 23.8327 45.6684 0
    endloop
  endfacet
  facet normal 0 0 -1
    outer loop
      vertex 17.4673 45.6684 0
      vertex 23.8327 45.6684 0
      vertex 17.5682 45.3712 0
    endloop
  endfacet
  facet normal 0 0 -1
    outer loop
      vertex 23.8327 45.6684 0
      vertex 17.4673 45.6684 0
      vertex 23.9715 45.95 0
    endloop
  endfacet
  facet normal 0 0 -1
    outer loop
      vertex 17.3285 45.95 0
      vertex 23.9715 45.95 0
      vertex 17.4673 45.6684 0
    endloop
  endfacet
  facet normal 0 0 -1
    outer loop
      vertex 23.9715 45.95 0
      vertex 17.3285 45.95 0
      vertex 24.146 46.211 0
    endloop
  endfacet
  facet normal 0 0 -1
    outer loop
      vertex 17.154 46.211 0
      vertex 24.146 46.211 0
      vertex 17.3285 45.95 0
    endloop
  endfacet
  facet normal 0 0 -1
    outer loop
      vertex 24.146 46.211 0
      vertex 17.154 46.211 0
      vertex 24.3529 46.4471 0
    endloop
  endfacet
  facet normal 0 0 -1
    outer loop
      vertex 16.9471 46.4471 0
      vertex 24.3529 46.4471 0
      vertex 17.154 46.211 0
    endloop
  endfacet
  facet normal 0 0 -1
    outer loop
      vertex 24.3529 46.4471 0
      vertex 16.9471 46.4471 0
      vertex 24.589 46.654 0
    endloop
  endfacet
  facet normal 0 0 -1
    outer loop
      vertex 16.711 46.654 0
      vertex 24.589 46.654 0
      vertex 16.9471 46.4471 0
    endloop
  endfacet
  facet normal 0 0 -1
    outer loop
      vertex 24.589 46.654 0
      vertex 16.711 46.654 0
      vertex 24.85 46.8285 0
    endloop
  endfacet
  facet normal 0 0 -1
    outer loop
      vertex 16.45 46.8285 0
      vertex 24.85 46.8285 0
      vertex 16.711 46.654 0
    endloop
  endfacet
  facet normal 0 0 -1
    outer loop
      vertex 24.85 46.8285 0
      vertex 16.45 46.8285 0
      vertex 25.1316 46.9673 0
    endloop
  endfacet
  facet normal 0 0 -1
    outer loop
      vertex 16.1684 46.9673 0
      vertex 25.1316 46.9673 0
      vertex 16.45 46.8285 0
    endloop
  endfacet
  facet normal 0 0 -1
    outer loop
      vertex 25.1316 46.9673 0
      vertex 16.1684 46.9673 0
      vertex 25.4288 47.0682 0
    endloop
  endfacet
  facet normal 0 0 -1
    outer loop
      vertex 15.8712 47.0682 0
      vertex 25.4288 47.0682 0
      vertex 16.1684 46.9673 0
    endloop
  endfacet
  facet normal 0 0 -1
    outer loop
      vertex 25.4288 47.0682 0
      vertex 15.8712 47.0682 0
      vertex 3.5 62.3 0
    endloop
  endfacet
  facet normal 0 0 -1
    outer loop
      vertex 3.5 62.3 0
      vertex 15.8712 47.0682 0
      vertex 15.5633 47.1295 0
    endloop
  endfacet
  facet normal 0 0 -1
    outer loop
      vertex 3.5 62.3 0
      vertex 15.5633 47.1295 0
      vertex 15.25 47.15 0
    endloop
  endfacet
  facet normal 0 0 -1
    outer loop
      vertex 3.5 62.3 0
      vertex 15.25 47.15 0
      vertex 15.05 47.15 0
    endloop
  endfacet
  facet normal 0 0 -1
    outer loop
      vertex 3.5 62.3 0
      vertex 15.05 47.15 0
      vertex 14.7367 47.1295 0
    endloop
  endfacet
  facet normal 0 0 -1
    outer loop
      vertex 3.5 62.3 0
      vertex 14.7367 47.1295 0
      vertex 14.4288 47.0682 0
    endloop
  endfacet
  facet normal -0 0 -1
    outer loop
      vertex 12.65 17.55 0
      vertex 0 3.5 0
      vertex 12.65 44.75 0
    endloop
  endfacet
  facet normal 0 0 -1
    outer loop
      vertex 0 58.8 0
      vertex 12.65 44.75 0
      vertex 0 3.5 0
    endloop
  endfacet
  facet normal 0 0 -1
    outer loop
      vertex 48.05 47.15 0
      vertex 3.5 62.3 0
      vertex 87.8 62.3 0
    endloop
  endfacet
  facet normal 0 0 -1
    outer loop
      vertex 14.1316 46.9673 0
      vertex 3.5 62.3 0
      vertex 14.4288 47.0682 0
    endloop
  endfacet
  facet normal 0 0 -1
    outer loop
      vertex 13.85 46.8285 0
      vertex 3.5 62.3 0
      vertex 14.1316 46.9673 0
    endloop
  endfacet
  facet normal 0 0 -1
    outer loop
      vertex 13.589 46.654 0
      vertex 3.5 62.3 0
      vertex 13.85 46.8285 0
    endloop
  endfacet
  facet normal 0 0 -1
    outer loop
      vertex 0 58.8 0
      vertex 13.589 46.654 0
      vertex 13.3529 46.4471 0
    endloop
  endfacet
  facet normal 0 0 -1
    outer loop
      vertex 0 58.8 0
      vertex 13.3529 46.4471 0
      vertex 13.146 46.211 0
    endloop
  endfacet
  facet normal 0 0 -1
    outer loop
      vertex 0 58.8 0
      vertex 13.146 46.211 0
      vertex 12.9715 45.95 0
    endloop
  endfacet
  facet normal 0 0 -1
    outer loop
      vertex 0 58.8 0
      vertex 12.9715 45.95 0
      vertex 12.8327 45.6684 0
    endloop
  endfacet
  facet normal 0 0 -1
    outer loop
      vertex 0 58.8 0
      vertex 12.8327 45.6684 0
      vertex 12.7318 45.3712 0
    endloop
  endfacet
  facet normal 0 0 -1
    outer loop
      vertex 12.65 44.75 0
      vertex 0 58.8 0
      vertex 12.6705 45.0633 0
    endloop
  endfacet
  facet normal 0 0 -1
    outer loop
      vertex 0 3.5 0
      vertex 3.5 0 0
      vertex 3.04316 0.0299425 0
    endloop
  endfacet
  facet normal 0 0 -1
    outer loop
      vertex 12.6705 45.0633 0
      vertex 0 58.8 0
      vertex 12.7318 45.3712 0
    endloop
  endfacet
  facet normal 0 0 -1
    outer loop
      vertex 0 3.5 0
      vertex 3.04316 0.0299425 0
      vertex 2.59413 0.119259 0
    endloop
  endfacet
  facet normal 0 0 -1
    outer loop
      vertex 13.589 46.654 0
      vertex 0 58.8 0
      vertex 3.5 62.3 0
    endloop
  endfacet
  facet normal 0 0 -1
    outer loop
      vertex 0 3.5 0
      vertex 2.59413 0.119259 0
      vertex 2.16061 0.266421 0
    endloop
  endfacet
  facet normal 0 0 -1
    outer loop
      vertex 3.5 62.3 0
      vertex 0 58.8 0
      vertex 3.04316 62.2701 0
    endloop
  endfacet
  facet normal 0 0 -1
    outer loop
      vertex 0 3.5 0
      vertex 2.16061 0.266421 0
      vertex 1.75 0.46891 0
    endloop
  endfacet
  facet normal 0 0 -1
    outer loop
      vertex 3.04316 62.2701 0
      vertex 0 58.8 0
      vertex 2.59413 62.1807 0
    endloop
  endfacet
  facet normal 0 0 -1
    outer loop
      vertex 0 3.5 0
      vertex 1.75 0.46891 0
      vertex 1.36933 0.723263 0
    endloop
  endfacet
  facet normal 0 0 -1
    outer loop
      vertex 2.59413 62.1807 0
      vertex 0 58.8 0
      vertex 2.16061 62.0336 0
    endloop
  endfacet
  facet normal 0 0 -1
    outer loop
      vertex 0 3.5 0
      vertex 1.36933 0.723263 0
      vertex 1.02513 1.02513 0
    endloop
  endfacet
  facet normal 0 0 -1
    outer loop
      vertex 2.16061 62.0336 0
      vertex 0 58.8 0
      vertex 1.75 61.8311 0
    endloop
  endfacet
  facet normal 0 0 -1
    outer loop
      vertex 0 3.5 0
      vertex 1.02513 1.02513 0
      vertex 0.723263 1.36933 0
    endloop
  endfacet
  facet normal 0 0 -1
    outer loop
      vertex 1.75 61.8311 0
      vertex 0 58.8 0
      vertex 1.36933 61.5767 0
    endloop
  endfacet
  facet normal 0 0 -1
    outer loop
      vertex 0 3.5 0
      vertex 0.723263 1.36933 0
      vertex 0.46891 1.75 0
    endloop
  endfacet
  facet normal 0 0 -1
    outer loop
      vertex 1.36933 61.5767 0
      vertex 0 58.8 0
      vertex 1.02513 61.2749 0
    endloop
  endfacet
  facet normal 0 0 -1
    outer loop
      vertex 0 3.5 0
      vertex 0.46891 1.75 0
      vertex 0.266421 2.16061 0
    endloop
  endfacet
  facet normal 0 0 -1
    outer loop
      vertex 1.02513 61.2749 0
      vertex 0 58.8 0
      vertex 0.723263 60.9307 0
    endloop
  endfacet
  facet normal 0 0 -1
    outer loop
      vertex 0 3.5 0
      vertex 0.266421 2.16061 0
      vertex 0.119259 2.59413 0
    endloop
  endfacet
  facet normal 0 0 -1
    outer loop
      vertex 0.723263 60.9307 0
      vertex 0 58.8 0
      vertex 0.46891 60.55 0
    endloop
  endfacet
  facet normal 0 0 -1
    outer loop
      vertex 0 3.5 0
      vertex 0.119259 2.59413 0
      vertex 0.0299425 3.04316 0
    endloop
  endfacet
  facet normal 0 0 -1
    outer loop
      vertex 0.46891 60.55 0
      vertex 0 58.8 0
      vertex 0.266421 60.1394 0
    endloop
  endfacet
  facet normal 0 0 -1
    outer loop
      vertex 0.266421 60.1394 0
      vertex 0 58.8 0
      vertex 0.119259 59.7059 0
    endloop
  endfacet
  facet normal 0 0 -1
    outer loop
      vertex 0.119259 59.7059 0
      vertex 0 58.8 0
      vertex 0.0299425 59.2568 0
    endloop
  endfacet
  facet normal 0.831425 -0.555637 0
    outer loop
      vertex 90.5767 1.36933 24.9
      vertex 90.8311 1.75 0
      vertex 90.8311 1.75 24.9
    endloop
  endfacet
  facet normal 0.831425 -0.555637 0
    outer loop
      vertex 90.8311 1.75 0
      vertex 90.5767 1.36933 24.9
      vertex 90.5767 1.36933 0
    endloop
  endfacet
  facet normal -0.896874 -0.442286 0
    outer loop
      vertex 0.46891 1.75 0
      vertex 0.266421 2.16061 24.9
      vertex 0.266421 2.16061 0
    endloop
  endfacet
  facet normal -0.896874 -0.442286 0
    outer loop
      vertex 0.266421 2.16061 24.9
      vertex 0.46891 1.75 0
      vertex 0.46891 1.75 24.9
    endloop
  endfacet
  facet normal 0.997865 -0.0653099 0
    outer loop
      vertex 91.2701 3.04316 24.9
      vertex 91.3 3.5 0
      vertex 91.3 3.5 24.9
    endloop
  endfacet
  facet normal 0.997865 -0.0653099 0
    outer loop
      vertex 91.3 3.5 0
      vertex 91.2701 3.04316 24.9
      vertex 91.2701 3.04316 0
    endloop
  endfacet
  facet normal -0.946924 0.321456 0
    outer loop
      vertex 0.119259 59.7059 0
      vertex 0.266421 60.1394 24.9
      vertex 0.266421 60.1394 0
    endloop
  endfacet
  facet normal -0.946924 0.321456 0
    outer loop
      vertex 0.266421 60.1394 24.9
      vertex 0.119259 59.7059 0
      vertex 0.119259 59.7059 24.9
    endloop
  endfacet
  facet normal 0.195059 -0.980792 0
    outer loop
      vertex 88.2568 0.0299425 0
      vertex 88.7059 0.119259 24.9
      vertex 88.2568 0.0299425 24.9
    endloop
  endfacet
  facet normal 0.195059 -0.980792 0
    outer loop
      vertex 88.7059 0.119259 24.9
      vertex 88.2568 0.0299425 0
      vertex 88.7059 0.119259 0
    endloop
  endfacet
  facet normal 0 0 1
    outer loop
      vertex 88.8318 58.4176 24.9
      vertex 91.3 58.8 24.9
      vertex 91.2701 59.2568 24.9
    endloop
  endfacet
  facet normal 0 0 1
    outer loop
      vertex 88.7478 58.6654 24.9
      vertex 91.2701 59.2568 24.9
      vertex 91.1807 59.7059 24.9
    endloop
  endfacet
  facet normal 0 0 1
    outer loop
      vertex 88.632 58.9 24.9
      vertex 91.1807 59.7059 24.9
      vertex 91.0336 60.1394 24.9
    endloop
  endfacet
  facet normal 0 0 1
    outer loop
      vertex 88.632 58.9 24.9
      vertex 91.0336 60.1394 24.9
      vertex 90.8311 60.55 24.9
    endloop
  endfacet
  facet normal 0 0 1
    outer loop
      vertex 88.4867 59.1175 24.9
      vertex 90.8311 60.55 24.9
      vertex 90.5767 60.9307 24.9
    endloop
  endfacet
  facet normal 0 0 1
    outer loop
      vertex 88.3142 59.3142 24.9
      vertex 90.5767 60.9307 24.9
      vertex 90.2749 61.2749 24.9
    endloop
  endfacet
  facet normal 0 0 1
    outer loop
      vertex 88.3142 59.3142 24.9
      vertex 90.2749 61.2749 24.9
      vertex 89.9307 61.5767 24.9
    endloop
  endfacet
  facet normal 0 0 1
    outer loop
      vertex 88.1175 59.4867 24.9
      vertex 89.9307 61.5767 24.9
      vertex 89.55 61.8311 24.9
    endloop
  endfacet
  facet normal 0 0 1
    outer loop
      vertex 87.9 59.632 24.9
      vertex 89.55 61.8311 24.9
      vertex 89.1394 62.0336 24.9
    endloop
  endfacet
  facet normal 0 0 1
    outer loop
      vertex 90.8311 60.55 24.9
      vertex 88.4867 59.1175 24.9
      vertex 88.632 58.9 24.9
    endloop
  endfacet
  facet normal 0 0 1
    outer loop
      vertex 91.3 58.8 24.9
      vertex 88.8354 58.4 24.9
      vertex 91.3 58.4 24.9
    endloop
  endfacet
  facet normal 0 -0 1
    outer loop
      vertex 88.8354 58.4 24.9
      vertex 91.3 58.8 24.9
      vertex 88.8318 58.4176 24.9
    endloop
  endfacet
  facet normal 0 0 1
    outer loop
      vertex 87.9 59.632 24.9
      vertex 89.1394 62.0336 24.9
      vertex 88.7059 62.1807 24.9
    endloop
  endfacet
  facet normal 0 0 1
    outer loop
      vertex 91.2701 59.2568 24.9
      vertex 88.7478 58.6654 24.9
      vertex 88.8318 58.4176 24.9
    endloop
  endfacet
  facet normal 0 0 1
    outer loop
      vertex 91.1807 59.7059 24.9
      vertex 88.632 58.9 24.9
      vertex 88.7478 58.6654 24.9
    endloop
  endfacet
  facet normal 0 0 1
    outer loop
      vertex 90.5767 60.9307 24.9
      vertex 88.3142 59.3142 24.9
      vertex 88.4867 59.1175 24.9
    endloop
  endfacet
  facet normal 0 0 1
    outer loop
      vertex 87.6654 59.7478 24.9
      vertex 88.7059 62.1807 24.9
      vertex 88.2568 62.2701 24.9
    endloop
  endfacet
  facet normal 0 0 1
    outer loop
      vertex 89.9307 61.5767 24.9
      vertex 88.1175 59.4867 24.9
      vertex 88.3142 59.3142 24.9
    endloop
  endfacet
  facet normal 0 0 1
    outer loop
      vertex 89.55 61.8311 24.9
      vertex 87.9 59.632 24.9
      vertex 88.1175 59.4867 24.9
    endloop
  endfacet
  facet normal 0 0 1
    outer loop
      vertex 87.6654 59.7478 24.9
      vertex 88.2568 62.2701 24.9
      vertex 87.8 62.3 24.9
    endloop
  endfacet
  facet normal 0 0 1
    outer loop
      vertex 88.7059 62.1807 24.9
      vertex 87.6654 59.7478 24.9
      vertex 87.9 59.632 24.9
    endloop
  endfacet
  facet normal 0 0 1
    outer loop
      vertex 87.8 62.3 24.9
      vertex 87.4176 59.8319 24.9
      vertex 87.6654 59.7478 24.9
    endloop
  endfacet
  facet normal 0 0 1
    outer loop
      vertex 87.8 62.3 24.9
      vertex 87.161 59.8829 24.9
      vertex 87.4176 59.8319 24.9
    endloop
  endfacet
  facet normal 0 0 1
    outer loop
      vertex 87.8 62.3 24.9
      vertex 86.9 59.9 24.9
      vertex 87.161 59.8829 24.9
    endloop
  endfacet
  facet normal 0 0 1
    outer loop
      vertex 87.8 62.3 24.9
      vertex 4.4 59.9 24.9
      vertex 86.9 59.9 24.9
    endloop
  endfacet
  facet normal -0 0 1
    outer loop
      vertex 3.5 62.3 24.9
      vertex 4.4 59.9 24.9
      vertex 87.8 62.3 24.9
    endloop
  endfacet
  facet normal 0 0 1
    outer loop
      vertex 3.5 62.3 24.9
      vertex 4.13895 59.8829 24.9
      vertex 4.4 59.9 24.9
    endloop
  endfacet
  facet normal 0 0 1
    outer loop
      vertex 3.5 62.3 24.9
      vertex 3.88236 59.8319 24.9
      vertex 4.13895 59.8829 24.9
    endloop
  endfacet
  facet normal 0 0 1
    outer loop
      vertex 3.5 62.3 24.9
      vertex 3.63463 59.7478 24.9
      vertex 3.88236 59.8319 24.9
    endloop
  endfacet
  facet normal -0 0 1
    outer loop
      vertex 3.04316 62.2701 24.9
      vertex 3.63463 59.7478 24.9
      vertex 3.5 62.3 24.9
    endloop
  endfacet
  facet normal -0 0 1
    outer loop
      vertex 2.59413 62.1807 24.9
      vertex 3.63463 59.7478 24.9
      vertex 3.04316 62.2701 24.9
    endloop
  endfacet
  facet normal 0 0 1
    outer loop
      vertex 3.63463 59.7478 24.9
      vertex 2.59413 62.1807 24.9
      vertex 3.4 59.632 24.9
    endloop
  endfacet
  facet normal -0 0 1
    outer loop
      vertex 2.16061 62.0336 24.9
      vertex 3.4 59.632 24.9
      vertex 2.59413 62.1807 24.9
    endloop
  endfacet
  facet normal -0 0 1
    outer loop
      vertex 1.75 61.8311 24.9
      vertex 3.4 59.632 24.9
      vertex 2.16061 62.0336 24.9
    endloop
  endfacet
  facet normal 0 0 1
    outer loop
      vertex 3.4 59.632 24.9
      vertex 1.75 61.8311 24.9
      vertex 3.18248 59.4867 24.9
    endloop
  endfacet
  facet normal -0 0 1
    outer loop
      vertex 1.36933 61.5767 24.9
      vertex 3.18248 59.4867 24.9
      vertex 1.75 61.8311 24.9
    endloop
  endfacet
  facet normal 0 0 1
    outer loop
      vertex 3.18248 59.4867 24.9
      vertex 1.36933 61.5767 24.9
      vertex 2.98579 59.3142 24.9
    endloop
  endfacet
  facet normal -0 0 1
    outer loop
      vertex 1.02513 61.2749 24.9
      vertex 2.98579 59.3142 24.9
      vertex 1.36933 61.5767 24.9
    endloop
  endfacet
  facet normal -0 0 1
    outer loop
      vertex 0.723263 60.9307 24.9
      vertex 2.98579 59.3142 24.9
      vertex 1.02513 61.2749 24.9
    endloop
  endfacet
  facet normal 0 0 1
    outer loop
      vertex 2.98579 59.3142 24.9
      vertex 0.723263 60.9307 24.9
      vertex 2.81329 59.1175 24.9
    endloop
  endfacet
  facet normal 0 0 1
    outer loop
      vertex 2.81329 59.1175 24.9
      vertex 0.46891 60.55 24.9
      vertex 2.66795 58.9 24.9
    endloop
  endfacet
  facet normal -0 0 1
    outer loop
      vertex 0.46891 60.55 24.9
      vertex 2.81329 59.1175 24.9
      vertex 0.723263 60.9307 24.9
    endloop
  endfacet
  facet normal -0 0 1
    outer loop
      vertex 4.4 2.4 24.9
      vertex 7.85 0 24.9
      vertex 7.85 2.4 24.9
    endloop
  endfacet
  facet normal 0 0 1
    outer loop
      vertex 3.5 0 24.9
      vertex 4.4 2.4 24.9
      vertex 4.13895 2.41711 24.9
    endloop
  endfacet
  facet normal 0 0 1
    outer loop
      vertex 3.5 0 24.9
      vertex 4.13895 2.41711 24.9
      vertex 3.88236 2.46815 24.9
    endloop
  endfacet
  facet normal 0 0 1
    outer loop
      vertex 3.5 0 24.9
      vertex 3.88236 2.46815 24.9
      vertex 3.63463 2.55224 24.9
    endloop
  endfacet
  facet normal 0 0 1
    outer loop
      vertex 4.4 2.4 24.9
      vertex 3.5 0 24.9
      vertex 7.85 0 24.9
    endloop
  endfacet
  facet normal 0 0 1
    outer loop
      vertex 2.59413 0.119259 24.9
      vertex 3.63463 2.55224 24.9
      vertex 3.4 2.66795 24.9
    endloop
  endfacet
  facet normal 0 0 1
    outer loop
      vertex 1.75 0.46891 24.9
      vertex 3.4 2.66795 24.9
      vertex 3.18248 2.81329 24.9
    endloop
  endfacet
  facet normal 0 0 1
    outer loop
      vertex 3.63463 2.55224 24.9
      vertex 3.04316 0.0299425 24.9
      vertex 3.5 0 24.9
    endloop
  endfacet
  facet normal 0 0 1
    outer loop
      vertex 1.36933 0.723263 24.9
      vertex 3.18248 2.81329 24.9
      vertex 2.98579 2.98579 24.9
    endloop
  endfacet
  facet normal 0 0 1
    outer loop
      vertex 0.723263 1.36933 24.9
      vertex 2.98579 2.98579 24.9
      vertex 2.81329 3.18248 24.9
    endloop
  endfacet
  facet normal 0 0 1
    outer loop
      vertex 0.46891 1.75 24.9
      vertex 2.81329 3.18248 24.9
      vertex 2.66795 3.4 24.9
    endloop
  endfacet
  facet normal 0 0 1
    outer loop
      vertex 3.63463 2.55224 24.9
      vertex 2.59413 0.119259 24.9
      vertex 3.04316 0.0299425 24.9
    endloop
  endfacet
  facet normal 0 0 1
    outer loop
      vertex 0.119259 2.59413 24.9
      vertex 2.66795 3.4 24.9
      vertex 2.55224 3.63463 24.9
    endloop
  endfacet
  facet normal 0 0 1
    outer loop
      vertex 0.0299425 3.04316 24.9
      vertex 2.55224 3.63463 24.9
      vertex 2.46815 3.88236 24.9
    endloop
  endfacet
  facet normal 0 0 1
    outer loop
      vertex 0 3.5 24.9
      vertex 2.46815 3.88236 24.9
      vertex 2.41711 4.13895 24.9
    endloop
  endfacet
  facet normal 0 0 1
    outer loop
      vertex 0 3.5 24.9
      vertex 2.41711 4.13895 24.9
      vertex 2.4 4.4 24.9
    endloop
  endfacet
  facet normal 0 0 1
    outer loop
      vertex 3.4 2.66795 24.9
      vertex 2.16061 0.266421 24.9
      vertex 2.59413 0.119259 24.9
    endloop
  endfacet
  facet normal 0 0 1
    outer loop
      vertex 2.4 57.9 24.9
      vertex 0 58.8 24.9
      vertex 2.4 4.4 24.9
    endloop
  endfacet
  facet normal -0 0 1
    outer loop
      vertex 0.266421 60.1394 24.9
      vertex 2.66795 58.9 24.9
      vertex 0.46891 60.55 24.9
    endloop
  endfacet
  facet normal 0 0 1
    outer loop
      vertex 0 3.5 24.9
      vertex 2.4 4.4 24.9
      vertex 0 58.8 24.9
    endloop
  endfacet
  facet normal -0 0 1
    outer loop
      vertex 0.119259 59.7059 24.9
      vertex 2.66795 58.9 24.9
      vertex 0.266421 60.1394 24.9
    endloop
  endfacet
  facet normal 0 0 1
    outer loop
      vertex 2.46815 3.88236 24.9
      vertex 0 3.5 24.9
      vertex 0.0299425 3.04316 24.9
    endloop
  endfacet
  facet normal 0 0 1
    outer loop
      vertex 2.66795 58.9 24.9
      vertex 0.119259 59.7059 24.9
      vertex 2.55224 58.6654 24.9
    endloop
  endfacet
  facet normal 0 0 1
    outer loop
      vertex 3.4 2.66795 24.9
      vertex 1.75 0.46891 24.9
      vertex 2.16061 0.266421 24.9
    endloop
  endfacet
  facet normal -0 0 1
    outer loop
      vertex 0.0299425 59.2568 24.9
      vertex 2.55224 58.6654 24.9
      vertex 0.119259 59.7059 24.9
    endloop
  endfacet
  facet normal 0 0 1
    outer loop
      vertex 3.18248 2.81329 24.9
      vertex 1.36933 0.723263 24.9
      vertex 1.75 0.46891 24.9
    endloop
  endfacet
  facet normal 0 0 1
    outer loop
      vertex 2.55224 58.6654 24.9
      vertex 0.0299425 59.2568 24.9
      vertex 2.46815 58.4176 24.9
    endloop
  endfacet
  facet normal 0 0 1
    outer loop
      vertex 2.98579 2.98579 24.9
      vertex 1.02513 1.02513 24.9
      vertex 1.36933 0.723263 24.9
    endloop
  endfacet
  facet normal -0 0 1
    outer loop
      vertex 0 58.8 24.9
      vertex 2.46815 58.4176 24.9
      vertex 0.0299425 59.2568 24.9
    endloop
  endfacet
  facet normal 0 0 1
    outer loop
      vertex 2.98579 2.98579 24.9
      vertex 0.723263 1.36933 24.9
      vertex 1.02513 1.02513 24.9
    endloop
  endfacet
  facet normal 0 0 1
    outer loop
      vertex 2.46815 58.4176 24.9
      vertex 0 58.8 24.9
      vertex 2.41711 58.1611 24.9
    endloop
  endfacet
  facet normal 0 0 1
    outer loop
      vertex 2.81329 3.18248 24.9
      vertex 0.46891 1.75 24.9
      vertex 0.723263 1.36933 24.9
    endloop
  endfacet
  facet normal 0 0 1
    outer loop
      vertex 2.41711 58.1611 24.9
      vertex 0 58.8 24.9
      vertex 2.4 57.9 24.9
    endloop
  endfacet
  facet normal 0 0 1
    outer loop
      vertex 2.66795 3.4 24.9
      vertex 0.266421 2.16061 24.9
      vertex 0.46891 1.75 24.9
    endloop
  endfacet
  facet normal 0 0 1
    outer loop
      vertex 2.66795 3.4 24.9
      vertex 0.119259 2.59413 24.9
      vertex 0.266421 2.16061 24.9
    endloop
  endfacet
  facet normal 0 0 1
    outer loop
      vertex 2.55224 3.63463 24.9
      vertex 0.0299425 3.04316 24.9
      vertex 0.119259 2.59413 24.9
    endloop
  endfacet
  facet normal -0 0 1
    outer loop
      vertex 88.753 3.65 24.9
      vertex 91.3 3.5 24.9
      vertex 91.3 3.65 24.9
    endloop
  endfacet
  facet normal 0 0 1
    outer loop
      vertex 91.3 3.5 24.9
      vertex 88.753 3.65 24.9
      vertex 91.2701 3.04316 24.9
    endloop
  endfacet
  facet normal -0 0 1
    outer loop
      vertex 88.7478 3.63463 24.9
      vertex 91.2701 3.04316 24.9
      vertex 88.753 3.65 24.9
    endloop
  endfacet
  facet normal -0 0 1
    outer loop
      vertex 88.632 3.4 24.9
      vertex 91.1807 2.59413 24.9
      vertex 88.7478 3.63463 24.9
    endloop
  endfacet
  facet normal 0 0 1
    outer loop
      vertex 91.1807 2.59413 24.9
      vertex 88.632 3.4 24.9
      vertex 91.0336 2.16061 24.9
    endloop
  endfacet
  facet normal -0 0 1
    outer loop
      vertex 88.4867 3.18248 24.9
      vertex 90.8311 1.75 24.9
      vertex 88.632 3.4 24.9
    endloop
  endfacet
  facet normal 0 0 1
    outer loop
      vertex 90.8311 1.75 24.9
      vertex 88.4867 3.18248 24.9
      vertex 90.5767 1.36933 24.9
    endloop
  endfacet
  facet normal -0 0 1
    outer loop
      vertex 88.3142 2.98579 24.9
      vertex 90.5767 1.36933 24.9
      vertex 88.4867 3.18248 24.9
    endloop
  endfacet
  facet normal 0 0 1
    outer loop
      vertex 90.2749 1.02513 24.9
      vertex 88.3142 2.98579 24.9
      vertex 89.9307 0.723263 24.9
    endloop
  endfacet
  facet normal 0 0 1
    outer loop
      vertex 91.2701 3.04316 24.9
      vertex 88.7478 3.63463 24.9
      vertex 91.1807 2.59413 24.9
    endloop
  endfacet
  facet normal 0 0 1
    outer loop
      vertex 91.0336 2.16061 24.9
      vertex 88.632 3.4 24.9
      vertex 90.8311 1.75 24.9
    endloop
  endfacet
  facet normal 0 0 1
    outer loop
      vertex 90.5767 1.36933 24.9
      vertex 88.3142 2.98579 24.9
      vertex 90.2749 1.02513 24.9
    endloop
  endfacet
  facet normal -0 0 1
    outer loop
      vertex 88.1175 2.81329 24.9
      vertex 89.9307 0.723263 24.9
      vertex 88.3142 2.98579 24.9
    endloop
  endfacet
  facet normal 0 0 1
    outer loop
      vertex 89.9307 0.723263 24.9
      vertex 88.1175 2.81329 24.9
      vertex 89.55 0.46891 24.9
    endloop
  endfacet
  facet normal -0 0 1
    outer loop
      vertex 87.9 2.66795 24.9
      vertex 89.55 0.46891 24.9
      vertex 88.1175 2.81329 24.9
    endloop
  endfacet
  facet normal 0 0 1
    outer loop
      vertex 89.55 0.46891 24.9
      vertex 87.9 2.66795 24.9
      vertex 89.1394 0.266421 24.9
    endloop
  endfacet
  facet normal 0 0 1
    outer loop
      vertex 89.1394 0.266421 24.9
      vertex 87.9 2.66795 24.9
      vertex 88.7059 0.119259 24.9
    endloop
  endfacet
  facet normal -0 0 1
    outer loop
      vertex 87.6654 2.55224 24.9
      vertex 88.7059 0.119259 24.9
      vertex 87.9 2.66795 24.9
    endloop
  endfacet
  facet normal 0 0 1
    outer loop
      vertex 88.7059 0.119259 24.9
      vertex 87.6654 2.55224 24.9
      vertex 88.2568 0.0299425 24.9
    endloop
  endfacet
  facet normal 0 0 1
    outer loop
      vertex 88.2568 0.0299425 24.9
      vertex 87.6654 2.55224 24.9
      vertex 87.8 0 24.9
    endloop
  endfacet
  facet normal -0 0 1
    outer loop
      vertex 87.4176 2.46815 24.9
      vertex 87.8 0 24.9
      vertex 87.6654 2.55224 24.9
    endloop
  endfacet
  facet normal -0 0 1
    outer loop
      vertex 87.161 2.41711 24.9
      vertex 87.8 0 24.9
      vertex 87.4176 2.46815 24.9
    endloop
  endfacet
  facet normal -0 0 1
    outer loop
      vertex 86.9 2.4 24.9
      vertex 87.8 0 24.9
      vertex 87.161 2.41711 24.9
    endloop
  endfacet
  facet normal 0 0 1
    outer loop
      vertex 62.15 0 24.9
      vertex 86.9 2.4 24.9
      vertex 62.15 2.4 24.9
    endloop
  endfacet
  facet normal 0 0 1
    outer loop
      vertex 86.9 2.4 24.9
      vertex 62.15 0 24.9
      vertex 87.8 0 24.9
    endloop
  endfacet
  facet normal -0 0 1
    outer loop
      vertex 20.85 2.4 24.9
      vertex 23.15 0 24.9
      vertex 23.15 2.4 24.9
    endloop
  endfacet
  facet normal 0 0 1
    outer loop
      vertex 23.15 0 24.9
      vertex 20.85 2.4 24.9
      vertex 20.85 0 24.9
    endloop
  endfacet
  facet normal -0 0 1
    outer loop
      vertex 35.15 2.4 24.9
      vertex 36.65 0 24.9
      vertex 36.65 2.4 24.9
    endloop
  endfacet
  facet normal 0 0 1
    outer loop
      vertex 36.65 0 24.9
      vertex 35.15 2.4 24.9
      vertex 35.15 0 24.9
    endloop
  endfacet
  facet normal -0 0 1
    outer loop
      vertex 48.65 2.4 24.9
      vertex 52.15 0 24.9
      vertex 52.15 2.4 24.9
    endloop
  endfacet
  facet normal 0 0 1
    outer loop
      vertex 52.15 0 24.9
      vertex 48.65 2.4 24.9
      vertex 48.65 0 24.9
    endloop
  endfacet
  facet normal -0 0 1
    outer loop
      vertex 88.9 39.4 24.9
      vertex 91.3 38.65 24.9
      vertex 91.3 39.4 24.9
    endloop
  endfacet
  facet normal 0 0 1
    outer loop
      vertex 91.3 38.65 24.9
      vertex 88.9 39.4 24.9
      vertex 88.9 38.65 24.9
    endloop
  endfacet
  facet normal -0 0 1
    outer loop
      vertex 88.9 21.65 24.9
      vertex 91.3 20.65 24.9
      vertex 91.3 21.65 24.9
    endloop
  endfacet
  facet normal 0 0 1
    outer loop
      vertex 91.3 20.65 24.9
      vertex 88.9 21.65 24.9
      vertex 88.9 20.65 24.9
    endloop
  endfacet
  facet normal -0.751827 -0.65936 0
    outer loop
      vertex 1.02513 1.02513 0
      vertex 0.723263 1.36933 24.9
      vertex 0.723263 1.36933 0
    endloop
  endfacet
  facet normal -0.751827 -0.65936 0
    outer loop
      vertex 0.723263 1.36933 24.9
      vertex 1.02513 1.02513 0
      vertex 1.02513 1.02513 24.9
    endloop
  endfacet
  facet normal -0.831472 -0.555566 0
    outer loop
      vertex 0.723263 1.36933 0
      vertex 0.46891 1.75 24.9
      vertex 0.46891 1.75 0
    endloop
  endfacet
  facet normal -0.831472 -0.555566 0
    outer loop
      vertex 0.46891 1.75 24.9
      vertex 0.723263 1.36933 0
      vertex 0.723263 1.36933 24.9
    endloop
  endfacet
  facet normal -0.997859 0.065408 0
    outer loop
      vertex 0 58.8 0
      vertex 0.0299425 59.2568 24.9
      vertex 0.0299425 59.2568 0
    endloop
  endfacet
  facet normal -0.997859 0.065408 0
    outer loop
      vertex 0.0299425 59.2568 24.9
      vertex 0 58.8 0
      vertex 0 58.8 24.9
    endloop
  endfacet
  facet normal -0.980792 0.195059 0
    outer loop
      vertex 0.0299425 59.2568 0
      vertex 0.119259 59.7059 24.9
      vertex 0.119259 59.7059 0
    endloop
  endfacet
  facet normal -0.980792 0.195059 0
    outer loop
      vertex 0.119259 59.7059 24.9
      vertex 0.0299425 59.2568 0
      vertex 0.0299425 59.2568 24.9
    endloop
  endfacet
  facet normal 0 1 0
    outer loop
      vertex 86.9 2.4 24.9
      vertex 62.15 2.4 6.8
      vertex 62.15 2.4 24.9
    endloop
  endfacet
  facet normal 0 1 0
    outer loop
      vertex 86.9 2.4 2.4
      vertex 52.15 2.4 6.8
      vertex 62.15 2.4 6.8
    endloop
  endfacet
  facet normal 0 1 0
    outer loop
      vertex 52.15 2.4 6.8
      vertex 86.9 2.4 2.4
      vertex 48.65 2.4 6.8
    endloop
  endfacet
  facet normal 0 1 0
    outer loop
      vertex 4.4 2.4 2.4
      vertex 48.65 2.4 6.8
      vertex 86.9 2.4 2.4
    endloop
  endfacet
  facet normal 0 1 0
    outer loop
      vertex 48.65 2.4 6.8
      vertex 4.4 2.4 2.4
      vertex 36.65 2.4 6.8
    endloop
  endfacet
  facet normal 0 1 0
    outer loop
      vertex 35.15 2.4 6.8
      vertex 4.4 2.4 2.4
      vertex 23.15 2.4 6.8
    endloop
  endfacet
  facet normal 0 1 0
    outer loop
      vertex 23.15 2.4 6.8
      vertex 4.4 2.4 2.4
      vertex 20.85 2.4 6.8
    endloop
  endfacet
  facet normal 0 1 0
    outer loop
      vertex 36.65 2.4 6.8
      vertex 4.4 2.4 2.4
      vertex 35.15 2.4 6.8
    endloop
  endfacet
  facet normal 0 1 -0
    outer loop
      vertex 86.9 2.4 2.4
      vertex 62.15 2.4 6.8
      vertex 86.9 2.4 24.9
    endloop
  endfacet
  facet normal 0 1 -0
    outer loop
      vertex 52.15 2.4 6.8
      vertex 48.65 2.4 24.9
      vertex 52.15 2.4 24.9
    endloop
  endfacet
  facet normal 0 1 0
    outer loop
      vertex 48.65 2.4 24.9
      vertex 52.15 2.4 6.8
      vertex 48.65 2.4 6.8
    endloop
  endfacet
  facet normal 0 1 -0
    outer loop
      vertex 36.65 2.4 6.8
      vertex 35.15 2.4 24.9
      vertex 36.65 2.4 24.9
    endloop
  endfacet
  facet normal 0 1 0
    outer loop
      vertex 35.15 2.4 24.9
      vertex 36.65 2.4 6.8
      vertex 35.15 2.4 6.8
    endloop
  endfacet
  facet normal 0 1 -0
    outer loop
      vertex 23.15 2.4 6.8
      vertex 20.85 2.4 24.9
      vertex 23.15 2.4 24.9
    endloop
  endfacet
  facet normal 0 1 0
    outer loop
      vertex 20.85 2.4 24.9
      vertex 23.15 2.4 6.8
      vertex 20.85 2.4 6.8
    endloop
  endfacet
  facet normal 0 1 -0
    outer loop
      vertex 7.85 2.4 6.8
      vertex 4.4 2.4 24.9
      vertex 7.85 2.4 24.9
    endloop
  endfacet
  facet normal 0 1 0
    outer loop
      vertex 7.85 2.4 6.8
      vertex 4.4 2.4 2.4
      vertex 4.4 2.4 24.9
    endloop
  endfacet
  facet normal 0 1 0
    outer loop
      vertex 20.85 2.4 6.8
      vertex 4.4 2.4 2.4
      vertex 7.85 2.4 6.8
    endloop
  endfacet
  facet normal 0.555564 0.831474 -0
    outer loop
      vertex 3.4 2.66795 2.4
      vertex 3.18248 2.81329 24.9
      vertex 3.4 2.66795 24.9
    endloop
  endfacet
  facet normal 0.555564 0.831474 0
    outer loop
      vertex 3.18248 2.81329 24.9
      vertex 3.4 2.66795 2.4
      vertex 3.18248 2.81329 2.4
    endloop
  endfacet
  facet normal 0.442575 -0.896731 0
    outer loop
      vertex 3.4 59.632 2.4
      vertex 3.63463 59.7478 24.9
      vertex 3.4 59.632 24.9
    endloop
  endfacet
  facet normal 0.442575 -0.896731 0
    outer loop
      vertex 3.63463 59.7478 24.9
      vertex 3.4 59.632 2.4
      vertex 3.63463 59.7478 2.4
    endloop
  endfacet
  facet normal 0.997859 0.0654027 0
    outer loop
      vertex 2.41711 4.13895 24.9
      vertex 2.4 4.4 2.4
      vertex 2.4 4.4 24.9
    endloop
  endfacet
  facet normal 0.997859 0.0654027 0
    outer loop
      vertex 2.4 4.4 2.4
      vertex 2.41711 4.13895 24.9
      vertex 2.41711 4.13895 2.4
    endloop
  endfacet
  facet normal 0.0654027 0.997859 -0
    outer loop
      vertex 4.4 2.4 2.4
      vertex 4.13895 2.41711 24.9
      vertex 4.4 2.4 24.9
    endloop
  endfacet
  facet normal 0.0654027 0.997859 0
    outer loop
      vertex 4.13895 2.41711 24.9
      vertex 4.4 2.4 2.4
      vertex 4.13895 2.41711 2.4
    endloop
  endfacet
  facet normal 0 -1 0
    outer loop
      vertex 4.4 59.9 2.4
      vertex 86.9 59.9 24.9
      vertex 4.4 59.9 24.9
    endloop
  endfacet
  facet normal 0 -1 -0
    outer loop
      vertex 86.9 59.9 24.9
      vertex 4.4 59.9 2.4
      vertex 86.9 59.9 2.4
    endloop
  endfacet
  facet normal 1 0 0
    outer loop
      vertex 2.4 57.9 24.9
      vertex 2.4 39.15 7.8
      vertex 2.4 57.9 2.4
    endloop
  endfacet
  facet normal 1 0 0
    outer loop
      vertex 2.4 57.9 24.9
      vertex 2.4 23.15 7.8
      vertex 2.4 39.15 7.8
    endloop
  endfacet
  facet normal 1 0 0
    outer loop
      vertex 2.4 4.4 2.4
      vertex 2.4 23.15 7.8
      vertex 2.4 4.4 24.9
    endloop
  endfacet
  facet normal 1 -0 0
    outer loop
      vertex 2.4 4.4 24.9
      vertex 2.4 23.15 7.8
      vertex 2.4 57.9 24.9
    endloop
  endfacet
  facet normal 1 -0 0
    outer loop
      vertex 2.4 39.15 2.6
      vertex 2.4 57.9 2.4
      vertex 2.4 39.15 7.8
    endloop
  endfacet
  facet normal 1 -0 0
    outer loop
      vertex 2.4 23.15 2.6
      vertex 2.4 57.9 2.4
      vertex 2.4 39.15 2.6
    endloop
  endfacet
  facet normal 1 0 0
    outer loop
      vertex 2.4 23.15 2.6
      vertex 2.4 4.4 2.4
      vertex 2.4 57.9 2.4
    endloop
  endfacet
  facet normal 1 0 0
    outer loop
      vertex 2.4 23.15 7.8
      vertex 2.4 4.4 2.4
      vertex 2.4 23.15 2.6
    endloop
  endfacet
  facet normal 0.946934 0.321429 0
    outer loop
      vertex 2.55224 3.63463 24.9
      vertex 2.46815 3.88236 2.4
      vertex 2.46815 3.88236 24.9
    endloop
  endfacet
  facet normal 0.946934 0.321429 0
    outer loop
      vertex 2.46815 3.88236 2.4
      vertex 2.55224 3.63463 24.9
      vertex 2.55224 3.63463 2.4
    endloop
  endfacet
  facet normal 0.83145 -0.5556 0
    outer loop
      vertex 2.66795 58.9 24.9
      vertex 2.81329 59.1175 2.4
      vertex 2.81329 59.1175 24.9
    endloop
  endfacet
  facet normal 0.83145 -0.5556 0
    outer loop
      vertex 2.81329 59.1175 2.4
      vertex 2.66795 58.9 24.9
      vertex 2.66795 58.9 2.4
    endloop
  endfacet
  facet normal 0.659362 -0.751826 0
    outer loop
      vertex 2.98579 59.3142 2.4
      vertex 3.18248 59.4867 24.9
      vertex 2.98579 59.3142 24.9
    endloop
  endfacet
  facet normal 0.659362 -0.751826 0
    outer loop
      vertex 3.18248 59.4867 24.9
      vertex 2.98579 59.3142 2.4
      vertex 3.18248 59.4867 2.4
    endloop
  endfacet
  facet normal -0.896709 -0.442621 0
    outer loop
      vertex 88.7478 58.6654 2.4
      vertex 88.632 58.9 24.9
      vertex 88.632 58.9 2.4
    endloop
  endfacet
  facet normal -0.896709 -0.442621 0
    outer loop
      vertex 88.632 58.9 24.9
      vertex 88.7478 58.6654 2.4
      vertex 88.7478 58.6654 24.9
    endloop
  endfacet
  facet normal 0.321463 -0.946922 0
    outer loop
      vertex 3.63463 59.7478 2.4
      vertex 3.88236 59.8319 24.9
      vertex 3.63463 59.7478 24.9
    endloop
  endfacet
  facet normal 0.321463 -0.946922 0
    outer loop
      vertex 3.88236 59.8319 24.9
      vertex 3.63463 59.7478 2.4
      vertex 3.88236 59.8319 2.4
    endloop
  endfacet
  facet normal 0.555459 -0.831544 0
    outer loop
      vertex 3.18248 59.4867 2.4
      vertex 3.4 59.632 24.9
      vertex 3.18248 59.4867 24.9
    endloop
  endfacet
  facet normal 0.555459 -0.831544 0
    outer loop
      vertex 3.4 59.632 24.9
      vertex 3.18248 59.4867 2.4
      vertex 3.4 59.632 2.4
    endloop
  endfacet
  facet normal -0.831544 0.555459 0
    outer loop
      vertex 88.4867 3.18248 2.4
      vertex 88.632 3.4 24.9
      vertex 88.632 3.4 2.4
    endloop
  endfacet
  facet normal -0.831544 0.555459 0
    outer loop
      vertex 88.632 3.4 24.9
      vertex 88.4867 3.18248 2.4
      vertex 88.4867 3.18248 24.9
    endloop
  endfacet
  facet normal -1 0 0
    outer loop
      vertex 88.9 57.9 2.4
      vertex 88.9 39.4 6.8
      vertex 88.9 57.9 6.8
    endloop
  endfacet
  facet normal -1 0 0
    outer loop
      vertex 88.9 39.4 6.8
      vertex 88.9 38.65 6.8
      vertex 88.9 39.4 24.9
    endloop
  endfacet
  facet normal -1 0 0
    outer loop
      vertex 88.9 57.9 2.4
      vertex 88.9 38.65 6.8
      vertex 88.9 39.4 6.8
    endloop
  endfacet
  facet normal -1 0 0
    outer loop
      vertex 88.9 4.4 2.4
      vertex 88.9 38.65 6.8
      vertex 88.9 57.9 2.4
    endloop
  endfacet
  facet normal -1 0 0
    outer loop
      vertex 88.9 21.65 6.8
      vertex 88.9 20.65 6.8
      vertex 88.9 21.65 24.9
    endloop
  endfacet
  facet normal -1 -0 0
    outer loop
      vertex 88.9 38.65 6.8
      vertex 88.9 4.4 2.4
      vertex 88.9 21.65 6.8
    endloop
  endfacet
  facet normal -1 -0 0
    outer loop
      vertex 88.9 21.65 6.8
      vertex 88.9 4.4 2.4
      vertex 88.9 20.65 6.8
    endloop
  endfacet
  facet normal -1 -0 0
    outer loop
      vertex 88.9 20.65 6.8
      vertex 88.9 4.4 2.4
      vertex 88.9 4.4 6.8
    endloop
  endfacet
  facet normal -1 -0 0
    outer loop
      vertex 88.9 39.4 24.9
      vertex 88.9 38.65 6.8
      vertex 88.9 38.65 24.9
    endloop
  endfacet
  facet normal -1 -0 0
    outer loop
      vertex 88.9 21.65 24.9
      vertex 88.9 20.65 6.8
      vertex 88.9 20.65 24.9
    endloop
  endfacet
  facet normal -0.997862 -0.0653521 0
    outer loop
      vertex 88.9 57.9 2.4
      vertex 88.8829 58.1611 6.8
      vertex 88.8829 58.1611 2.4
    endloop
  endfacet
  facet normal -0.997862 -0.0653521 0
    outer loop
      vertex 88.8829 58.1611 6.8
      vertex 88.9 57.9 2.4
      vertex 88.9 57.9 6.8
    endloop
  endfacet
  facet normal 0.321429 0.946934 -0
    outer loop
      vertex 3.88236 2.46815 2.4
      vertex 3.63463 2.55224 24.9
      vertex 3.88236 2.46815 24.9
    endloop
  endfacet
  facet normal 0.321429 0.946934 0
    outer loop
      vertex 3.63463 2.55224 24.9
      vertex 3.88236 2.46815 2.4
      vertex 3.63463 2.55224 2.4
    endloop
  endfacet
  facet normal -0.0653771 -0.997861 0
    outer loop
      vertex 86.9 59.9 2.4
      vertex 87.161 59.8829 24.9
      vertex 86.9 59.9 24.9
    endloop
  endfacet
  facet normal -0.0653771 -0.997861 -0
    outer loop
      vertex 87.161 59.8829 24.9
      vertex 86.9 59.9 2.4
      vertex 87.161 59.8829 2.4
    endloop
  endfacet
  facet normal 0.99786 -0.0653902 0
    outer loop
      vertex 2.4 57.9 24.9
      vertex 2.41711 58.1611 2.4
      vertex 2.41711 58.1611 24.9
    endloop
  endfacet
  facet normal 0.99786 -0.0653902 0
    outer loop
      vertex 2.41711 58.1611 2.4
      vertex 2.4 57.9 24.9
      vertex 2.4 57.9 2.4
    endloop
  endfacet
  facet normal 0.980784 0.195094 0
    outer loop
      vertex 2.46815 3.88236 24.9
      vertex 2.41711 4.13895 2.4
      vertex 2.41711 4.13895 24.9
    endloop
  endfacet
  facet normal 0.980784 0.195094 0
    outer loop
      vertex 2.41711 4.13895 2.4
      vertex 2.46815 3.88236 24.9
      vertex 2.46815 3.88236 2.4
    endloop
  endfacet
  facet normal -0.659343 -0.751842 0
    outer loop
      vertex 88.1175 59.4867 2.4
      vertex 88.3142 59.3142 24.9
      vertex 88.1175 59.4867 24.9
    endloop
  endfacet
  facet normal -0.659343 -0.751842 -0
    outer loop
      vertex 88.3142 59.3142 24.9
      vertex 88.1175 59.4867 2.4
      vertex 88.3142 59.3142 2.4
    endloop
  endfacet
  facet normal 0.194947 -0.980814 0
    outer loop
      vertex 3.88236 59.8319 2.4
      vertex 4.13895 59.8829 24.9
      vertex 3.88236 59.8319 24.9
    endloop
  endfacet
  facet normal 0.194947 -0.980814 0
    outer loop
      vertex 4.13895 59.8829 24.9
      vertex 3.88236 59.8319 2.4
      vertex 4.13895 59.8829 2.4
    endloop
  endfacet
  facet normal 0.751842 -0.659343 0
    outer loop
      vertex 2.81329 59.1175 24.9
      vertex 2.98579 59.3142 2.4
      vertex 2.98579 59.3142 24.9
    endloop
  endfacet
  facet normal 0.751842 -0.659343 0
    outer loop
      vertex 2.98579 59.3142 2.4
      vertex 2.81329 59.1175 24.9
      vertex 2.81329 59.1175 2.4
    endloop
  endfacet
  facet normal -0.997861 0.0653646 0
    outer loop
      vertex 88.8829 4.13895 2.4
      vertex 88.9 4.4 6.8
      vertex 88.9 4.4 2.4
    endloop
  endfacet
  facet normal -0.997861 0.0653646 0
    outer loop
      vertex 88.9 4.4 6.8
      vertex 88.8829 4.13895 2.4
      vertex 88.8829 4.13895 6.8
    endloop
  endfacet
  facet normal 0.980771 -0.19516 0
    outer loop
      vertex 2.41711 58.1611 24.9
      vertex 2.46815 58.4176 2.4
      vertex 2.46815 58.4176 24.9
    endloop
  endfacet
  facet normal 0.980771 -0.19516 0
    outer loop
      vertex 2.46815 58.4176 2.4
      vertex 2.41711 58.1611 24.9
      vertex 2.41711 58.1611 2.4
    endloop
  endfacet
  facet normal -0.0654151 0.997858 0
    outer loop
      vertex 87.161 2.41711 2.4
      vertex 86.9 2.4 24.9
      vertex 87.161 2.41711 24.9
    endloop
  endfacet
  facet normal -0.0654151 0.997858 0
    outer loop
      vertex 86.9 2.4 24.9
      vertex 87.161 2.41711 2.4
      vertex 86.9 2.4 2.4
    endloop
  endfacet
  facet normal -0.19494 -0.980815 0
    outer loop
      vertex 87.161 59.8829 2.4
      vertex 87.4176 59.8319 24.9
      vertex 87.161 59.8829 24.9
    endloop
  endfacet
  facet normal -0.19494 -0.980815 -0
    outer loop
      vertex 87.4176 59.8319 24.9
      vertex 87.161 59.8829 2.4
      vertex 87.4176 59.8319 2.4
    endloop
  endfacet
  facet normal -0.555494 -0.831521 0
    outer loop
      vertex 87.9 59.632 2.4
      vertex 88.1175 59.4867 24.9
      vertex 87.9 59.632 24.9
    endloop
  endfacet
  facet normal -0.555494 -0.831521 -0
    outer loop
      vertex 88.1175 59.4867 24.9
      vertex 87.9 59.632 2.4
      vertex 88.1175 59.4867 2.4
    endloop
  endfacet
  facet normal 0.946961 -0.321348 0
    outer loop
      vertex 2.46815 58.4176 24.9
      vertex 2.55224 58.6654 2.4
      vertex 2.55224 58.6654 24.9
    endloop
  endfacet
  facet normal 0.946961 -0.321348 0
    outer loop
      vertex 2.55224 58.6654 2.4
      vertex 2.46815 58.4176 24.9
      vertex 2.46815 58.4176 2.4
    endloop
  endfacet
  facet normal 0.831474 0.555564 0
    outer loop
      vertex 2.81329 3.18248 24.9
      vertex 2.66795 3.4 2.4
      vertex 2.66795 3.4 24.9
    endloop
  endfacet
  facet normal 0.831474 0.555564 0
    outer loop
      vertex 2.66795 3.4 2.4
      vertex 2.81329 3.18248 24.9
      vertex 2.81329 3.18248 2.4
    endloop
  endfacet
  facet normal -0.442621 -0.896709 0
    outer loop
      vertex 87.6654 59.7478 2.4
      vertex 87.9 59.632 24.9
      vertex 87.6654 59.7478 24.9
    endloop
  endfacet
  facet normal -0.442621 -0.896709 -0
    outer loop
      vertex 87.9 59.632 24.9
      vertex 87.6654 59.7478 2.4
      vertex 87.9 59.632 2.4
    endloop
  endfacet
  facet normal 0.896845 -0.442344 0
    outer loop
      vertex 2.55224 58.6654 24.9
      vertex 2.66795 58.9 2.4
      vertex 2.66795 58.9 24.9
    endloop
  endfacet
  facet normal 0.896845 -0.442344 0
    outer loop
      vertex 2.66795 58.9 2.4
      vertex 2.55224 58.6654 24.9
      vertex 2.55224 58.6654 2.4
    endloop
  endfacet
  facet normal 0.659362 0.751826 -0
    outer loop
      vertex 3.18248 2.81329 2.4
      vertex 2.98579 2.98579 24.9
      vertex 3.18248 2.81329 24.9
    endloop
  endfacet
  facet normal 0.659362 0.751826 0
    outer loop
      vertex 2.98579 2.98579 24.9
      vertex 3.18248 2.81329 2.4
      vertex 2.98579 2.98579 2.4
    endloop
  endfacet
  facet normal -0.659343 0.751842 0
    outer loop
      vertex 88.3142 2.98579 2.4
      vertex 88.1175 2.81329 24.9
      vertex 88.3142 2.98579 24.9
    endloop
  endfacet
  facet normal -0.659343 0.751842 0
    outer loop
      vertex 88.1175 2.81329 24.9
      vertex 88.3142 2.98579 2.4
      vertex 88.1175 2.81329 2.4
    endloop
  endfacet
  facet normal 0.0653646 -0.997861 0
    outer loop
      vertex 4.13895 59.8829 2.4
      vertex 4.4 59.9 24.9
      vertex 4.13895 59.8829 24.9
    endloop
  endfacet
  facet normal 0.0653646 -0.997861 0
    outer loop
      vertex 4.4 59.9 24.9
      vertex 4.13895 59.8829 2.4
      vertex 4.4 59.9 2.4
    endloop
  endfacet
  facet normal -0.947066 -0.321039 0
    outer loop
      vertex 88.8318 58.4176 2.4
      vertex 88.7478 58.6654 24.9
      vertex 88.7478 58.6654 2.4
    endloop
  endfacet
  facet normal -0.947066 -0.321039 0
    outer loop
      vertex 88.7478 58.6654 24.9
      vertex 88.8318 58.4176 2.4
      vertex 88.8318 58.4176 24.9
    endloop
  endfacet
  facet normal 0 0 1
    outer loop
      vertex 86.9 59.9 2.4
      vertex 88.9 57.9 2.4
      vertex 88.8829 58.1611 2.4
    endloop
  endfacet
  facet normal 0 0 1
    outer loop
      vertex 88.9 57.9 2.4
      vertex 72.65 44.75 2.4
      vertex 88.9 4.4 2.4
    endloop
  endfacet
  facet normal 0 0 1
    outer loop
      vertex 86.9 59.9 2.4
      vertex 88.8829 58.1611 2.4
      vertex 88.8318 58.4176 2.4
    endloop
  endfacet
  facet normal -0 0 1
    outer loop
      vertex 72.65 17.55 2.4
      vertex 88.9 4.4 2.4
      vertex 72.65 44.75 2.4
    endloop
  endfacet
  facet normal 0 0 1
    outer loop
      vertex 86.9 59.9 2.4
      vertex 88.8318 58.4176 2.4
      vertex 88.7478 58.6654 2.4
    endloop
  endfacet
  facet normal -0 0 1
    outer loop
      vertex 72.6295 17.2367 2.4
      vertex 88.9 4.4 2.4
      vertex 72.65 17.55 2.4
    endloop
  endfacet
  facet normal 0 0 1
    outer loop
      vertex 86.9 59.9 2.4
      vertex 88.7478 58.6654 2.4
      vertex 88.632 58.9 2.4
    endloop
  endfacet
  facet normal -0 0 1
    outer loop
      vertex 72.5682 16.9288 2.4
      vertex 88.9 4.4 2.4
      vertex 72.6295 17.2367 2.4
    endloop
  endfacet
  facet normal 0 0 1
    outer loop
      vertex 86.9 59.9 2.4
      vertex 88.632 58.9 2.4
      vertex 88.4867 59.1175 2.4
    endloop
  endfacet
  facet normal -0 0 1
    outer loop
      vertex 72.4673 16.6316 2.4
      vertex 88.9 4.4 2.4
      vertex 72.5682 16.9288 2.4
    endloop
  endfacet
  facet normal 0 0 1
    outer loop
      vertex 86.9 59.9 2.4
      vertex 88.4867 59.1175 2.4
      vertex 88.3142 59.3142 2.4
    endloop
  endfacet
  facet normal -0 0 1
    outer loop
      vertex 72.3285 16.35 2.4
      vertex 88.9 4.4 2.4
      vertex 72.4673 16.6316 2.4
    endloop
  endfacet
  facet normal 0 0 1
    outer loop
      vertex 86.9 59.9 2.4
      vertex 88.3142 59.3142 2.4
      vertex 88.1175 59.4867 2.4
    endloop
  endfacet
  facet normal 0 -0 1
    outer loop
      vertex 86.9 2.4 2.4
      vertex 88.9 4.4 2.4
      vertex 72.3285 16.35 2.4
    endloop
  endfacet
  facet normal 0 0 1
    outer loop
      vertex 86.9 59.9 2.4
      vertex 88.1175 59.4867 2.4
      vertex 87.9 59.632 2.4
    endloop
  endfacet
  facet normal 0 0 1
    outer loop
      vertex 88.9 4.4 2.4
      vertex 86.9 2.4 2.4
      vertex 88.8829 4.13895 2.4
    endloop
  endfacet
  facet normal 0 0 1
    outer loop
      vertex 86.9 59.9 2.4
      vertex 87.9 59.632 2.4
      vertex 87.6654 59.7478 2.4
    endloop
  endfacet
  facet normal 0 0 1
    outer loop
      vertex 88.8318 3.88236 2.4
      vertex 86.9 2.4 2.4
      vertex 88.7478 3.63463 2.4
    endloop
  endfacet
  facet normal 0 0 1
    outer loop
      vertex 86.9 59.9 2.4
      vertex 87.6654 59.7478 2.4
      vertex 87.4176 59.8319 2.4
    endloop
  endfacet
  facet normal 0 0 1
    outer loop
      vertex 88.7478 3.63463 2.4
      vertex 86.9 2.4 2.4
      vertex 88.632 3.4 2.4
    endloop
  endfacet
  facet normal 0 0 1
    outer loop
      vertex 86.9 59.9 2.4
      vertex 87.4176 59.8319 2.4
      vertex 87.161 59.8829 2.4
    endloop
  endfacet
  facet normal 0 0 1
    outer loop
      vertex 88.4867 3.18248 2.4
      vertex 86.9 2.4 2.4
      vertex 88.3142 2.98579 2.4
    endloop
  endfacet
  facet normal 0 0 1
    outer loop
      vertex 88.9 57.9 2.4
      vertex 86.9 59.9 2.4
      vertex 72.3285 45.95 2.4
    endloop
  endfacet
  facet normal 0 0 1
    outer loop
      vertex 88.3142 2.98579 2.4
      vertex 86.9 2.4 2.4
      vertex 88.1175 2.81329 2.4
    endloop
  endfacet
  facet normal 0 0 1
    outer loop
      vertex 87.9 2.66795 2.4
      vertex 86.9 2.4 2.4
      vertex 87.6654 2.55224 2.4
    endloop
  endfacet
  facet normal 0 0 1
    outer loop
      vertex 88.9 57.9 2.4
      vertex 72.6295 45.0633 2.4
      vertex 72.65 44.75 2.4
    endloop
  endfacet
  facet normal 0 0 1
    outer loop
      vertex 88.9 57.9 2.4
      vertex 72.5682 45.3712 2.4
      vertex 72.6295 45.0633 2.4
    endloop
  endfacet
  facet normal 0 0 1
    outer loop
      vertex 88.9 57.9 2.4
      vertex 72.4673 45.6684 2.4
      vertex 72.5682 45.3712 2.4
    endloop
  endfacet
  facet normal 0 0 1
    outer loop
      vertex 88.9 57.9 2.4
      vertex 72.3285 45.95 2.4
      vertex 72.4673 45.6684 2.4
    endloop
  endfacet
  facet normal 0 0 1
    outer loop
      vertex 86.9 59.9 2.4
      vertex 72.154 46.211 2.4
      vertex 72.3285 45.95 2.4
    endloop
  endfacet
  facet normal 0 0 1
    outer loop
      vertex 86.9 59.9 2.4
      vertex 71.9471 46.4471 2.4
      vertex 72.154 46.211 2.4
    endloop
  endfacet
  facet normal 0 0 1
    outer loop
      vertex 86.9 59.9 2.4
      vertex 71.711 46.654 2.4
      vertex 71.9471 46.4471 2.4
    endloop
  endfacet
  facet normal 0 0 1
    outer loop
      vertex 86.9 59.9 2.4
      vertex 71.45 46.8285 2.4
      vertex 71.711 46.654 2.4
    endloop
  endfacet
  facet normal 0 0 1
    outer loop
      vertex 86.9 59.9 2.4
      vertex 71.1684 46.9673 2.4
      vertex 71.45 46.8285 2.4
    endloop
  endfacet
  facet normal 0 0 1
    outer loop
      vertex 86.9 59.9 2.4
      vertex 70.8712 47.0682 2.4
      vertex 71.1684 46.9673 2.4
    endloop
  endfacet
  facet normal 0 0 1
    outer loop
      vertex 86.9 59.9 2.4
      vertex 70.5633 47.1295 2.4
      vertex 70.8712 47.0682 2.4
    endloop
  endfacet
  facet normal 0 0 1
    outer loop
      vertex 86.9 59.9 2.4
      vertex 70.25 47.15 2.4
      vertex 70.5633 47.1295 2.4
    endloop
  endfacet
  facet normal 0 0 1
    outer loop
      vertex 86.9 59.9 2.4
      vertex 70.05 47.15 2.4
      vertex 70.25 47.15 2.4
    endloop
  endfacet
  facet normal 0 0 1
    outer loop
      vertex 86.9 59.9 2.4
      vertex 69.7367 47.1295 2.4
      vertex 70.05 47.15 2.4
    endloop
  endfacet
  facet normal 0 0 1
    outer loop
      vertex 86.9 59.9 2.4
      vertex 69.4288 47.0682 2.4
      vertex 69.7367 47.1295 2.4
    endloop
  endfacet
  facet normal 0 0 1
    outer loop
      vertex 59.8712 47.0682 2.4
      vertex 69.4288 47.0682 2.4
      vertex 86.9 59.9 2.4
    endloop
  endfacet
  facet normal 0 0 1
    outer loop
      vertex 69.4288 47.0682 2.4
      vertex 59.8712 47.0682 2.4
      vertex 69.1316 46.9673 2.4
    endloop
  endfacet
  facet normal 0 -0 1
    outer loop
      vertex 60.1684 46.9673 2.4
      vertex 69.1316 46.9673 2.4
      vertex 59.8712 47.0682 2.4
    endloop
  endfacet
  facet normal 0 0 1
    outer loop
      vertex 67.65 44.75 2.4
      vertex 61.65 44.75 2.4
      vertex 67.65 17.55 2.4
    endloop
  endfacet
  facet normal 0 0 1
    outer loop
      vertex 67.6705 45.0633 2.4
      vertex 61.65 44.75 2.4
      vertex 67.65 44.75 2.4
    endloop
  endfacet
  facet normal 0 0 1
    outer loop
      vertex 61.6295 45.0633 2.4
      vertex 67.6705 45.0633 2.4
      vertex 67.7318 45.3712 2.4
    endloop
  endfacet
  facet normal 0 0 1
    outer loop
      vertex 61.5682 45.3712 2.4
      vertex 67.7318 45.3712 2.4
      vertex 67.8327 45.6684 2.4
    endloop
  endfacet
  facet normal 0 0 1
    outer loop
      vertex 61.4673 45.6684 2.4
      vertex 67.8327 45.6684 2.4
      vertex 67.9715 45.95 2.4
    endloop
  endfacet
  facet normal 0 0 1
    outer loop
      vertex 61.3285 45.95 2.4
      vertex 67.9715 45.95 2.4
      vertex 68.146 46.211 2.4
    endloop
  endfacet
  facet normal 0 0 1
    outer loop
      vertex 61.154 46.211 2.4
      vertex 68.146 46.211 2.4
      vertex 68.3529 46.4471 2.4
    endloop
  endfacet
  facet normal 0 0 1
    outer loop
      vertex 60.9471 46.4471 2.4
      vertex 68.3529 46.4471 2.4
      vertex 68.589 46.654 2.4
    endloop
  endfacet
  facet normal 0 0 1
    outer loop
      vertex 69.1316 46.9673 2.4
      vertex 60.1684 46.9673 2.4
      vertex 68.85 46.8285 2.4
    endloop
  endfacet
  facet normal 0 0 1
    outer loop
      vertex 67.6705 45.0633 2.4
      vertex 61.6295 45.0633 2.4
      vertex 61.65 44.75 2.4
    endloop
  endfacet
  facet normal 0 0 1
    outer loop
      vertex 67.7318 45.3712 2.4
      vertex 61.5682 45.3712 2.4
      vertex 61.6295 45.0633 2.4
    endloop
  endfacet
  facet normal 0 0 1
    outer loop
      vertex 67.8327 45.6684 2.4
      vertex 61.4673 45.6684 2.4
      vertex 61.5682 45.3712 2.4
    endloop
  endfacet
  facet normal 0 0 1
    outer loop
      vertex 67.9715 45.95 2.4
      vertex 61.3285 45.95 2.4
      vertex 61.4673 45.6684 2.4
    endloop
  endfacet
  facet normal 0 0 1
    outer loop
      vertex 68.146 46.211 2.4
      vertex 61.154 46.211 2.4
      vertex 61.3285 45.95 2.4
    endloop
  endfacet
  facet normal 0 0 1
    outer loop
      vertex 68.3529 46.4471 2.4
      vertex 60.9471 46.4471 2.4
      vertex 61.154 46.211 2.4
    endloop
  endfacet
  facet normal 0 0 1
    outer loop
      vertex 68.589 46.654 2.4
      vertex 60.711 46.654 2.4
      vertex 60.9471 46.4471 2.4
    endloop
  endfacet
  facet normal 0 0 1
    outer loop
      vertex 68.589 46.654 2.4
      vertex 60.45 46.8285 2.4
      vertex 60.711 46.654 2.4
    endloop
  endfacet
  facet normal 0 0 1
    outer loop
      vertex 68.85 46.8285 2.4
      vertex 60.45 46.8285 2.4
      vertex 68.589 46.654 2.4
    endloop
  endfacet
  facet normal 0 -0 1
    outer loop
      vertex 60.45 46.8285 2.4
      vertex 68.85 46.8285 2.4
      vertex 60.1684 46.9673 2.4
    endloop
  endfacet
  facet normal 0 0 1
    outer loop
      vertex 86.9 59.9 2.4
      vertex 59.5633 47.1295 2.4
      vertex 59.8712 47.0682 2.4
    endloop
  endfacet
  facet normal 0 0 1
    outer loop
      vertex 86.9 59.9 2.4
      vertex 59.25 47.15 2.4
      vertex 59.5633 47.1295 2.4
    endloop
  endfacet
  facet normal 0 0 1
    outer loop
      vertex 86.9 59.9 2.4
      vertex 59.05 47.15 2.4
      vertex 59.25 47.15 2.4
    endloop
  endfacet
  facet normal 0 0 1
    outer loop
      vertex 86.9 59.9 2.4
      vertex 58.7367 47.1295 2.4
      vertex 59.05 47.15 2.4
    endloop
  endfacet
  facet normal 0 0 1
    outer loop
      vertex 48.5633 47.1295 2.4
      vertex 58.7367 47.1295 2.4
      vertex 86.9 59.9 2.4
    endloop
  endfacet
  facet normal 0 0 1
    outer loop
      vertex 58.7367 47.1295 2.4
      vertex 48.5633 47.1295 2.4
      vertex 58.4288 47.0682 2.4
    endloop
  endfacet
  facet normal 0 0 1
    outer loop
      vertex 56.65 44.75 2.4
      vertex 50.65 44.75 2.4
      vertex 56.65 17.55 2.4
    endloop
  endfacet
  facet normal 0 0 1
    outer loop
      vertex 56.6705 45.0633 2.4
      vertex 50.65 44.75 2.4
      vertex 56.65 44.75 2.4
    endloop
  endfacet
  facet normal 0 0 1
    outer loop
      vertex 50.6295 45.0633 2.4
      vertex 56.6705 45.0633 2.4
      vertex 56.7318 45.3712 2.4
    endloop
  endfacet
  facet normal 0 0 1
    outer loop
      vertex 50.5682 45.3712 2.4
      vertex 56.7318 45.3712 2.4
      vertex 56.8327 45.6684 2.4
    endloop
  endfacet
  facet normal 0 0 1
    outer loop
      vertex 50.4673 45.6684 2.4
      vertex 56.8327 45.6684 2.4
      vertex 56.9715 45.95 2.4
    endloop
  endfacet
  facet normal 0 0 1
    outer loop
      vertex 50.3285 45.95 2.4
      vertex 56.9715 45.95 2.4
      vertex 57.146 46.211 2.4
    endloop
  endfacet
  facet normal 0 0 1
    outer loop
      vertex 50.154 46.211 2.4
      vertex 57.146 46.211 2.4
      vertex 57.3529 46.4471 2.4
    endloop
  endfacet
  facet normal 0 0 1
    outer loop
      vertex 49.9471 46.4471 2.4
      vertex 57.3529 46.4471 2.4
      vertex 57.589 46.654 2.4
    endloop
  endfacet
  facet normal 0 0 1
    outer loop
      vertex 49.711 46.654 2.4
      vertex 57.589 46.654 2.4
      vertex 57.85 46.8285 2.4
    endloop
  endfacet
  facet normal 0 0 1
    outer loop
      vertex 49.45 46.8285 2.4
      vertex 57.85 46.8285 2.4
      vertex 58.1316 46.9673 2.4
    endloop
  endfacet
  facet normal 0 -0 1
    outer loop
      vertex 48.8712 47.0682 2.4
      vertex 58.4288 47.0682 2.4
      vertex 48.5633 47.1295 2.4
    endloop
  endfacet
  facet normal 0 0 1
    outer loop
      vertex 56.6705 45.0633 2.4
      vertex 50.6295 45.0633 2.4
      vertex 50.65 44.75 2.4
    endloop
  endfacet
  facet normal 0 0 1
    outer loop
      vertex 56.7318 45.3712 2.4
      vertex 50.5682 45.3712 2.4
      vertex 50.6295 45.0633 2.4
    endloop
  endfacet
  facet normal 0 0 1
    outer loop
      vertex 56.8327 45.6684 2.4
      vertex 50.4673 45.6684 2.4
      vertex 50.5682 45.3712 2.4
    endloop
  endfacet
  facet normal 0 0 1
    outer loop
      vertex 56.9715 45.95 2.4
      vertex 50.3285 45.95 2.4
      vertex 50.4673 45.6684 2.4
    endloop
  endfacet
  facet normal 0 0 1
    outer loop
      vertex 57.146 46.211 2.4
      vertex 50.154 46.211 2.4
      vertex 50.3285 45.95 2.4
    endloop
  endfacet
  facet normal 0 0 1
    outer loop
      vertex 57.3529 46.4471 2.4
      vertex 49.9471 46.4471 2.4
      vertex 50.154 46.211 2.4
    endloop
  endfacet
  facet normal 0 0 1
    outer loop
      vertex 57.589 46.654 2.4
      vertex 49.711 46.654 2.4
      vertex 49.9471 46.4471 2.4
    endloop
  endfacet
  facet normal 0 0 1
    outer loop
      vertex 57.85 46.8285 2.4
      vertex 49.45 46.8285 2.4
      vertex 49.711 46.654 2.4
    endloop
  endfacet
  facet normal 0 0 1
    outer loop
      vertex 58.1316 46.9673 2.4
      vertex 49.1684 46.9673 2.4
      vertex 49.45 46.8285 2.4
    endloop
  endfacet
  facet normal 0 0 1
    outer loop
      vertex 58.1316 46.9673 2.4
      vertex 48.8712 47.0682 2.4
      vertex 49.1684 46.9673 2.4
    endloop
  endfacet
  facet normal 0 0 1
    outer loop
      vertex 58.4288 47.0682 2.4
      vertex 48.8712 47.0682 2.4
      vertex 58.1316 46.9673 2.4
    endloop
  endfacet
  facet normal 0 0 1
    outer loop
      vertex 86.9 59.9 2.4
      vertex 48.25 47.15 2.4
      vertex 48.5633 47.1295 2.4
    endloop
  endfacet
  facet normal 0 0 1
    outer loop
      vertex 86.9 59.9 2.4
      vertex 48.05 47.15 2.4
      vertex 48.25 47.15 2.4
    endloop
  endfacet
  facet normal -0 0 1
    outer loop
      vertex 4.4 59.9 2.4
      vertex 48.05 47.15 2.4
      vertex 86.9 59.9 2.4
    endloop
  endfacet
  facet normal 0 0 1
    outer loop
      vertex 48.05 47.15 2.4
      vertex 4.4 59.9 2.4
      vertex 47.7367 47.1295 2.4
    endloop
  endfacet
  facet normal 0 0 1
    outer loop
      vertex 45.65 44.75 2.4
      vertex 39.65 44.75 2.4
      vertex 45.65 17.55 2.4
    endloop
  endfacet
  facet normal 0 0 1
    outer loop
      vertex 45.6705 45.0633 2.4
      vertex 39.65 44.75 2.4
      vertex 45.65 44.75 2.4
    endloop
  endfacet
  facet normal 0 0 1
    outer loop
      vertex 39.6295 45.0633 2.4
      vertex 45.6705 45.0633 2.4
      vertex 45.7318 45.3712 2.4
    endloop
  endfacet
  facet normal 0 0 1
    outer loop
      vertex 39.5682 45.3712 2.4
      vertex 45.7318 45.3712 2.4
      vertex 45.8327 45.6684 2.4
    endloop
  endfacet
  facet normal 0 0 1
    outer loop
      vertex 39.4673 45.6684 2.4
      vertex 45.8327 45.6684 2.4
      vertex 45.9715 45.95 2.4
    endloop
  endfacet
  facet normal 0 0 1
    outer loop
      vertex 39.3285 45.95 2.4
      vertex 45.9715 45.95 2.4
      vertex 46.146 46.211 2.4
    endloop
  endfacet
  facet normal 0 0 1
    outer loop
      vertex 39.154 46.211 2.4
      vertex 46.146 46.211 2.4
      vertex 46.3529 46.4471 2.4
    endloop
  endfacet
  facet normal 0 0 1
    outer loop
      vertex 38.9471 46.4471 2.4
      vertex 46.3529 46.4471 2.4
      vertex 46.589 46.654 2.4
    endloop
  endfacet
  facet normal 0 0 1
    outer loop
      vertex 38.711 46.654 2.4
      vertex 46.589 46.654 2.4
      vertex 46.85 46.8285 2.4
    endloop
  endfacet
  facet normal 0 0 1
    outer loop
      vertex 38.45 46.8285 2.4
      vertex 46.85 46.8285 2.4
      vertex 47.1316 46.9673 2.4
    endloop
  endfacet
  facet normal 0 0 1
    outer loop
      vertex 38.1684 46.9673 2.4
      vertex 47.1316 46.9673 2.4
      vertex 47.4288 47.0682 2.4
    endloop
  endfacet
  facet normal 0 -0 1
    outer loop
      vertex 37.5633 47.1295 2.4
      vertex 47.7367 47.1295 2.4
      vertex 4.4 59.9 2.4
    endloop
  endfacet
  facet normal 0 0 1
    outer loop
      vertex 45.6705 45.0633 2.4
      vertex 39.6295 45.0633 2.4
      vertex 39.65 44.75 2.4
    endloop
  endfacet
  facet normal 0 0 1
    outer loop
      vertex 45.7318 45.3712 2.4
      vertex 39.5682 45.3712 2.4
      vertex 39.6295 45.0633 2.4
    endloop
  endfacet
  facet normal 0 0 1
    outer loop
      vertex 45.8327 45.6684 2.4
      vertex 39.4673 45.6684 2.4
      vertex 39.5682 45.3712 2.4
    endloop
  endfacet
  facet normal 0 0 1
    outer loop
      vertex 45.9715 45.95 2.4
      vertex 39.3285 45.95 2.4
      vertex 39.4673 45.6684 2.4
    endloop
  endfacet
  facet normal 0 0 1
    outer loop
      vertex 46.146 46.211 2.4
      vertex 39.154 46.211 2.4
      vertex 39.3285 45.95 2.4
    endloop
  endfacet
  facet normal 0 0 1
    outer loop
      vertex 46.3529 46.4471 2.4
      vertex 38.9471 46.4471 2.4
      vertex 39.154 46.211 2.4
    endloop
  endfacet
  facet normal 0 0 1
    outer loop
      vertex 46.589 46.654 2.4
      vertex 38.711 46.654 2.4
      vertex 38.9471 46.4471 2.4
    endloop
  endfacet
  facet normal 0 0 1
    outer loop
      vertex 46.85 46.8285 2.4
      vertex 38.45 46.8285 2.4
      vertex 38.711 46.654 2.4
    endloop
  endfacet
  facet normal 0 0 1
    outer loop
      vertex 47.1316 46.9673 2.4
      vertex 38.1684 46.9673 2.4
      vertex 38.45 46.8285 2.4
    endloop
  endfacet
  facet normal 0 0 1
    outer loop
      vertex 47.4288 47.0682 2.4
      vertex 37.8712 47.0682 2.4
      vertex 38.1684 46.9673 2.4
    endloop
  endfacet
  facet normal 0 0 1
    outer loop
      vertex 47.4288 47.0682 2.4
      vertex 37.5633 47.1295 2.4
      vertex 37.8712 47.0682 2.4
    endloop
  endfacet
  facet normal 0 0 1
    outer loop
      vertex 47.7367 47.1295 2.4
      vertex 37.5633 47.1295 2.4
      vertex 47.4288 47.0682 2.4
    endloop
  endfacet
  facet normal 0 0 1
    outer loop
      vertex 37.5633 47.1295 2.4
      vertex 4.4 59.9 2.4
      vertex 37.25 47.15 2.4
    endloop
  endfacet
  facet normal 0 0 1
    outer loop
      vertex 37.25 47.15 2.4
      vertex 4.4 59.9 2.4
      vertex 37.05 47.15 2.4
    endloop
  endfacet
  facet normal 0 0 1
    outer loop
      vertex 37.05 47.15 2.4
      vertex 4.4 59.9 2.4
      vertex 36.7367 47.1295 2.4
    endloop
  endfacet
  facet normal 0 0 1
    outer loop
      vertex 34.65 44.75 2.4
      vertex 28.65 44.75 2.4
      vertex 34.65 17.55 2.4
    endloop
  endfacet
  facet normal 0 0 1
    outer loop
      vertex 34.6705 45.0633 2.4
      vertex 28.65 44.75 2.4
      vertex 34.65 44.75 2.4
    endloop
  endfacet
  facet normal 0 0 1
    outer loop
      vertex 28.6295 45.0633 2.4
      vertex 34.6705 45.0633 2.4
      vertex 34.7318 45.3712 2.4
    endloop
  endfacet
  facet normal 0 0 1
    outer loop
      vertex 28.5682 45.3712 2.4
      vertex 34.7318 45.3712 2.4
      vertex 34.8327 45.6684 2.4
    endloop
  endfacet
  facet normal 0 0 1
    outer loop
      vertex 28.4673 45.6684 2.4
      vertex 34.8327 45.6684 2.4
      vertex 34.9715 45.95 2.4
    endloop
  endfacet
  facet normal 0 0 1
    outer loop
      vertex 28.3285 45.95 2.4
      vertex 34.9715 45.95 2.4
      vertex 35.146 46.211 2.4
    endloop
  endfacet
  facet normal 0 0 1
    outer loop
      vertex 28.154 46.211 2.4
      vertex 35.146 46.211 2.4
      vertex 35.3529 46.4471 2.4
    endloop
  endfacet
  facet normal 0 0 1
    outer loop
      vertex 27.9471 46.4471 2.4
      vertex 35.3529 46.4471 2.4
      vertex 35.589 46.654 2.4
    endloop
  endfacet
  facet normal 0 0 1
    outer loop
      vertex 27.711 46.654 2.4
      vertex 35.589 46.654 2.4
      vertex 35.85 46.8285 2.4
    endloop
  endfacet
  facet normal 0 0 1
    outer loop
      vertex 27.45 46.8285 2.4
      vertex 35.85 46.8285 2.4
      vertex 36.1316 46.9673 2.4
    endloop
  endfacet
  facet normal 0 0 1
    outer loop
      vertex 27.1684 46.9673 2.4
      vertex 36.1316 46.9673 2.4
      vertex 36.4288 47.0682 2.4
    endloop
  endfacet
  facet normal 0 0 1
    outer loop
      vertex 34.6705 45.0633 2.4
      vertex 28.6295 45.0633 2.4
      vertex 28.65 44.75 2.4
    endloop
  endfacet
  facet normal 0 0 1
    outer loop
      vertex 34.7318 45.3712 2.4
      vertex 28.5682 45.3712 2.4
      vertex 28.6295 45.0633 2.4
    endloop
  endfacet
  facet normal 0 -0 1
    outer loop
      vertex 26.5633 47.1295 2.4
      vertex 36.7367 47.1295 2.4
      vertex 4.4 59.9 2.4
    endloop
  endfacet
  facet normal 0 0 1
    outer loop
      vertex 34.8327 45.6684 2.4
      vertex 28.4673 45.6684 2.4
      vertex 28.5682 45.3712 2.4
    endloop
  endfacet
  facet normal 0 0 1
    outer loop
      vertex 34.9715 45.95 2.4
      vertex 28.3285 45.95 2.4
      vertex 28.4673 45.6684 2.4
    endloop
  endfacet
  facet normal 0 0 1
    outer loop
      vertex 35.146 46.211 2.4
      vertex 28.154 46.211 2.4
      vertex 28.3285 45.95 2.4
    endloop
  endfacet
  facet normal 0 0 1
    outer loop
      vertex 35.3529 46.4471 2.4
      vertex 27.9471 46.4471 2.4
      vertex 28.154 46.211 2.4
    endloop
  endfacet
  facet normal 0 0 1
    outer loop
      vertex 35.589 46.654 2.4
      vertex 27.711 46.654 2.4
      vertex 27.9471 46.4471 2.4
    endloop
  endfacet
  facet normal 0 0 1
    outer loop
      vertex 35.85 46.8285 2.4
      vertex 27.45 46.8285 2.4
      vertex 27.711 46.654 2.4
    endloop
  endfacet
  facet normal 0 0 1
    outer loop
      vertex 36.1316 46.9673 2.4
      vertex 27.1684 46.9673 2.4
      vertex 27.45 46.8285 2.4
    endloop
  endfacet
  facet normal 0 0 1
    outer loop
      vertex 36.4288 47.0682 2.4
      vertex 26.8712 47.0682 2.4
      vertex 27.1684 46.9673 2.4
    endloop
  endfacet
  facet normal 0 0 1
    outer loop
      vertex 36.7367 47.1295 2.4
      vertex 26.5633 47.1295 2.4
      vertex 36.4288 47.0682 2.4
    endloop
  endfacet
  facet normal 0 0 1
    outer loop
      vertex 36.4288 47.0682 2.4
      vertex 26.5633 47.1295 2.4
      vertex 26.8712 47.0682 2.4
    endloop
  endfacet
  facet normal 0 0 1
    outer loop
      vertex 26.5633 47.1295 2.4
      vertex 4.4 59.9 2.4
      vertex 26.25 47.15 2.4
    endloop
  endfacet
  facet normal 0 0 1
    outer loop
      vertex 26.25 47.15 2.4
      vertex 4.4 59.9 2.4
      vertex 26.05 47.15 2.4
    endloop
  endfacet
  facet normal 0 0 1
    outer loop
      vertex 26.05 47.15 2.4
      vertex 4.4 59.9 2.4
      vertex 25.7367 47.1295 2.4
    endloop
  endfacet
  facet normal 0 0 1
    outer loop
      vertex 23.65 44.75 2.4
      vertex 17.65 44.75 2.4
      vertex 23.65 17.55 2.4
    endloop
  endfacet
  facet normal 0 0 1
    outer loop
      vertex 23.6705 45.0633 2.4
      vertex 17.65 44.75 2.4
      vertex 23.65 44.75 2.4
    endloop
  endfacet
  facet normal 0 0 1
    outer loop
      vertex 17.6295 45.0633 2.4
      vertex 23.6705 45.0633 2.4
      vertex 23.7318 45.3712 2.4
    endloop
  endfacet
  facet normal 0 0 1
    outer loop
      vertex 17.5682 45.3712 2.4
      vertex 23.7318 45.3712 2.4
      vertex 23.8327 45.6684 2.4
    endloop
  endfacet
  facet normal 0 0 1
    outer loop
      vertex 17.4673 45.6684 2.4
      vertex 23.8327 45.6684 2.4
      vertex 23.9715 45.95 2.4
    endloop
  endfacet
  facet normal 0 0 1
    outer loop
      vertex 17.3285 45.95 2.4
      vertex 23.9715 45.95 2.4
      vertex 24.146 46.211 2.4
    endloop
  endfacet
  facet normal 0 0 1
    outer loop
      vertex 17.154 46.211 2.4
      vertex 24.146 46.211 2.4
      vertex 24.3529 46.4471 2.4
    endloop
  endfacet
  facet normal 0 0 1
    outer loop
      vertex 16.9471 46.4471 2.4
      vertex 24.3529 46.4471 2.4
      vertex 24.589 46.654 2.4
    endloop
  endfacet
  facet normal 0 0 1
    outer loop
      vertex 16.711 46.654 2.4
      vertex 24.589 46.654 2.4
      vertex 24.85 46.8285 2.4
    endloop
  endfacet
  facet normal 0 0 1
    outer loop
      vertex 16.45 46.8285 2.4
      vertex 24.85 46.8285 2.4
      vertex 25.1316 46.9673 2.4
    endloop
  endfacet
  facet normal 0 0 1
    outer loop
      vertex 16.1684 46.9673 2.4
      vertex 25.1316 46.9673 2.4
      vertex 25.4288 47.0682 2.4
    endloop
  endfacet
  facet normal 0 0 1
    outer loop
      vertex 23.6705 45.0633 2.4
      vertex 17.6295 45.0633 2.4
      vertex 17.65 44.75 2.4
    endloop
  endfacet
  facet normal 0 0 1
    outer loop
      vertex 23.7318 45.3712 2.4
      vertex 17.5682 45.3712 2.4
      vertex 17.6295 45.0633 2.4
    endloop
  endfacet
  facet normal 0 0 1
    outer loop
      vertex 23.8327 45.6684 2.4
      vertex 17.4673 45.6684 2.4
      vertex 17.5682 45.3712 2.4
    endloop
  endfacet
  facet normal 0 0 1
    outer loop
      vertex 25.7367 47.1295 2.4
      vertex 4.4 59.9 2.4
      vertex 25.4288 47.0682 2.4
    endloop
  endfacet
  facet normal 0 0 1
    outer loop
      vertex 23.9715 45.95 2.4
      vertex 17.3285 45.95 2.4
      vertex 17.4673 45.6684 2.4
    endloop
  endfacet
  facet normal 0 0 1
    outer loop
      vertex 24.146 46.211 2.4
      vertex 17.154 46.211 2.4
      vertex 17.3285 45.95 2.4
    endloop
  endfacet
  facet normal 0 0 1
    outer loop
      vertex 24.3529 46.4471 2.4
      vertex 16.9471 46.4471 2.4
      vertex 17.154 46.211 2.4
    endloop
  endfacet
  facet normal 0 0 1
    outer loop
      vertex 24.589 46.654 2.4
      vertex 16.711 46.654 2.4
      vertex 16.9471 46.4471 2.4
    endloop
  endfacet
  facet normal 0 -0 1
    outer loop
      vertex 15.8712 47.0682 2.4
      vertex 25.4288 47.0682 2.4
      vertex 4.4 59.9 2.4
    endloop
  endfacet
  facet normal 0 0 1
    outer loop
      vertex 24.85 46.8285 2.4
      vertex 16.45 46.8285 2.4
      vertex 16.711 46.654 2.4
    endloop
  endfacet
  facet normal 0 0 1
    outer loop
      vertex 25.1316 46.9673 2.4
      vertex 16.1684 46.9673 2.4
      vertex 16.45 46.8285 2.4
    endloop
  endfacet
  facet normal 0 0 1
    outer loop
      vertex 25.4288 47.0682 2.4
      vertex 15.8712 47.0682 2.4
      vertex 16.1684 46.9673 2.4
    endloop
  endfacet
  facet normal 0 0 1
    outer loop
      vertex 15.8712 47.0682 2.4
      vertex 4.4 59.9 2.4
      vertex 15.5633 47.1295 2.4
    endloop
  endfacet
  facet normal 0 0 1
    outer loop
      vertex 15.5633 47.1295 2.4
      vertex 4.4 59.9 2.4
      vertex 15.25 47.15 2.4
    endloop
  endfacet
  facet normal 0 0 1
    outer loop
      vertex 15.25 47.15 2.4
      vertex 4.4 59.9 2.4
      vertex 15.05 47.15 2.4
    endloop
  endfacet
  facet normal 0 0 1
    outer loop
      vertex 12.6705 45.0633 2.4
      vertex 2.4 57.9 2.4
      vertex 12.65 44.75 2.4
    endloop
  endfacet
  facet normal 0 0 1
    outer loop
      vertex 12.7318 45.3712 2.4
      vertex 2.4 57.9 2.4
      vertex 12.6705 45.0633 2.4
    endloop
  endfacet
  facet normal 0 0 1
    outer loop
      vertex 12.8327 45.6684 2.4
      vertex 2.4 57.9 2.4
      vertex 12.7318 45.3712 2.4
    endloop
  endfacet
  facet normal 0 0 1
    outer loop
      vertex 12.9715 45.95 2.4
      vertex 2.4 57.9 2.4
      vertex 12.8327 45.6684 2.4
    endloop
  endfacet
  facet normal 0 0 1
    outer loop
      vertex 13.146 46.211 2.4
      vertex 2.4 57.9 2.4
      vertex 12.9715 45.95 2.4
    endloop
  endfacet
  facet normal 0 0 1
    outer loop
      vertex 13.3529 46.4471 2.4
      vertex 2.4 57.9 2.4
      vertex 13.146 46.211 2.4
    endloop
  endfacet
  facet normal 0 0 1
    outer loop
      vertex 13.589 46.654 2.4
      vertex 2.4 57.9 2.4
      vertex 13.3529 46.4471 2.4
    endloop
  endfacet
  facet normal -0 0 1
    outer loop
      vertex 2.4 57.9 2.4
      vertex 13.589 46.654 2.4
      vertex 4.4 59.9 2.4
    endloop
  endfacet
  facet normal 0 0 1
    outer loop
      vertex 13.85 46.8285 2.4
      vertex 4.4 59.9 2.4
      vertex 13.589 46.654 2.4
    endloop
  endfacet
  facet normal 0 0 1
    outer loop
      vertex 14.1316 46.9673 2.4
      vertex 4.4 59.9 2.4
      vertex 13.85 46.8285 2.4
    endloop
  endfacet
  facet normal 0 0 1
    outer loop
      vertex 14.4288 47.0682 2.4
      vertex 4.4 59.9 2.4
      vertex 14.1316 46.9673 2.4
    endloop
  endfacet
  facet normal 0 0 1
    outer loop
      vertex 14.7367 47.1295 2.4
      vertex 4.4 59.9 2.4
      vertex 14.4288 47.0682 2.4
    endloop
  endfacet
  facet normal 0 0 1
    outer loop
      vertex 15.05 47.15 2.4
      vertex 4.4 59.9 2.4
      vertex 14.7367 47.1295 2.4
    endloop
  endfacet
  facet normal 0 0 1
    outer loop
      vertex 87.6654 2.55224 2.4
      vertex 86.9 2.4 2.4
      vertex 87.4176 2.46815 2.4
    endloop
  endfacet
  facet normal 0 0 1
    outer loop
      vertex 87.4176 2.46815 2.4
      vertex 86.9 2.4 2.4
      vertex 87.161 2.41711 2.4
    endloop
  endfacet
  facet normal 0 0 1
    outer loop
      vertex 88.1175 2.81329 2.4
      vertex 86.9 2.4 2.4
      vertex 87.9 2.66795 2.4
    endloop
  endfacet
  facet normal 0 0 1
    outer loop
      vertex 88.632 3.4 2.4
      vertex 86.9 2.4 2.4
      vertex 88.4867 3.18248 2.4
    endloop
  endfacet
  facet normal 0 0 1
    outer loop
      vertex 88.8829 4.13895 2.4
      vertex 86.9 2.4 2.4
      vertex 88.8318 3.88236 2.4
    endloop
  endfacet
  facet normal -0 0 1
    outer loop
      vertex 72.154 16.089 2.4
      vertex 86.9 2.4 2.4
      vertex 72.3285 16.35 2.4
    endloop
  endfacet
  facet normal -0 0 1
    outer loop
      vertex 71.9471 15.8529 2.4
      vertex 86.9 2.4 2.4
      vertex 72.154 16.089 2.4
    endloop
  endfacet
  facet normal -0 0 1
    outer loop
      vertex 71.711 15.646 2.4
      vertex 86.9 2.4 2.4
      vertex 71.9471 15.8529 2.4
    endloop
  endfacet
  facet normal -0 0 1
    outer loop
      vertex 71.45 15.4715 2.4
      vertex 86.9 2.4 2.4
      vertex 71.711 15.646 2.4
    endloop
  endfacet
  facet normal -0 0 1
    outer loop
      vertex 71.1684 15.3327 2.4
      vertex 86.9 2.4 2.4
      vertex 71.45 15.4715 2.4
    endloop
  endfacet
  facet normal -0 0 1
    outer loop
      vertex 70.8712 15.2318 2.4
      vertex 86.9 2.4 2.4
      vertex 71.1684 15.3327 2.4
    endloop
  endfacet
  facet normal -0 0 1
    outer loop
      vertex 70.5633 15.1705 2.4
      vertex 86.9 2.4 2.4
      vertex 70.8712 15.2318 2.4
    endloop
  endfacet
  facet normal -0 0 1
    outer loop
      vertex 70.25 15.15 2.4
      vertex 86.9 2.4 2.4
      vertex 70.5633 15.1705 2.4
    endloop
  endfacet
  facet normal -0 0 1
    outer loop
      vertex 70.05 15.15 2.4
      vertex 86.9 2.4 2.4
      vertex 70.25 15.15 2.4
    endloop
  endfacet
  facet normal 0 0 1
    outer loop
      vertex 69.7367 15.1705 2.4
      vertex 86.9 2.4 2.4
      vertex 70.05 15.15 2.4
    endloop
  endfacet
  facet normal 0 0 1
    outer loop
      vertex 69.4288 15.2318 2.4
      vertex 86.9 2.4 2.4
      vertex 69.7367 15.1705 2.4
    endloop
  endfacet
  facet normal 0 0 1
    outer loop
      vertex 59.8712 15.2318 2.4
      vertex 69.4288 15.2318 2.4
      vertex 69.1316 15.3327 2.4
    endloop
  endfacet
  facet normal 0 0 1
    outer loop
      vertex 60.1684 15.3327 2.4
      vertex 69.1316 15.3327 2.4
      vertex 68.85 15.4715 2.4
    endloop
  endfacet
  facet normal 0 0 1
    outer loop
      vertex 60.45 15.4715 2.4
      vertex 68.85 15.4715 2.4
      vertex 68.589 15.646 2.4
    endloop
  endfacet
  facet normal 0 0 1
    outer loop
      vertex 61.65 17.55 2.4
      vertex 67.65 17.55 2.4
      vertex 61.65 44.75 2.4
    endloop
  endfacet
  facet normal 0 0 1
    outer loop
      vertex 67.65 17.55 2.4
      vertex 61.65 17.55 2.4
      vertex 67.6705 17.2367 2.4
    endloop
  endfacet
  facet normal 0 0 1
    outer loop
      vertex 61.6295 17.2367 2.4
      vertex 67.6705 17.2367 2.4
      vertex 61.65 17.55 2.4
    endloop
  endfacet
  facet normal 0 0 1
    outer loop
      vertex 67.6705 17.2367 2.4
      vertex 61.6295 17.2367 2.4
      vertex 67.7318 16.9288 2.4
    endloop
  endfacet
  facet normal 0 0 1
    outer loop
      vertex 61.5682 16.9288 2.4
      vertex 67.7318 16.9288 2.4
      vertex 61.6295 17.2367 2.4
    endloop
  endfacet
  facet normal 0 0 1
    outer loop
      vertex 67.7318 16.9288 2.4
      vertex 61.5682 16.9288 2.4
      vertex 67.8327 16.6316 2.4
    endloop
  endfacet
  facet normal 0 0 1
    outer loop
      vertex 61.4673 16.6316 2.4
      vertex 67.8327 16.6316 2.4
      vertex 61.5682 16.9288 2.4
    endloop
  endfacet
  facet normal 0 0 1
    outer loop
      vertex 67.8327 16.6316 2.4
      vertex 61.4673 16.6316 2.4
      vertex 67.9715 16.35 2.4
    endloop
  endfacet
  facet normal 0 0 1
    outer loop
      vertex 61.3285 16.35 2.4
      vertex 67.9715 16.35 2.4
      vertex 61.4673 16.6316 2.4
    endloop
  endfacet
  facet normal 0 0 1
    outer loop
      vertex 67.9715 16.35 2.4
      vertex 61.3285 16.35 2.4
      vertex 68.146 16.089 2.4
    endloop
  endfacet
  facet normal 0 0 1
    outer loop
      vertex 61.154 16.089 2.4
      vertex 68.146 16.089 2.4
      vertex 61.3285 16.35 2.4
    endloop
  endfacet
  facet normal 0 0 1
    outer loop
      vertex 68.146 16.089 2.4
      vertex 61.154 16.089 2.4
      vertex 68.3529 15.8529 2.4
    endloop
  endfacet
  facet normal 0 0 1
    outer loop
      vertex 60.9471 15.8529 2.4
      vertex 68.3529 15.8529 2.4
      vertex 61.154 16.089 2.4
    endloop
  endfacet
  facet normal 0 0 1
    outer loop
      vertex 68.3529 15.8529 2.4
      vertex 60.9471 15.8529 2.4
      vertex 68.589 15.646 2.4
    endloop
  endfacet
  facet normal 0 0 1
    outer loop
      vertex 60.711 15.646 2.4
      vertex 68.589 15.646 2.4
      vertex 60.9471 15.8529 2.4
    endloop
  endfacet
  facet normal 0 0 1
    outer loop
      vertex 60.45 15.4715 2.4
      vertex 68.589 15.646 2.4
      vertex 60.711 15.646 2.4
    endloop
  endfacet
  facet normal 0 0 1
    outer loop
      vertex 68.85 15.4715 2.4
      vertex 60.45 15.4715 2.4
      vertex 60.1684 15.3327 2.4
    endloop
  endfacet
  facet normal 0 0 1
    outer loop
      vertex 69.1316 15.3327 2.4
      vertex 60.1684 15.3327 2.4
      vertex 59.8712 15.2318 2.4
    endloop
  endfacet
  facet normal 0 0 1
    outer loop
      vertex 69.4288 15.2318 2.4
      vertex 59.8712 15.2318 2.4
      vertex 86.9 2.4 2.4
    endloop
  endfacet
  facet normal -0 0 1
    outer loop
      vertex 59.5633 15.1705 2.4
      vertex 86.9 2.4 2.4
      vertex 59.8712 15.2318 2.4
    endloop
  endfacet
  facet normal -0 0 1
    outer loop
      vertex 59.25 15.15 2.4
      vertex 86.9 2.4 2.4
      vertex 59.5633 15.1705 2.4
    endloop
  endfacet
  facet normal -0 0 1
    outer loop
      vertex 59.05 15.15 2.4
      vertex 86.9 2.4 2.4
      vertex 59.25 15.15 2.4
    endloop
  endfacet
  facet normal 0 0 1
    outer loop
      vertex 58.7367 15.1705 2.4
      vertex 86.9 2.4 2.4
      vertex 59.05 15.15 2.4
    endloop
  endfacet
  facet normal 0 0 1
    outer loop
      vertex 48.5633 15.1705 2.4
      vertex 58.7367 15.1705 2.4
      vertex 58.4288 15.2318 2.4
    endloop
  endfacet
  facet normal 0 0 1
    outer loop
      vertex 48.8712 15.2318 2.4
      vertex 58.4288 15.2318 2.4
      vertex 58.1316 15.3327 2.4
    endloop
  endfacet
  facet normal 0 0 1
    outer loop
      vertex 50.65 17.55 2.4
      vertex 56.65 17.55 2.4
      vertex 50.65 44.75 2.4
    endloop
  endfacet
  facet normal 0 0 1
    outer loop
      vertex 56.65 17.55 2.4
      vertex 50.65 17.55 2.4
      vertex 56.6705 17.2367 2.4
    endloop
  endfacet
  facet normal 0 0 1
    outer loop
      vertex 50.6295 17.2367 2.4
      vertex 56.6705 17.2367 2.4
      vertex 50.65 17.55 2.4
    endloop
  endfacet
  facet normal 0 0 1
    outer loop
      vertex 56.6705 17.2367 2.4
      vertex 50.6295 17.2367 2.4
      vertex 56.7318 16.9288 2.4
    endloop
  endfacet
  facet normal 0 0 1
    outer loop
      vertex 50.5682 16.9288 2.4
      vertex 56.7318 16.9288 2.4
      vertex 50.6295 17.2367 2.4
    endloop
  endfacet
  facet normal 0 0 1
    outer loop
      vertex 56.7318 16.9288 2.4
      vertex 50.5682 16.9288 2.4
      vertex 56.8327 16.6316 2.4
    endloop
  endfacet
  facet normal 0 0 1
    outer loop
      vertex 50.4673 16.6316 2.4
      vertex 56.8327 16.6316 2.4
      vertex 50.5682 16.9288 2.4
    endloop
  endfacet
  facet normal 0 0 1
    outer loop
      vertex 56.8327 16.6316 2.4
      vertex 50.4673 16.6316 2.4
      vertex 56.9715 16.35 2.4
    endloop
  endfacet
  facet normal 0 0 1
    outer loop
      vertex 50.3285 16.35 2.4
      vertex 56.9715 16.35 2.4
      vertex 50.4673 16.6316 2.4
    endloop
  endfacet
  facet normal 0 0 1
    outer loop
      vertex 56.9715 16.35 2.4
      vertex 50.3285 16.35 2.4
      vertex 57.146 16.089 2.4
    endloop
  endfacet
  facet normal 0 0 1
    outer loop
      vertex 50.154 16.089 2.4
      vertex 57.146 16.089 2.4
      vertex 50.3285 16.35 2.4
    endloop
  endfacet
  facet normal 0 0 1
    outer loop
      vertex 57.146 16.089 2.4
      vertex 50.154 16.089 2.4
      vertex 57.3529 15.8529 2.4
    endloop
  endfacet
  facet normal 0 0 1
    outer loop
      vertex 49.9471 15.8529 2.4
      vertex 57.3529 15.8529 2.4
      vertex 50.154 16.089 2.4
    endloop
  endfacet
  facet normal 0 0 1
    outer loop
      vertex 57.3529 15.8529 2.4
      vertex 49.9471 15.8529 2.4
      vertex 57.589 15.646 2.4
    endloop
  endfacet
  facet normal 0 0 1
    outer loop
      vertex 49.711 15.646 2.4
      vertex 57.589 15.646 2.4
      vertex 49.9471 15.8529 2.4
    endloop
  endfacet
  facet normal 0 0 1
    outer loop
      vertex 57.589 15.646 2.4
      vertex 49.711 15.646 2.4
      vertex 57.85 15.4715 2.4
    endloop
  endfacet
  facet normal 0 0 1
    outer loop
      vertex 49.45 15.4715 2.4
      vertex 57.85 15.4715 2.4
      vertex 49.711 15.646 2.4
    endloop
  endfacet
  facet normal 0 0 1
    outer loop
      vertex 57.85 15.4715 2.4
      vertex 49.45 15.4715 2.4
      vertex 58.1316 15.3327 2.4
    endloop
  endfacet
  facet normal 0 0 1
    outer loop
      vertex 49.1684 15.3327 2.4
      vertex 58.1316 15.3327 2.4
      vertex 49.45 15.4715 2.4
    endloop
  endfacet
  facet normal 0 0 1
    outer loop
      vertex 48.8712 15.2318 2.4
      vertex 58.1316 15.3327 2.4
      vertex 49.1684 15.3327 2.4
    endloop
  endfacet
  facet normal 0 0 1
    outer loop
      vertex 58.4288 15.2318 2.4
      vertex 48.8712 15.2318 2.4
      vertex 48.5633 15.1705 2.4
    endloop
  endfacet
  facet normal 0 0 1
    outer loop
      vertex 58.7367 15.1705 2.4
      vertex 48.5633 15.1705 2.4
      vertex 86.9 2.4 2.4
    endloop
  endfacet
  facet normal -0 0 1
    outer loop
      vertex 48.25 15.15 2.4
      vertex 86.9 2.4 2.4
      vertex 48.5633 15.1705 2.4
    endloop
  endfacet
  facet normal -0 0 1
    outer loop
      vertex 48.05 15.15 2.4
      vertex 86.9 2.4 2.4
      vertex 48.25 15.15 2.4
    endloop
  endfacet
  facet normal 0 0 1
    outer loop
      vertex 4.4 2.4 2.4
      vertex 48.05 15.15 2.4
      vertex 47.7367 15.1705 2.4
    endloop
  endfacet
  facet normal 0 0 1
    outer loop
      vertex 37.5633 15.1705 2.4
      vertex 47.7367 15.1705 2.4
      vertex 47.4288 15.2318 2.4
    endloop
  endfacet
  facet normal 0 0 1
    outer loop
      vertex 39.65 17.55 2.4
      vertex 45.65 17.55 2.4
      vertex 39.65 44.75 2.4
    endloop
  endfacet
  facet normal 0 0 1
    outer loop
      vertex 45.65 17.55 2.4
      vertex 39.65 17.55 2.4
      vertex 45.6705 17.2367 2.4
    endloop
  endfacet
  facet normal 0 0 1
    outer loop
      vertex 39.6295 17.2367 2.4
      vertex 45.6705 17.2367 2.4
      vertex 39.65 17.55 2.4
    endloop
  endfacet
  facet normal 0 0 1
    outer loop
      vertex 45.6705 17.2367 2.4
      vertex 39.6295 17.2367 2.4
      vertex 45.7318 16.9288 2.4
    endloop
  endfacet
  facet normal 0 0 1
    outer loop
      vertex 39.5682 16.9288 2.4
      vertex 45.7318 16.9288 2.4
      vertex 39.6295 17.2367 2.4
    endloop
  endfacet
  facet normal 0 0 1
    outer loop
      vertex 45.7318 16.9288 2.4
      vertex 39.5682 16.9288 2.4
      vertex 45.8327 16.6316 2.4
    endloop
  endfacet
  facet normal 0 0 1
    outer loop
      vertex 39.4673 16.6316 2.4
      vertex 45.8327 16.6316 2.4
      vertex 39.5682 16.9288 2.4
    endloop
  endfacet
  facet normal 0 0 1
    outer loop
      vertex 45.8327 16.6316 2.4
      vertex 39.4673 16.6316 2.4
      vertex 45.9715 16.35 2.4
    endloop
  endfacet
  facet normal 0 0 1
    outer loop
      vertex 39.3285 16.35 2.4
      vertex 45.9715 16.35 2.4
      vertex 39.4673 16.6316 2.4
    endloop
  endfacet
  facet normal 0 0 1
    outer loop
      vertex 45.9715 16.35 2.4
      vertex 39.3285 16.35 2.4
      vertex 46.146 16.089 2.4
    endloop
  endfacet
  facet normal 0 0 1
    outer loop
      vertex 39.154 16.089 2.4
      vertex 46.146 16.089 2.4
      vertex 39.3285 16.35 2.4
    endloop
  endfacet
  facet normal 0 0 1
    outer loop
      vertex 46.146 16.089 2.4
      vertex 39.154 16.089 2.4
      vertex 46.3529 15.8529 2.4
    endloop
  endfacet
  facet normal 0 0 1
    outer loop
      vertex 38.9471 15.8529 2.4
      vertex 46.3529 15.8529 2.4
      vertex 39.154 16.089 2.4
    endloop
  endfacet
  facet normal 0 0 1
    outer loop
      vertex 46.3529 15.8529 2.4
      vertex 38.9471 15.8529 2.4
      vertex 46.589 15.646 2.4
    endloop
  endfacet
  facet normal 0 0 1
    outer loop
      vertex 38.711 15.646 2.4
      vertex 46.589 15.646 2.4
      vertex 38.9471 15.8529 2.4
    endloop
  endfacet
  facet normal 0 0 1
    outer loop
      vertex 46.589 15.646 2.4
      vertex 38.711 15.646 2.4
      vertex 46.85 15.4715 2.4
    endloop
  endfacet
  facet normal 0 0 1
    outer loop
      vertex 38.45 15.4715 2.4
      vertex 46.85 15.4715 2.4
      vertex 38.711 15.646 2.4
    endloop
  endfacet
  facet normal 0 0 1
    outer loop
      vertex 46.85 15.4715 2.4
      vertex 38.45 15.4715 2.4
      vertex 47.1316 15.3327 2.4
    endloop
  endfacet
  facet normal 0 0 1
    outer loop
      vertex 38.1684 15.3327 2.4
      vertex 47.1316 15.3327 2.4
      vertex 38.45 15.4715 2.4
    endloop
  endfacet
  facet normal 0 0 1
    outer loop
      vertex 47.1316 15.3327 2.4
      vertex 38.1684 15.3327 2.4
      vertex 47.4288 15.2318 2.4
    endloop
  endfacet
  facet normal 0 0 1
    outer loop
      vertex 37.8712 15.2318 2.4
      vertex 47.4288 15.2318 2.4
      vertex 38.1684 15.3327 2.4
    endloop
  endfacet
  facet normal 0 0 1
    outer loop
      vertex 37.5633 15.1705 2.4
      vertex 47.4288 15.2318 2.4
      vertex 37.8712 15.2318 2.4
    endloop
  endfacet
  facet normal 0 0 1
    outer loop
      vertex 47.7367 15.1705 2.4
      vertex 37.5633 15.1705 2.4
      vertex 4.4 2.4 2.4
    endloop
  endfacet
  facet normal 0 0 1
    outer loop
      vertex 4.4 2.4 2.4
      vertex 37.5633 15.1705 2.4
      vertex 37.25 15.15 2.4
    endloop
  endfacet
  facet normal 0 0 1
    outer loop
      vertex 4.4 2.4 2.4
      vertex 37.25 15.15 2.4
      vertex 37.05 15.15 2.4
    endloop
  endfacet
  facet normal 0 0 1
    outer loop
      vertex 4.4 2.4 2.4
      vertex 37.05 15.15 2.4
      vertex 36.7367 15.1705 2.4
    endloop
  endfacet
  facet normal 0 0 1
    outer loop
      vertex 26.5633 15.1705 2.4
      vertex 36.7367 15.1705 2.4
      vertex 36.4288 15.2318 2.4
    endloop
  endfacet
  facet normal 0 0 1
    outer loop
      vertex 28.65 17.55 2.4
      vertex 34.65 17.55 2.4
      vertex 28.65 44.75 2.4
    endloop
  endfacet
  facet normal 0 0 1
    outer loop
      vertex 34.65 17.55 2.4
      vertex 28.65 17.55 2.4
      vertex 34.6705 17.2367 2.4
    endloop
  endfacet
  facet normal 0 0 1
    outer loop
      vertex 28.6295 17.2367 2.4
      vertex 34.6705 17.2367 2.4
      vertex 28.65 17.55 2.4
    endloop
  endfacet
  facet normal 0 0 1
    outer loop
      vertex 34.6705 17.2367 2.4
      vertex 28.6295 17.2367 2.4
      vertex 34.7318 16.9288 2.4
    endloop
  endfacet
  facet normal 0 0 1
    outer loop
      vertex 28.5682 16.9288 2.4
      vertex 34.7318 16.9288 2.4
      vertex 28.6295 17.2367 2.4
    endloop
  endfacet
  facet normal 0 0 1
    outer loop
      vertex 34.7318 16.9288 2.4
      vertex 28.5682 16.9288 2.4
      vertex 34.8327 16.6316 2.4
    endloop
  endfacet
  facet normal 0 0 1
    outer loop
      vertex 28.4673 16.6316 2.4
      vertex 34.8327 16.6316 2.4
      vertex 28.5682 16.9288 2.4
    endloop
  endfacet
  facet normal 0 0 1
    outer loop
      vertex 34.8327 16.6316 2.4
      vertex 28.4673 16.6316 2.4
      vertex 34.9715 16.35 2.4
    endloop
  endfacet
  facet normal 0 0 1
    outer loop
      vertex 28.3285 16.35 2.4
      vertex 34.9715 16.35 2.4
      vertex 28.4673 16.6316 2.4
    endloop
  endfacet
  facet normal 0 0 1
    outer loop
      vertex 34.9715 16.35 2.4
      vertex 28.3285 16.35 2.4
      vertex 35.146 16.089 2.4
    endloop
  endfacet
  facet normal 0 0 1
    outer loop
      vertex 28.154 16.089 2.4
      vertex 35.146 16.089 2.4
      vertex 28.3285 16.35 2.4
    endloop
  endfacet
  facet normal 0 0 1
    outer loop
      vertex 35.146 16.089 2.4
      vertex 28.154 16.089 2.4
      vertex 35.3529 15.8529 2.4
    endloop
  endfacet
  facet normal 0 0 1
    outer loop
      vertex 27.9471 15.8529 2.4
      vertex 35.3529 15.8529 2.4
      vertex 28.154 16.089 2.4
    endloop
  endfacet
  facet normal 0 0 1
    outer loop
      vertex 35.3529 15.8529 2.4
      vertex 27.9471 15.8529 2.4
      vertex 35.589 15.646 2.4
    endloop
  endfacet
  facet normal 0 0 1
    outer loop
      vertex 27.711 15.646 2.4
      vertex 35.589 15.646 2.4
      vertex 27.9471 15.8529 2.4
    endloop
  endfacet
  facet normal 0 0 1
    outer loop
      vertex 35.589 15.646 2.4
      vertex 27.711 15.646 2.4
      vertex 35.85 15.4715 2.4
    endloop
  endfacet
  facet normal 0 0 1
    outer loop
      vertex 27.45 15.4715 2.4
      vertex 35.85 15.4715 2.4
      vertex 27.711 15.646 2.4
    endloop
  endfacet
  facet normal 0 0 1
    outer loop
      vertex 35.85 15.4715 2.4
      vertex 27.45 15.4715 2.4
      vertex 36.1316 15.3327 2.4
    endloop
  endfacet
  facet normal 0 0 1
    outer loop
      vertex 27.1684 15.3327 2.4
      vertex 36.1316 15.3327 2.4
      vertex 27.45 15.4715 2.4
    endloop
  endfacet
  facet normal 0 0 1
    outer loop
      vertex 36.1316 15.3327 2.4
      vertex 27.1684 15.3327 2.4
      vertex 36.4288 15.2318 2.4
    endloop
  endfacet
  facet normal 0 0 1
    outer loop
      vertex 26.8712 15.2318 2.4
      vertex 36.4288 15.2318 2.4
      vertex 27.1684 15.3327 2.4
    endloop
  endfacet
  facet normal 0 0 1
    outer loop
      vertex 26.5633 15.1705 2.4
      vertex 36.4288 15.2318 2.4
      vertex 26.8712 15.2318 2.4
    endloop
  endfacet
  facet normal 0 0 1
    outer loop
      vertex 36.7367 15.1705 2.4
      vertex 26.5633 15.1705 2.4
      vertex 4.4 2.4 2.4
    endloop
  endfacet
  facet normal 0 0 1
    outer loop
      vertex 4.4 2.4 2.4
      vertex 26.5633 15.1705 2.4
      vertex 26.25 15.15 2.4
    endloop
  endfacet
  facet normal 0 0 1
    outer loop
      vertex 4.4 2.4 2.4
      vertex 26.25 15.15 2.4
      vertex 26.05 15.15 2.4
    endloop
  endfacet
  facet normal 0 0 1
    outer loop
      vertex 4.4 2.4 2.4
      vertex 26.05 15.15 2.4
      vertex 25.7367 15.1705 2.4
    endloop
  endfacet
  facet normal 0 0 1
    outer loop
      vertex 4.4 2.4 2.4
      vertex 25.7367 15.1705 2.4
      vertex 25.4288 15.2318 2.4
    endloop
  endfacet
  facet normal 0 0 1
    outer loop
      vertex 17.65 17.55 2.4
      vertex 23.65 17.55 2.4
      vertex 17.65 44.75 2.4
    endloop
  endfacet
  facet normal 0 0 1
    outer loop
      vertex 23.65 17.55 2.4
      vertex 17.65 17.55 2.4
      vertex 23.6705 17.2367 2.4
    endloop
  endfacet
  facet normal 0 0 1
    outer loop
      vertex 17.6295 17.2367 2.4
      vertex 23.6705 17.2367 2.4
      vertex 17.65 17.55 2.4
    endloop
  endfacet
  facet normal 0 0 1
    outer loop
      vertex 23.6705 17.2367 2.4
      vertex 17.6295 17.2367 2.4
      vertex 23.7318 16.9288 2.4
    endloop
  endfacet
  facet normal 0 0 1
    outer loop
      vertex 17.5682 16.9288 2.4
      vertex 23.7318 16.9288 2.4
      vertex 17.6295 17.2367 2.4
    endloop
  endfacet
  facet normal 0 0 1
    outer loop
      vertex 23.7318 16.9288 2.4
      vertex 17.5682 16.9288 2.4
      vertex 23.8327 16.6316 2.4
    endloop
  endfacet
  facet normal 0 0 1
    outer loop
      vertex 17.4673 16.6316 2.4
      vertex 23.8327 16.6316 2.4
      vertex 17.5682 16.9288 2.4
    endloop
  endfacet
  facet normal 0 0 1
    outer loop
      vertex 23.8327 16.6316 2.4
      vertex 17.4673 16.6316 2.4
      vertex 23.9715 16.35 2.4
    endloop
  endfacet
  facet normal 0 0 1
    outer loop
      vertex 17.3285 16.35 2.4
      vertex 23.9715 16.35 2.4
      vertex 17.4673 16.6316 2.4
    endloop
  endfacet
  facet normal 0 0 1
    outer loop
      vertex 23.9715 16.35 2.4
      vertex 17.3285 16.35 2.4
      vertex 24.146 16.089 2.4
    endloop
  endfacet
  facet normal 0 0 1
    outer loop
      vertex 17.154 16.089 2.4
      vertex 24.146 16.089 2.4
      vertex 17.3285 16.35 2.4
    endloop
  endfacet
  facet normal 0 0 1
    outer loop
      vertex 24.146 16.089 2.4
      vertex 17.154 16.089 2.4
      vertex 24.3529 15.8529 2.4
    endloop
  endfacet
  facet normal 0 0 1
    outer loop
      vertex 16.9471 15.8529 2.4
      vertex 24.3529 15.8529 2.4
      vertex 17.154 16.089 2.4
    endloop
  endfacet
  facet normal 0 0 1
    outer loop
      vertex 24.3529 15.8529 2.4
      vertex 16.9471 15.8529 2.4
      vertex 24.589 15.646 2.4
    endloop
  endfacet
  facet normal 0 0 1
    outer loop
      vertex 16.711 15.646 2.4
      vertex 24.589 15.646 2.4
      vertex 16.9471 15.8529 2.4
    endloop
  endfacet
  facet normal 0 0 1
    outer loop
      vertex 24.589 15.646 2.4
      vertex 16.711 15.646 2.4
      vertex 24.85 15.4715 2.4
    endloop
  endfacet
  facet normal 0 0 1
    outer loop
      vertex 16.45 15.4715 2.4
      vertex 24.85 15.4715 2.4
      vertex 16.711 15.646 2.4
    endloop
  endfacet
  facet normal 0 0 1
    outer loop
      vertex 24.85 15.4715 2.4
      vertex 16.45 15.4715 2.4
      vertex 25.1316 15.3327 2.4
    endloop
  endfacet
  facet normal 0 0 1
    outer loop
      vertex 16.1684 15.3327 2.4
      vertex 25.1316 15.3327 2.4
      vertex 16.45 15.4715 2.4
    endloop
  endfacet
  facet normal 0 0 1
    outer loop
      vertex 25.1316 15.3327 2.4
      vertex 16.1684 15.3327 2.4
      vertex 25.4288 15.2318 2.4
    endloop
  endfacet
  facet normal 0 0 1
    outer loop
      vertex 15.8712 15.2318 2.4
      vertex 25.4288 15.2318 2.4
      vertex 16.1684 15.3327 2.4
    endloop
  endfacet
  facet normal 0 0 1
    outer loop
      vertex 25.4288 15.2318 2.4
      vertex 15.8712 15.2318 2.4
      vertex 4.4 2.4 2.4
    endloop
  endfacet
  facet normal 0 0 1
    outer loop
      vertex 4.4 2.4 2.4
      vertex 15.8712 15.2318 2.4
      vertex 15.5633 15.1705 2.4
    endloop
  endfacet
  facet normal 0 0 1
    outer loop
      vertex 4.4 2.4 2.4
      vertex 15.5633 15.1705 2.4
      vertex 15.25 15.15 2.4
    endloop
  endfacet
  facet normal 0 0 1
    outer loop
      vertex 4.4 2.4 2.4
      vertex 15.25 15.15 2.4
      vertex 15.05 15.15 2.4
    endloop
  endfacet
  facet normal 0 0 1
    outer loop
      vertex 4.4 2.4 2.4
      vertex 15.05 15.15 2.4
      vertex 14.7367 15.1705 2.4
    endloop
  endfacet
  facet normal 0 0 1
    outer loop
      vertex 12.65 44.75 2.4
      vertex 2.4 57.9 2.4
      vertex 12.65 17.55 2.4
    endloop
  endfacet
  facet normal 0 0 1
    outer loop
      vertex 48.05 15.15 2.4
      vertex 4.4 2.4 2.4
      vertex 86.9 2.4 2.4
    endloop
  endfacet
  facet normal 0 0 1
    outer loop
      vertex 14.4288 15.2318 2.4
      vertex 4.4 2.4 2.4
      vertex 14.7367 15.1705 2.4
    endloop
  endfacet
  facet normal 0 0 1
    outer loop
      vertex 14.1316 15.3327 2.4
      vertex 4.4 2.4 2.4
      vertex 14.4288 15.2318 2.4
    endloop
  endfacet
  facet normal 0 0 1
    outer loop
      vertex 13.85 15.4715 2.4
      vertex 4.4 2.4 2.4
      vertex 14.1316 15.3327 2.4
    endloop
  endfacet
  facet normal 0 0 1
    outer loop
      vertex 13.589 15.646 2.4
      vertex 4.4 2.4 2.4
      vertex 13.85 15.4715 2.4
    endloop
  endfacet
  facet normal 0 0 1
    outer loop
      vertex 2.4 4.4 2.4
      vertex 13.589 15.646 2.4
      vertex 13.3529 15.8529 2.4
    endloop
  endfacet
  facet normal 0 0 1
    outer loop
      vertex 2.4 4.4 2.4
      vertex 13.3529 15.8529 2.4
      vertex 13.146 16.089 2.4
    endloop
  endfacet
  facet normal 0 0 1
    outer loop
      vertex 2.4 4.4 2.4
      vertex 13.146 16.089 2.4
      vertex 12.9715 16.35 2.4
    endloop
  endfacet
  facet normal 0 0 1
    outer loop
      vertex 2.4 4.4 2.4
      vertex 12.9715 16.35 2.4
      vertex 12.8327 16.6316 2.4
    endloop
  endfacet
  facet normal 0 0 1
    outer loop
      vertex 2.4 4.4 2.4
      vertex 12.8327 16.6316 2.4
      vertex 12.7318 16.9288 2.4
    endloop
  endfacet
  facet normal 0 0 1
    outer loop
      vertex 2.4 4.4 2.4
      vertex 12.7318 16.9288 2.4
      vertex 12.6705 17.2367 2.4
    endloop
  endfacet
  facet normal 0 0 1
    outer loop
      vertex 2.4 4.4 2.4
      vertex 12.65 17.55 2.4
      vertex 2.4 57.9 2.4
    endloop
  endfacet
  facet normal 0 0 1
    outer loop
      vertex 2.4 57.9 2.4
      vertex 4.4 59.9 2.4
      vertex 4.13895 59.8829 2.4
    endloop
  endfacet
  facet normal 0 0 1
    outer loop
      vertex 12.65 17.55 2.4
      vertex 2.4 4.4 2.4
      vertex 12.6705 17.2367 2.4
    endloop
  endfacet
  facet normal 0 0 1
    outer loop
      vertex 2.4 57.9 2.4
      vertex 4.13895 59.8829 2.4
      vertex 3.88236 59.8319 2.4
    endloop
  endfacet
  facet normal 0 0 1
    outer loop
      vertex 13.589 15.646 2.4
      vertex 2.4 4.4 2.4
      vertex 4.4 2.4 2.4
    endloop
  endfacet
  facet normal 0 0 1
    outer loop
      vertex 2.4 57.9 2.4
      vertex 3.88236 59.8319 2.4
      vertex 3.63463 59.7478 2.4
    endloop
  endfacet
  facet normal 0 0 1
    outer loop
      vertex 4.4 2.4 2.4
      vertex 2.4 4.4 2.4
      vertex 4.13895 2.41711 2.4
    endloop
  endfacet
  facet normal 0 0 1
    outer loop
      vertex 2.4 57.9 2.4
      vertex 3.63463 59.7478 2.4
      vertex 3.4 59.632 2.4
    endloop
  endfacet
  facet normal 0 0 1
    outer loop
      vertex 4.13895 2.41711 2.4
      vertex 2.4 4.4 2.4
      vertex 3.88236 2.46815 2.4
    endloop
  endfacet
  facet normal 0 0 1
    outer loop
      vertex 2.4 57.9 2.4
      vertex 3.4 59.632 2.4
      vertex 3.18248 59.4867 2.4
    endloop
  endfacet
  facet normal 0 0 1
    outer loop
      vertex 3.88236 2.46815 2.4
      vertex 2.4 4.4 2.4
      vertex 3.63463 2.55224 2.4
    endloop
  endfacet
  facet normal 0 0 1
    outer loop
      vertex 2.4 57.9 2.4
      vertex 3.18248 59.4867 2.4
      vertex 2.98579 59.3142 2.4
    endloop
  endfacet
  facet normal 0 0 1
    outer loop
      vertex 3.63463 2.55224 2.4
      vertex 2.4 4.4 2.4
      vertex 3.4 2.66795 2.4
    endloop
  endfacet
  facet normal 0 0 1
    outer loop
      vertex 2.4 57.9 2.4
      vertex 2.98579 59.3142 2.4
      vertex 2.81329 59.1175 2.4
    endloop
  endfacet
  facet normal 0 0 1
    outer loop
      vertex 3.4 2.66795 2.4
      vertex 2.4 4.4 2.4
      vertex 3.18248 2.81329 2.4
    endloop
  endfacet
  facet normal 0 0 1
    outer loop
      vertex 2.4 57.9 2.4
      vertex 2.81329 59.1175 2.4
      vertex 2.66795 58.9 2.4
    endloop
  endfacet
  facet normal 0 0 1
    outer loop
      vertex 3.18248 2.81329 2.4
      vertex 2.4 4.4 2.4
      vertex 2.98579 2.98579 2.4
    endloop
  endfacet
  facet normal 0 0 1
    outer loop
      vertex 2.4 57.9 2.4
      vertex 2.66795 58.9 2.4
      vertex 2.55224 58.6654 2.4
    endloop
  endfacet
  facet normal 0 0 1
    outer loop
      vertex 2.98579 2.98579 2.4
      vertex 2.4 4.4 2.4
      vertex 2.81329 3.18248 2.4
    endloop
  endfacet
  facet normal 0 0 1
    outer loop
      vertex 2.4 57.9 2.4
      vertex 2.55224 58.6654 2.4
      vertex 2.46815 58.4176 2.4
    endloop
  endfacet
  facet normal 0 0 1
    outer loop
      vertex 2.81329 3.18248 2.4
      vertex 2.4 4.4 2.4
      vertex 2.66795 3.4 2.4
    endloop
  endfacet
  facet normal 0 0 1
    outer loop
      vertex 2.4 57.9 2.4
      vertex 2.46815 58.4176 2.4
      vertex 2.41711 58.1611 2.4
    endloop
  endfacet
  facet normal 0 0 1
    outer loop
      vertex 2.66795 3.4 2.4
      vertex 2.4 4.4 2.4
      vertex 2.55224 3.63463 2.4
    endloop
  endfacet
  facet normal 0 0 1
    outer loop
      vertex 2.55224 3.63463 2.4
      vertex 2.4 4.4 2.4
      vertex 2.46815 3.88236 2.4
    endloop
  endfacet
  facet normal 0 0 1
    outer loop
      vertex 2.46815 3.88236 2.4
      vertex 2.4 4.4 2.4
      vertex 2.41711 4.13895 2.4
    endloop
  endfacet
  facet normal -0.979715 -0.200396 0
    outer loop
      vertex 88.8318 58.4176 2.4
      vertex 88.8354 58.4 6.8
      vertex 88.8318 58.4176 24.9
    endloop
  endfacet
  facet normal -0.980727 -0.195381 2.08902e-05
    outer loop
      vertex 88.8829 58.1611 2.4
      vertex 88.8354 58.4 6.8
      vertex 88.8318 58.4176 2.4
    endloop
  endfacet
  facet normal -0.980801 -0.195011 0
    outer loop
      vertex 88.8354 58.4 6.8
      vertex 88.8829 58.1611 2.4
      vertex 88.8829 58.1611 6.8
    endloop
  endfacet
  facet normal -0.979715 -0.200396 0
    outer loop
      vertex 88.8318 58.4176 24.9
      vertex 88.8354 58.4 6.8
      vertex 88.8354 58.4 24.9
    endloop
  endfacet
  facet normal 0.751826 0.659362 0
    outer loop
      vertex 2.98579 2.98579 24.9
      vertex 2.81329 3.18248 2.4
      vertex 2.81329 3.18248 24.9
    endloop
  endfacet
  facet normal 0.751826 0.659362 0
    outer loop
      vertex 2.81329 3.18248 2.4
      vertex 2.98579 2.98579 24.9
      vertex 2.98579 2.98579 2.4
    endloop
  endfacet
  facet normal 0.896868 0.442299 0
    outer loop
      vertex 2.66795 3.4 24.9
      vertex 2.55224 3.63463 2.4
      vertex 2.55224 3.63463 24.9
    endloop
  endfacet
  facet normal 0.896868 0.442299 0
    outer loop
      vertex 2.55224 3.63463 2.4
      vertex 2.66795 3.4 24.9
      vertex 2.66795 3.4 2.4
    endloop
  endfacet
  facet normal -0.195087 0.980786 0
    outer loop
      vertex 87.4176 2.46815 2.4
      vertex 87.161 2.41711 24.9
      vertex 87.4176 2.46815 24.9
    endloop
  endfacet
  facet normal -0.195087 0.980786 0
    outer loop
      vertex 87.161 2.41711 24.9
      vertex 87.4176 2.46815 2.4
      vertex 87.161 2.41711 2.4
    endloop
  endfacet
  facet normal -0.321348 0.946961 0
    outer loop
      vertex 87.6654 2.55224 2.4
      vertex 87.4176 2.46815 24.9
      vertex 87.6654 2.55224 24.9
    endloop
  endfacet
  facet normal -0.321348 0.946961 0
    outer loop
      vertex 87.4176 2.46815 24.9
      vertex 87.6654 2.55224 2.4
      vertex 87.4176 2.46815 2.4
    endloop
  endfacet
  facet normal -0.442344 0.896845 0
    outer loop
      vertex 87.9 2.66795 2.4
      vertex 87.6654 2.55224 24.9
      vertex 87.9 2.66795 24.9
    endloop
  endfacet
  facet normal -0.442344 0.896845 0
    outer loop
      vertex 87.6654 2.55224 24.9
      vertex 87.9 2.66795 2.4
      vertex 87.6654 2.55224 2.4
    endloop
  endfacet
  facet normal -0.751842 -0.659343 0
    outer loop
      vertex 88.4867 59.1175 2.4
      vertex 88.3142 59.3142 24.9
      vertex 88.3142 59.3142 2.4
    endloop
  endfacet
  facet normal -0.751842 -0.659343 0
    outer loop
      vertex 88.3142 59.3142 24.9
      vertex 88.4867 59.1175 2.4
      vertex 88.4867 59.1175 24.9
    endloop
  endfacet
  facet normal -0.831521 -0.555494 0
    outer loop
      vertex 88.632 58.9 2.4
      vertex 88.4867 59.1175 24.9
      vertex 88.4867 59.1175 2.4
    endloop
  endfacet
  facet normal -0.831521 -0.555494 0
    outer loop
      vertex 88.4867 59.1175 24.9
      vertex 88.632 58.9 2.4
      vertex 88.632 58.9 24.9
    endloop
  endfacet
  facet normal -0.5556 0.83145 0
    outer loop
      vertex 88.1175 2.81329 2.4
      vertex 87.9 2.66795 24.9
      vertex 88.1175 2.81329 24.9
    endloop
  endfacet
  facet normal -0.5556 0.83145 0
    outer loop
      vertex 87.9 2.66795 24.9
      vertex 88.1175 2.81329 2.4
      vertex 87.9 2.66795 2.4
    endloop
  endfacet
  facet normal 0.442299 0.896868 -0
    outer loop
      vertex 3.63463 2.55224 2.4
      vertex 3.4 2.66795 24.9
      vertex 3.63463 2.55224 24.9
    endloop
  endfacet
  facet normal 0.442299 0.896868 0
    outer loop
      vertex 3.4 2.66795 24.9
      vertex 3.63463 2.55224 2.4
      vertex 3.4 2.66795 2.4
    endloop
  endfacet
  facet normal -0.321382 -0.94695 0
    outer loop
      vertex 87.4176 59.8319 2.4
      vertex 87.6654 59.7478 24.9
      vertex 87.4176 59.8319 24.9
    endloop
  endfacet
  facet normal -0.321382 -0.94695 -0
    outer loop
      vertex 87.6654 59.7478 24.9
      vertex 87.4176 59.8319 2.4
      vertex 87.6654 59.7478 2.4
    endloop
  endfacet
  facet normal -0.896731 0.442575 0
    outer loop
      vertex 88.632 3.4 2.4
      vertex 88.7478 3.63463 24.9
      vertex 88.7478 3.63463 2.4
    endloop
  endfacet
  facet normal -0.896731 0.442575 0
    outer loop
      vertex 88.7478 3.63463 24.9
      vertex 88.632 3.4 2.4
      vertex 88.632 3.4 24.9
    endloop
  endfacet
  facet normal -0.947024 0.321163 0
    outer loop
      vertex 88.8318 3.88236 2.4
      vertex 88.753 3.65 6.8
      vertex 88.8318 3.88236 6.8
    endloop
  endfacet
  facet normal -0.947038 0.321121 -2.50571e-06
    outer loop
      vertex 88.7478 3.63463 2.4
      vertex 88.753 3.65 6.8
      vertex 88.8318 3.88236 2.4
    endloop
  endfacet
  facet normal -0.947256 0.320477 0
    outer loop
      vertex 88.7478 3.63463 24.9
      vertex 88.753 3.65 6.8
      vertex 88.7478 3.63463 2.4
    endloop
  endfacet
  facet normal -0.947256 0.320477 0
    outer loop
      vertex 88.753 3.65 6.8
      vertex 88.7478 3.63463 24.9
      vertex 88.753 3.65 24.9
    endloop
  endfacet
  facet normal -0.751826 0.659362 0
    outer loop
      vertex 88.3142 2.98579 2.4
      vertex 88.4867 3.18248 24.9
      vertex 88.4867 3.18248 2.4
    endloop
  endfacet
  facet normal -0.751826 0.659362 0
    outer loop
      vertex 88.4867 3.18248 24.9
      vertex 88.3142 2.98579 2.4
      vertex 88.3142 2.98579 24.9
    endloop
  endfacet
  facet normal 0.195094 0.980784 -0
    outer loop
      vertex 4.13895 2.41711 2.4
      vertex 3.88236 2.46815 24.9
      vertex 4.13895 2.41711 24.9
    endloop
  endfacet
  facet normal 0.195094 0.980784 0
    outer loop
      vertex 3.88236 2.46815 24.9
      vertex 4.13895 2.41711 2.4
      vertex 3.88236 2.46815 2.4
    endloop
  endfacet
  facet normal -0.980741 0.195315 0
    outer loop
      vertex 88.8318 3.88236 2.4
      vertex 88.8829 4.13895 6.8
      vertex 88.8829 4.13895 2.4
    endloop
  endfacet
  facet normal -0.980741 0.195315 0
    outer loop
      vertex 88.8829 4.13895 6.8
      vertex 88.8318 3.88236 2.4
      vertex 88.8318 3.88236 6.8
    endloop
  endfacet
  facet normal 0.980784 0.195098 0
    outer loop
      vertex 9.8722 7.07421 6.4
      vertex 9.78926 7.49116 2.4
      vertex 9.78926 7.49116 6.4
    endloop
  endfacet
  facet normal 0.980784 0.195098 0
    outer loop
      vertex 9.78926 7.49116 2.4
      vertex 9.8722 7.07421 6.4
      vertex 9.8722 7.07421 2.4
    endloop
  endfacet
  facet normal 0.99786 0.0653933 0
    outer loop
      vertex 9.9 6.65 6.4
      vertex 9.8722 7.07421 2.4
      vertex 9.8722 7.07421 6.4
    endloop
  endfacet
  facet normal 0.99786 0.0653933 0
    outer loop
      vertex 9.8722 7.07421 2.4
      vertex 9.9 6.65 6.4
      vertex 9.9 6.65 2.4
    endloop
  endfacet
  facet normal 0.946931 0.321438 0
    outer loop
      vertex 9.78926 7.49116 6.4
      vertex 9.65261 7.89372 2.4
      vertex 9.65261 7.89372 6.4
    endloop
  endfacet
  facet normal 0.946931 0.321438 0
    outer loop
      vertex 9.65261 7.89372 2.4
      vertex 9.78926 7.49116 6.4
      vertex 9.78926 7.49116 2.4
    endloop
  endfacet
  facet normal 0.896869 0.442295 0
    outer loop
      vertex 9.65261 7.89372 6.4
      vertex 9.46458 8.275 2.4
      vertex 9.46458 8.275 6.4
    endloop
  endfacet
  facet normal 0.896869 0.442295 0
    outer loop
      vertex 9.46458 8.275 2.4
      vertex 9.65261 7.89372 6.4
      vertex 9.65261 7.89372 2.4
    endloop
  endfacet
  facet normal 0.831471 0.555568 0
    outer loop
      vertex 9.46458 8.275 6.4
      vertex 9.2284 8.62847 2.4
      vertex 9.2284 8.62847 6.4
    endloop
  endfacet
  facet normal 0.831471 0.555568 0
    outer loop
      vertex 9.2284 8.62847 2.4
      vertex 9.46458 8.275 6.4
      vertex 9.46458 8.275 2.4
    endloop
  endfacet
  facet normal -0.442295 0.896869 0
    outer loop
      vertex 5.40628 9.65261 2.4
      vertex 5.025 9.46458 6.4
      vertex 5.40628 9.65261 6.4
    endloop
  endfacet
  facet normal -0.442295 0.896869 0
    outer loop
      vertex 5.025 9.46458 6.4
      vertex 5.40628 9.65261 2.4
      vertex 5.025 9.46458 2.4
    endloop
  endfacet
  facet normal 0.659335 0.751849 -0
    outer loop
      vertex 8.9481 8.9481 2.4
      vertex 8.62847 9.2284 6.4
      vertex 8.9481 8.9481 6.4
    endloop
  endfacet
  facet normal 0.659335 0.751849 0
    outer loop
      vertex 8.62847 9.2284 6.4
      vertex 8.9481 8.9481 2.4
      vertex 8.62847 9.2284 2.4
    endloop
  endfacet
  facet normal -0.0653933 0.99786 0
    outer loop
      vertex 6.65 9.9 2.4
      vertex 6.22579 9.8722 6.4
      vertex 6.65 9.9 6.4
    endloop
  endfacet
  facet normal -0.0653933 0.99786 0
    outer loop
      vertex 6.22579 9.8722 6.4
      vertex 6.65 9.9 2.4
      vertex 6.22579 9.8722 2.4
    endloop
  endfacet
  facet normal 0.0653933 -0.99786 0
    outer loop
      vertex 6.65 3.4 2.4
      vertex 7.07421 3.4278 6.4
      vertex 6.65 3.4 6.4
    endloop
  endfacet
  facet normal 0.0653933 -0.99786 0
    outer loop
      vertex 7.07421 3.4278 6.4
      vertex 6.65 3.4 2.4
      vertex 7.07421 3.4278 2.4
    endloop
  endfacet
  facet normal 0.442295 0.896869 -0
    outer loop
      vertex 8.275 9.46458 2.4
      vertex 7.89372 9.65261 6.4
      vertex 8.275 9.46458 6.4
    endloop
  endfacet
  facet normal 0.442295 0.896869 0
    outer loop
      vertex 7.89372 9.65261 6.4
      vertex 8.275 9.46458 2.4
      vertex 7.89372 9.65261 2.4
    endloop
  endfacet
  facet normal 0 0 -1
    outer loop
      vertex 7.8 6.65 2.4
      vertex 9.9 6.65 2.4
      vertex 9.8722 6.22579 2.4
    endloop
  endfacet
  facet normal 0 0 -1
    outer loop
      vertex 7.79016 6.4999 2.4
      vertex 9.8722 6.22579 2.4
      vertex 9.78926 5.80884 2.4
    endloop
  endfacet
  facet normal 0 0 -1
    outer loop
      vertex 9.9 6.65 2.4
      vertex 7.8 6.65 2.4
      vertex 9.8722 7.07421 2.4
    endloop
  endfacet
  facet normal 0 0 -1
    outer loop
      vertex 7.76081 6.35236 2.4
      vertex 9.78926 5.80884 2.4
      vertex 9.65261 5.40628 2.4
    endloop
  endfacet
  facet normal 0 0 -1
    outer loop
      vertex 7.79016 6.8001 2.4
      vertex 9.8722 7.07421 2.4
      vertex 7.8 6.65 2.4
    endloop
  endfacet
  facet normal 0 0 -1
    outer loop
      vertex 7.71246 6.20991 2.4
      vertex 9.65261 5.40628 2.4
      vertex 9.46458 5.025 2.4
    endloop
  endfacet
  facet normal -0 0 -1
    outer loop
      vertex 9.8722 7.07421 2.4
      vertex 7.79016 6.8001 2.4
      vertex 9.78926 7.49116 2.4
    endloop
  endfacet
  facet normal 0 0 -1
    outer loop
      vertex 7.64593 6.075 2.4
      vertex 9.46458 5.025 2.4
      vertex 9.2284 4.67153 2.4
    endloop
  endfacet
  facet normal 0 0 -1
    outer loop
      vertex 7.76081 6.94764 2.4
      vertex 9.78926 7.49116 2.4
      vertex 7.79016 6.8001 2.4
    endloop
  endfacet
  facet normal 0 0 -1
    outer loop
      vertex 7.56236 5.94992 2.4
      vertex 9.2284 4.67153 2.4
      vertex 8.9481 4.3519 2.4
    endloop
  endfacet
  facet normal -0 0 -1
    outer loop
      vertex 9.78926 7.49116 2.4
      vertex 7.76081 6.94764 2.4
      vertex 9.65261 7.89372 2.4
    endloop
  endfacet
  facet normal 0 0 -1
    outer loop
      vertex 7.46317 5.83683 2.4
      vertex 8.9481 4.3519 2.4
      vertex 8.62847 4.0716 2.4
    endloop
  endfacet
  facet normal 0 0 -1
    outer loop
      vertex 7.71246 7.09009 2.4
      vertex 9.65261 7.89372 2.4
      vertex 7.76081 6.94764 2.4
    endloop
  endfacet
  facet normal 0 0 -1
    outer loop
      vertex 7.35008 5.73764 2.4
      vertex 8.62847 4.0716 2.4
      vertex 8.275 3.83542 2.4
    endloop
  endfacet
  facet normal -0 0 -1
    outer loop
      vertex 9.65261 7.89372 2.4
      vertex 7.71246 7.09009 2.4
      vertex 9.46458 8.275 2.4
    endloop
  endfacet
  facet normal 0 0 -1
    outer loop
      vertex 7.225 5.65407 2.4
      vertex 8.275 3.83542 2.4
      vertex 7.89372 3.64739 2.4
    endloop
  endfacet
  facet normal 0 0 -1
    outer loop
      vertex 7.64593 7.225 2.4
      vertex 9.46458 8.275 2.4
      vertex 7.71246 7.09009 2.4
    endloop
  endfacet
  facet normal -0 0 -1
    outer loop
      vertex 9.46458 8.275 2.4
      vertex 7.64593 7.225 2.4
      vertex 9.2284 8.62847 2.4
    endloop
  endfacet
  facet normal 0 0 -1
    outer loop
      vertex 9.8722 6.22579 2.4
      vertex 7.79016 6.4999 2.4
      vertex 7.8 6.65 2.4
    endloop
  endfacet
  facet normal 0 0 -1
    outer loop
      vertex 9.78926 5.80884 2.4
      vertex 7.76081 6.35236 2.4
      vertex 7.79016 6.4999 2.4
    endloop
  endfacet
  facet normal 0 0 -1
    outer loop
      vertex 9.65261 5.40628 2.4
      vertex 7.71246 6.20991 2.4
      vertex 7.76081 6.35236 2.4
    endloop
  endfacet
  facet normal 0 0 -1
    outer loop
      vertex 9.46458 5.025 2.4
      vertex 7.64593 6.075 2.4
      vertex 7.71246 6.20991 2.4
    endloop
  endfacet
  facet normal 0 0 -1
    outer loop
      vertex 9.2284 4.67153 2.4
      vertex 7.56236 5.94992 2.4
      vertex 7.64593 6.075 2.4
    endloop
  endfacet
  facet normal 0 0 -1
    outer loop
      vertex 7.09009 5.58754 2.4
      vertex 7.89372 3.64739 2.4
      vertex 7.49116 3.51074 2.4
    endloop
  endfacet
  facet normal 0 0 -1
    outer loop
      vertex 8.9481 4.3519 2.4
      vertex 7.46317 5.83683 2.4
      vertex 7.56236 5.94992 2.4
    endloop
  endfacet
  facet normal 0 0 -1
    outer loop
      vertex 8.62847 4.0716 2.4
      vertex 7.35008 5.73764 2.4
      vertex 7.46317 5.83683 2.4
    endloop
  endfacet
  facet normal 0 0 -1
    outer loop
      vertex 8.275 3.83542 2.4
      vertex 7.225 5.65407 2.4
      vertex 7.35008 5.73764 2.4
    endloop
  endfacet
  facet normal 0 0 -1
    outer loop
      vertex 7.89372 3.64739 2.4
      vertex 7.09009 5.58754 2.4
      vertex 7.225 5.65407 2.4
    endloop
  endfacet
  facet normal 0 0 -1
    outer loop
      vertex 6.94764 5.53919 2.4
      vertex 7.49116 3.51074 2.4
      vertex 7.07421 3.4278 2.4
    endloop
  endfacet
  facet normal 0 0 -1
    outer loop
      vertex 7.49116 3.51074 2.4
      vertex 6.94764 5.53919 2.4
      vertex 7.09009 5.58754 2.4
    endloop
  endfacet
  facet normal 0 0 -1
    outer loop
      vertex 7.07421 3.4278 2.4
      vertex 6.8001 5.50984 2.4
      vertex 6.94764 5.53919 2.4
    endloop
  endfacet
  facet normal 0 0 -1
    outer loop
      vertex 6.65 3.4 2.4
      vertex 6.8001 5.50984 2.4
      vertex 7.07421 3.4278 2.4
    endloop
  endfacet
  facet normal 0 0 -1
    outer loop
      vertex 6.65 3.4 2.4
      vertex 6.65 5.5 2.4
      vertex 6.8001 5.50984 2.4
    endloop
  endfacet
  facet normal 0 0 -1
    outer loop
      vertex 6.65 3.4 2.4
      vertex 6.4999 5.50984 2.4
      vertex 6.65 5.5 2.4
    endloop
  endfacet
  facet normal 0 0 -1
    outer loop
      vertex 6.22579 3.4278 2.4
      vertex 6.4999 5.50984 2.4
      vertex 6.65 3.4 2.4
    endloop
  endfacet
  facet normal -0 0 -1
    outer loop
      vertex 6.4999 5.50984 2.4
      vertex 6.22579 3.4278 2.4
      vertex 6.35236 5.53919 2.4
    endloop
  endfacet
  facet normal 0 0 -1
    outer loop
      vertex 5.80884 3.51074 2.4
      vertex 6.35236 5.53919 2.4
      vertex 6.22579 3.4278 2.4
    endloop
  endfacet
  facet normal -0 0 -1
    outer loop
      vertex 6.35236 5.53919 2.4
      vertex 5.80884 3.51074 2.4
      vertex 6.20991 5.58754 2.4
    endloop
  endfacet
  facet normal 0 0 -1
    outer loop
      vertex 5.40628 3.64739 2.4
      vertex 6.20991 5.58754 2.4
      vertex 5.80884 3.51074 2.4
    endloop
  endfacet
  facet normal -0 0 -1
    outer loop
      vertex 6.20991 5.58754 2.4
      vertex 5.40628 3.64739 2.4
      vertex 6.075 5.65407 2.4
    endloop
  endfacet
  facet normal 0 0 -1
    outer loop
      vertex 5.025 3.83542 2.4
      vertex 6.075 5.65407 2.4
      vertex 5.40628 3.64739 2.4
    endloop
  endfacet
  facet normal -0 0 -1
    outer loop
      vertex 6.075 5.65407 2.4
      vertex 5.025 3.83542 2.4
      vertex 5.94992 5.73764 2.4
    endloop
  endfacet
  facet normal 0 0 -1
    outer loop
      vertex 4.67153 4.0716 2.4
      vertex 5.94992 5.73764 2.4
      vertex 5.025 3.83542 2.4
    endloop
  endfacet
  facet normal -0 0 -1
    outer loop
      vertex 5.94992 5.73764 2.4
      vertex 4.67153 4.0716 2.4
      vertex 5.83683 5.83683 2.4
    endloop
  endfacet
  facet normal 0 0 -1
    outer loop
      vertex 4.3519 4.3519 2.4
      vertex 5.83683 5.83683 2.4
      vertex 4.67153 4.0716 2.4
    endloop
  endfacet
  facet normal -0 0 -1
    outer loop
      vertex 5.83683 5.83683 2.4
      vertex 4.3519 4.3519 2.4
      vertex 5.73764 5.94992 2.4
    endloop
  endfacet
  facet normal -0 0 -1
    outer loop
      vertex 5.73764 5.94992 2.4
      vertex 4.0716 4.67153 2.4
      vertex 5.65407 6.075 2.4
    endloop
  endfacet
  facet normal 0 0 -1
    outer loop
      vertex 4.0716 4.67153 2.4
      vertex 5.73764 5.94992 2.4
      vertex 4.3519 4.3519 2.4
    endloop
  endfacet
  facet normal 0 0 -1
    outer loop
      vertex 7.56236 7.35008 2.4
      vertex 9.2284 8.62847 2.4
      vertex 7.64593 7.225 2.4
    endloop
  endfacet
  facet normal -0 0 -1
    outer loop
      vertex 9.2284 8.62847 2.4
      vertex 7.56236 7.35008 2.4
      vertex 8.9481 8.9481 2.4
    endloop
  endfacet
  facet normal 0 0 -1
    outer loop
      vertex 7.46317 7.46317 2.4
      vertex 8.9481 8.9481 2.4
      vertex 7.56236 7.35008 2.4
    endloop
  endfacet
  facet normal -0 0 -1
    outer loop
      vertex 8.9481 8.9481 2.4
      vertex 7.46317 7.46317 2.4
      vertex 8.62847 9.2284 2.4
    endloop
  endfacet
  facet normal 0 0 -1
    outer loop
      vertex 7.35008 7.56236 2.4
      vertex 8.62847 9.2284 2.4
      vertex 7.46317 7.46317 2.4
    endloop
  endfacet
  facet normal -0 0 -1
    outer loop
      vertex 8.62847 9.2284 2.4
      vertex 7.35008 7.56236 2.4
      vertex 8.275 9.46458 2.4
    endloop
  endfacet
  facet normal 0 0 -1
    outer loop
      vertex 7.225 7.64593 2.4
      vertex 8.275 9.46458 2.4
      vertex 7.35008 7.56236 2.4
    endloop
  endfacet
  facet normal -0 0 -1
    outer loop
      vertex 8.275 9.46458 2.4
      vertex 7.225 7.64593 2.4
      vertex 7.89372 9.65261 2.4
    endloop
  endfacet
  facet normal 0 0 -1
    outer loop
      vertex 7.09009 7.71246 2.4
      vertex 7.89372 9.65261 2.4
      vertex 7.225 7.64593 2.4
    endloop
  endfacet
  facet normal -0 0 -1
    outer loop
      vertex 7.89372 9.65261 2.4
      vertex 7.09009 7.71246 2.4
      vertex 7.49116 9.78926 2.4
    endloop
  endfacet
  facet normal 0 0 -1
    outer loop
      vertex 6.94764 7.76081 2.4
      vertex 7.49116 9.78926 2.4
      vertex 7.09009 7.71246 2.4
    endloop
  endfacet
  facet normal -0 0 -1
    outer loop
      vertex 7.49116 9.78926 2.4
      vertex 6.94764 7.76081 2.4
      vertex 7.07421 9.8722 2.4
    endloop
  endfacet
  facet normal 0 0 -1
    outer loop
      vertex 6.8001 7.79016 2.4
      vertex 7.07421 9.8722 2.4
      vertex 6.94764 7.76081 2.4
    endloop
  endfacet
  facet normal 0 0 -1
    outer loop
      vertex 6.65 7.8 2.4
      vertex 7.07421 9.8722 2.4
      vertex 6.8001 7.79016 2.4
    endloop
  endfacet
  facet normal 0 0 -1
    outer loop
      vertex 6.65 7.8 2.4
      vertex 6.65 9.9 2.4
      vertex 7.07421 9.8722 2.4
    endloop
  endfacet
  facet normal 0 0 -1
    outer loop
      vertex 6.4999 7.79016 2.4
      vertex 6.65 9.9 2.4
      vertex 6.65 7.8 2.4
    endloop
  endfacet
  facet normal 0 0 -1
    outer loop
      vertex 6.22579 9.8722 2.4
      vertex 6.4999 7.79016 2.4
      vertex 6.35236 7.76081 2.4
    endloop
  endfacet
  facet normal 0 0 -1
    outer loop
      vertex 6.4999 7.79016 2.4
      vertex 6.22579 9.8722 2.4
      vertex 6.65 9.9 2.4
    endloop
  endfacet
  facet normal 0 0 -1
    outer loop
      vertex 5.80884 9.78926 2.4
      vertex 6.35236 7.76081 2.4
      vertex 6.20991 7.71246 2.4
    endloop
  endfacet
  facet normal 0 0 -1
    outer loop
      vertex 5.40628 9.65261 2.4
      vertex 6.20991 7.71246 2.4
      vertex 6.075 7.64593 2.4
    endloop
  endfacet
  facet normal 0 0 -1
    outer loop
      vertex 5.025 9.46458 2.4
      vertex 6.075 7.64593 2.4
      vertex 5.94992 7.56236 2.4
    endloop
  endfacet
  facet normal 0 0 -1
    outer loop
      vertex 4.67153 9.2284 2.4
      vertex 5.94992 7.56236 2.4
      vertex 5.83683 7.46317 2.4
    endloop
  endfacet
  facet normal 0 0 -1
    outer loop
      vertex 6.35236 7.76081 2.4
      vertex 5.80884 9.78926 2.4
      vertex 6.22579 9.8722 2.4
    endloop
  endfacet
  facet normal 0 0 -1
    outer loop
      vertex 4.3519 8.9481 2.4
      vertex 5.83683 7.46317 2.4
      vertex 5.73764 7.35008 2.4
    endloop
  endfacet
  facet normal 0 0 -1
    outer loop
      vertex 4.0716 8.62847 2.4
      vertex 5.73764 7.35008 2.4
      vertex 5.65407 7.225 2.4
    endloop
  endfacet
  facet normal 0 0 -1
    outer loop
      vertex 3.83542 8.275 2.4
      vertex 5.65407 7.225 2.4
      vertex 5.58754 7.09009 2.4
    endloop
  endfacet
  facet normal 0 0 -1
    outer loop
      vertex 3.64739 7.89372 2.4
      vertex 5.58754 7.09009 2.4
      vertex 5.53919 6.94764 2.4
    endloop
  endfacet
  facet normal 0 0 -1
    outer loop
      vertex 3.51074 7.49116 2.4
      vertex 5.53919 6.94764 2.4
      vertex 5.50984 6.8001 2.4
    endloop
  endfacet
  facet normal 0 0 -1
    outer loop
      vertex 6.20991 7.71246 2.4
      vertex 5.40628 9.65261 2.4
      vertex 5.80884 9.78926 2.4
    endloop
  endfacet
  facet normal 0 0 -1
    outer loop
      vertex 3.4278 7.07421 2.4
      vertex 5.50984 6.8001 2.4
      vertex 5.5 6.65 2.4
    endloop
  endfacet
  facet normal 0 0 -1
    outer loop
      vertex 3.83542 5.025 2.4
      vertex 5.65407 6.075 2.4
      vertex 4.0716 4.67153 2.4
    endloop
  endfacet
  facet normal -0 0 -1
    outer loop
      vertex 5.65407 6.075 2.4
      vertex 3.83542 5.025 2.4
      vertex 5.58754 6.20991 2.4
    endloop
  endfacet
  facet normal 0 0 -1
    outer loop
      vertex 6.075 7.64593 2.4
      vertex 5.025 9.46458 2.4
      vertex 5.40628 9.65261 2.4
    endloop
  endfacet
  facet normal 0 0 -1
    outer loop
      vertex 3.64739 5.40628 2.4
      vertex 5.58754 6.20991 2.4
      vertex 3.83542 5.025 2.4
    endloop
  endfacet
  facet normal 0 0 -1
    outer loop
      vertex 5.94992 7.56236 2.4
      vertex 4.67153 9.2284 2.4
      vertex 5.025 9.46458 2.4
    endloop
  endfacet
  facet normal -0 0 -1
    outer loop
      vertex 5.58754 6.20991 2.4
      vertex 3.64739 5.40628 2.4
      vertex 5.53919 6.35236 2.4
    endloop
  endfacet
  facet normal 0 0 -1
    outer loop
      vertex 5.83683 7.46317 2.4
      vertex 4.3519 8.9481 2.4
      vertex 4.67153 9.2284 2.4
    endloop
  endfacet
  facet normal 0 0 -1
    outer loop
      vertex 3.51074 5.80884 2.4
      vertex 5.53919 6.35236 2.4
      vertex 3.64739 5.40628 2.4
    endloop
  endfacet
  facet normal 0 0 -1
    outer loop
      vertex 5.73764 7.35008 2.4
      vertex 4.0716 8.62847 2.4
      vertex 4.3519 8.9481 2.4
    endloop
  endfacet
  facet normal -0 0 -1
    outer loop
      vertex 5.53919 6.35236 2.4
      vertex 3.51074 5.80884 2.4
      vertex 5.50984 6.4999 2.4
    endloop
  endfacet
  facet normal 0 0 -1
    outer loop
      vertex 5.65407 7.225 2.4
      vertex 3.83542 8.275 2.4
      vertex 4.0716 8.62847 2.4
    endloop
  endfacet
  facet normal 0 0 -1
    outer loop
      vertex 3.4278 6.22579 2.4
      vertex 5.50984 6.4999 2.4
      vertex 3.51074 5.80884 2.4
    endloop
  endfacet
  facet normal 0 0 -1
    outer loop
      vertex 5.58754 7.09009 2.4
      vertex 3.64739 7.89372 2.4
      vertex 3.83542 8.275 2.4
    endloop
  endfacet
  facet normal -0 0 -1
    outer loop
      vertex 5.50984 6.4999 2.4
      vertex 3.4278 6.22579 2.4
      vertex 5.5 6.65 2.4
    endloop
  endfacet
  facet normal 0 0 -1
    outer loop
      vertex 5.53919 6.94764 2.4
      vertex 3.51074 7.49116 2.4
      vertex 3.64739 7.89372 2.4
    endloop
  endfacet
  facet normal 0 0 -1
    outer loop
      vertex 3.4 6.65 2.4
      vertex 5.5 6.65 2.4
      vertex 3.4278 6.22579 2.4
    endloop
  endfacet
  facet normal 0 0 -1
    outer loop
      vertex 5.50984 6.8001 2.4
      vertex 3.4278 7.07421 2.4
      vertex 3.51074 7.49116 2.4
    endloop
  endfacet
  facet normal 0 0 -1
    outer loop
      vertex 5.5 6.65 2.4
      vertex 3.4 6.65 2.4
      vertex 3.4278 7.07421 2.4
    endloop
  endfacet
  facet normal 0.751849 0.659335 0
    outer loop
      vertex 9.2284 8.62847 6.4
      vertex 8.9481 8.9481 2.4
      vertex 8.9481 8.9481 6.4
    endloop
  endfacet
  facet normal 0.751849 0.659335 0
    outer loop
      vertex 8.9481 8.9481 2.4
      vertex 9.2284 8.62847 6.4
      vertex 9.2284 8.62847 2.4
    endloop
  endfacet
  facet normal 0.980784 -0.195098 0
    outer loop
      vertex 9.78926 5.80884 6.4
      vertex 9.8722 6.22579 2.4
      vertex 9.8722 6.22579 6.4
    endloop
  endfacet
  facet normal 0.980784 -0.195098 0
    outer loop
      vertex 9.8722 6.22579 2.4
      vertex 9.78926 5.80884 6.4
      vertex 9.78926 5.80884 2.4
    endloop
  endfacet
  facet normal 0.555568 -0.831471 0
    outer loop
      vertex 8.275 3.83542 2.4
      vertex 8.62847 4.0716 6.4
      vertex 8.275 3.83542 6.4
    endloop
  endfacet
  facet normal 0.555568 -0.831471 0
    outer loop
      vertex 8.62847 4.0716 6.4
      vertex 8.275 3.83542 2.4
      vertex 8.62847 4.0716 2.4
    endloop
  endfacet
  facet normal -0.99786 0.0653933 0
    outer loop
      vertex 3.4 6.65 2.4
      vertex 3.4278 7.07421 6.4
      vertex 3.4278 7.07421 2.4
    endloop
  endfacet
  facet normal -0.99786 0.0653933 0
    outer loop
      vertex 3.4278 7.07421 6.4
      vertex 3.4 6.65 2.4
      vertex 3.4 6.65 6.4
    endloop
  endfacet
  facet normal -0.659335 0.751849 0
    outer loop
      vertex 4.67153 9.2284 2.4
      vertex 4.3519 8.9481 6.4
      vertex 4.67153 9.2284 6.4
    endloop
  endfacet
  facet normal -0.659335 0.751849 0
    outer loop
      vertex 4.3519 8.9481 6.4
      vertex 4.67153 9.2284 2.4
      vertex 4.3519 8.9481 2.4
    endloop
  endfacet
  facet normal -0.659335 -0.751849 0
    outer loop
      vertex 4.3519 4.3519 2.4
      vertex 4.67153 4.0716 6.4
      vertex 4.3519 4.3519 6.4
    endloop
  endfacet
  facet normal -0.659335 -0.751849 -0
    outer loop
      vertex 4.67153 4.0716 6.4
      vertex 4.3519 4.3519 2.4
      vertex 4.67153 4.0716 2.4
    endloop
  endfacet
  facet normal 0.831471 -0.555568 0
    outer loop
      vertex 9.2284 4.67153 6.4
      vertex 9.46458 5.025 2.4
      vertex 9.46458 5.025 6.4
    endloop
  endfacet
  facet normal 0.831471 -0.555568 0
    outer loop
      vertex 9.46458 5.025 2.4
      vertex 9.2284 4.67153 6.4
      vertex 9.2284 4.67153 2.4
    endloop
  endfacet
  facet normal -0.195098 -0.980784 0
    outer loop
      vertex 5.80884 3.51074 2.4
      vertex 6.22579 3.4278 6.4
      vertex 5.80884 3.51074 6.4
    endloop
  endfacet
  facet normal -0.195098 -0.980784 -0
    outer loop
      vertex 6.22579 3.4278 6.4
      vertex 5.80884 3.51074 2.4
      vertex 6.22579 3.4278 2.4
    endloop
  endfacet
  facet normal 0.751849 -0.659335 0
    outer loop
      vertex 8.9481 4.3519 6.4
      vertex 9.2284 4.67153 2.4
      vertex 9.2284 4.67153 6.4
    endloop
  endfacet
  facet normal 0.751849 -0.659335 0
    outer loop
      vertex 9.2284 4.67153 2.4
      vertex 8.9481 4.3519 6.4
      vertex 8.9481 4.3519 2.4
    endloop
  endfacet
  facet normal -0.980784 0.195098 0
    outer loop
      vertex 3.4278 7.07421 2.4
      vertex 3.51074 7.49116 6.4
      vertex 3.51074 7.49116 2.4
    endloop
  endfacet
  facet normal -0.980784 0.195098 0
    outer loop
      vertex 3.51074 7.49116 6.4
      vertex 3.4278 7.07421 2.4
      vertex 3.4278 7.07421 6.4
    endloop
  endfacet
  facet normal 0.946931 -0.321438 0
    outer loop
      vertex 9.65261 5.40628 6.4
      vertex 9.78926 5.80884 2.4
      vertex 9.78926 5.80884 6.4
    endloop
  endfacet
  facet normal 0.946931 -0.321438 0
    outer loop
      vertex 9.78926 5.80884 2.4
      vertex 9.65261 5.40628 6.4
      vertex 9.65261 5.40628 2.4
    endloop
  endfacet
  facet normal 0.555568 0.831471 -0
    outer loop
      vertex 8.62847 9.2284 2.4
      vertex 8.275 9.46458 6.4
      vertex 8.62847 9.2284 6.4
    endloop
  endfacet
  facet normal 0.555568 0.831471 0
    outer loop
      vertex 8.275 9.46458 6.4
      vertex 8.62847 9.2284 2.4
      vertex 8.275 9.46458 2.4
    endloop
  endfacet
  facet normal -0.321438 -0.946931 0
    outer loop
      vertex 5.40628 3.64739 2.4
      vertex 5.80884 3.51074 6.4
      vertex 5.40628 3.64739 6.4
    endloop
  endfacet
  facet normal -0.321438 -0.946931 -0
    outer loop
      vertex 5.80884 3.51074 6.4
      vertex 5.40628 3.64739 2.4
      vertex 5.80884 3.51074 2.4
    endloop
  endfacet
  facet normal -0.751849 0.659335 0
    outer loop
      vertex 4.0716 8.62847 2.4
      vertex 4.3519 8.9481 6.4
      vertex 4.3519 8.9481 2.4
    endloop
  endfacet
  facet normal -0.751849 0.659335 0
    outer loop
      vertex 4.3519 8.9481 6.4
      vertex 4.0716 8.62847 2.4
      vertex 4.0716 8.62847 6.4
    endloop
  endfacet
  facet normal 0.896869 -0.442295 0
    outer loop
      vertex 9.46458 5.025 6.4
      vertex 9.65261 5.40628 2.4
      vertex 9.65261 5.40628 6.4
    endloop
  endfacet
  facet normal 0.896869 -0.442295 0
    outer loop
      vertex 9.65261 5.40628 2.4
      vertex 9.46458 5.025 6.4
      vertex 9.46458 5.025 2.4
    endloop
  endfacet
  facet normal -0.99786 -0.0653933 0
    outer loop
      vertex 3.4278 6.22579 2.4
      vertex 3.4 6.65 6.4
      vertex 3.4 6.65 2.4
    endloop
  endfacet
  facet normal -0.99786 -0.0653933 0
    outer loop
      vertex 3.4 6.65 6.4
      vertex 3.4278 6.22579 2.4
      vertex 3.4278 6.22579 6.4
    endloop
  endfacet
  facet normal -0.751849 -0.659335 0
    outer loop
      vertex 4.3519 4.3519 2.4
      vertex 4.0716 4.67153 6.4
      vertex 4.0716 4.67153 2.4
    endloop
  endfacet
  facet normal -0.751849 -0.659335 0
    outer loop
      vertex 4.0716 4.67153 6.4
      vertex 4.3519 4.3519 2.4
      vertex 4.3519 4.3519 6.4
    endloop
  endfacet
  facet normal -0.321438 0.946931 0
    outer loop
      vertex 5.80884 9.78926 2.4
      vertex 5.40628 9.65261 6.4
      vertex 5.80884 9.78926 6.4
    endloop
  endfacet
  facet normal -0.321438 0.946931 0
    outer loop
      vertex 5.40628 9.65261 6.4
      vertex 5.80884 9.78926 2.4
      vertex 5.40628 9.65261 2.4
    endloop
  endfacet
  facet normal -0.946931 -0.321438 0
    outer loop
      vertex 3.64739 5.40628 2.4
      vertex 3.51074 5.80884 6.4
      vertex 3.51074 5.80884 2.4
    endloop
  endfacet
  facet normal -0.946931 -0.321438 0
    outer loop
      vertex 3.51074 5.80884 6.4
      vertex 3.64739 5.40628 2.4
      vertex 3.64739 5.40628 6.4
    endloop
  endfacet
  facet normal -0.896869 0.442295 0
    outer loop
      vertex 3.64739 7.89372 2.4
      vertex 3.83542 8.275 6.4
      vertex 3.83542 8.275 2.4
    endloop
  endfacet
  facet normal -0.896869 0.442295 0
    outer loop
      vertex 3.83542 8.275 6.4
      vertex 3.64739 7.89372 2.4
      vertex 3.64739 7.89372 6.4
    endloop
  endfacet
  facet normal 0.0653933 0.99786 -0
    outer loop
      vertex 7.07421 9.8722 2.4
      vertex 6.65 9.9 6.4
      vertex 7.07421 9.8722 6.4
    endloop
  endfacet
  facet normal 0.0653933 0.99786 0
    outer loop
      vertex 6.65 9.9 6.4
      vertex 7.07421 9.8722 2.4
      vertex 6.65 9.9 2.4
    endloop
  endfacet
  facet normal 0.99786 -0.0653933 0
    outer loop
      vertex 9.8722 6.22579 6.4
      vertex 9.9 6.65 2.4
      vertex 9.9 6.65 6.4
    endloop
  endfacet
  facet normal 0.99786 -0.0653933 0
    outer loop
      vertex 9.9 6.65 2.4
      vertex 9.8722 6.22579 6.4
      vertex 9.8722 6.22579 2.4
    endloop
  endfacet
  facet normal 0.321438 -0.946931 0
    outer loop
      vertex 7.49116 3.51074 2.4
      vertex 7.89372 3.64739 6.4
      vertex 7.49116 3.51074 6.4
    endloop
  endfacet
  facet normal 0.321438 -0.946931 0
    outer loop
      vertex 7.89372 3.64739 6.4
      vertex 7.49116 3.51074 2.4
      vertex 7.89372 3.64739 2.4
    endloop
  endfacet
  facet normal -0.195098 0.980784 0
    outer loop
      vertex 6.22579 9.8722 2.4
      vertex 5.80884 9.78926 6.4
      vertex 6.22579 9.8722 6.4
    endloop
  endfacet
  facet normal -0.195098 0.980784 0
    outer loop
      vertex 5.80884 9.78926 6.4
      vertex 6.22579 9.8722 2.4
      vertex 5.80884 9.78926 2.4
    endloop
  endfacet
  facet normal -0.555568 0.831471 0
    outer loop
      vertex 5.025 9.46458 2.4
      vertex 4.67153 9.2284 6.4
      vertex 5.025 9.46458 6.4
    endloop
  endfacet
  facet normal -0.555568 0.831471 0
    outer loop
      vertex 4.67153 9.2284 6.4
      vertex 5.025 9.46458 2.4
      vertex 4.67153 9.2284 2.4
    endloop
  endfacet
  facet normal -0.0653933 -0.99786 0
    outer loop
      vertex 6.22579 3.4278 2.4
      vertex 6.65 3.4 6.4
      vertex 6.22579 3.4278 6.4
    endloop
  endfacet
  facet normal -0.0653933 -0.99786 -0
    outer loop
      vertex 6.65 3.4 6.4
      vertex 6.22579 3.4278 2.4
      vertex 6.65 3.4 2.4
    endloop
  endfacet
  facet normal -0.946931 0.321438 0
    outer loop
      vertex 3.51074 7.49116 2.4
      vertex 3.64739 7.89372 6.4
      vertex 3.64739 7.89372 2.4
    endloop
  endfacet
  facet normal -0.946931 0.321438 0
    outer loop
      vertex 3.64739 7.89372 6.4
      vertex 3.51074 7.49116 2.4
      vertex 3.51074 7.49116 6.4
    endloop
  endfacet
  facet normal -0.980784 -0.195098 0
    outer loop
      vertex 3.51074 5.80884 2.4
      vertex 3.4278 6.22579 6.4
      vertex 3.4278 6.22579 2.4
    endloop
  endfacet
  facet normal -0.980784 -0.195098 0
    outer loop
      vertex 3.4278 6.22579 6.4
      vertex 3.51074 5.80884 2.4
      vertex 3.51074 5.80884 6.4
    endloop
  endfacet
  facet normal -0.831471 0.555568 0
    outer loop
      vertex 3.83542 8.275 2.4
      vertex 4.0716 8.62847 6.4
      vertex 4.0716 8.62847 2.4
    endloop
  endfacet
  facet normal -0.831471 0.555568 0
    outer loop
      vertex 4.0716 8.62847 6.4
      vertex 3.83542 8.275 2.4
      vertex 3.83542 8.275 6.4
    endloop
  endfacet
  facet normal 0.195098 -0.980784 0
    outer loop
      vertex 7.07421 3.4278 2.4
      vertex 7.49116 3.51074 6.4
      vertex 7.07421 3.4278 6.4
    endloop
  endfacet
  facet normal 0.195098 -0.980784 0
    outer loop
      vertex 7.49116 3.51074 6.4
      vertex 7.07421 3.4278 2.4
      vertex 7.49116 3.51074 2.4
    endloop
  endfacet
  facet normal 0.195098 0.980784 -0
    outer loop
      vertex 7.49116 9.78926 2.4
      vertex 7.07421 9.8722 6.4
      vertex 7.49116 9.78926 6.4
    endloop
  endfacet
  facet normal 0.195098 0.980784 0
    outer loop
      vertex 7.07421 9.8722 6.4
      vertex 7.49116 9.78926 2.4
      vertex 7.07421 9.8722 2.4
    endloop
  endfacet
  facet normal 0.659335 -0.751849 0
    outer loop
      vertex 8.62847 4.0716 2.4
      vertex 8.9481 4.3519 6.4
      vertex 8.62847 4.0716 6.4
    endloop
  endfacet
  facet normal 0.659335 -0.751849 0
    outer loop
      vertex 8.9481 4.3519 6.4
      vertex 8.62847 4.0716 2.4
      vertex 8.9481 4.3519 2.4
    endloop
  endfacet
  facet normal -0.896869 -0.442295 0
    outer loop
      vertex 3.83542 5.025 2.4
      vertex 3.64739 5.40628 6.4
      vertex 3.64739 5.40628 2.4
    endloop
  endfacet
  facet normal -0.896869 -0.442295 0
    outer loop
      vertex 3.64739 5.40628 6.4
      vertex 3.83542 5.025 2.4
      vertex 3.83542 5.025 6.4
    endloop
  endfacet
  facet normal 0.442295 -0.896869 0
    outer loop
      vertex 7.89372 3.64739 2.4
      vertex 8.275 3.83542 6.4
      vertex 7.89372 3.64739 6.4
    endloop
  endfacet
  facet normal 0.442295 -0.896869 0
    outer loop
      vertex 8.275 3.83542 6.4
      vertex 7.89372 3.64739 2.4
      vertex 8.275 3.83542 2.4
    endloop
  endfacet
  facet normal 0.321438 0.946931 -0
    outer loop
      vertex 7.89372 9.65261 2.4
      vertex 7.49116 9.78926 6.4
      vertex 7.89372 9.65261 6.4
    endloop
  endfacet
  facet normal 0.321438 0.946931 0
    outer loop
      vertex 7.49116 9.78926 6.4
      vertex 7.89372 9.65261 2.4
      vertex 7.49116 9.78926 2.4
    endloop
  endfacet
  facet normal -0.555568 -0.831471 0
    outer loop
      vertex 4.67153 4.0716 2.4
      vertex 5.025 3.83542 6.4
      vertex 4.67153 4.0716 6.4
    endloop
  endfacet
  facet normal -0.555568 -0.831471 -0
    outer loop
      vertex 5.025 3.83542 6.4
      vertex 4.67153 4.0716 2.4
      vertex 5.025 3.83542 2.4
    endloop
  endfacet
  facet normal -0.442295 -0.896869 0
    outer loop
      vertex 5.025 3.83542 2.4
      vertex 5.40628 3.64739 6.4
      vertex 5.025 3.83542 6.4
    endloop
  endfacet
  facet normal -0.442295 -0.896869 -0
    outer loop
      vertex 5.40628 3.64739 6.4
      vertex 5.025 3.83542 2.4
      vertex 5.40628 3.64739 2.4
    endloop
  endfacet
  facet normal -0.831471 -0.555568 0
    outer loop
      vertex 4.0716 4.67153 2.4
      vertex 3.83542 5.025 6.4
      vertex 3.83542 5.025 2.4
    endloop
  endfacet
  facet normal -0.831471 -0.555568 0
    outer loop
      vertex 3.83542 5.025 6.4
      vertex 4.0716 4.67153 2.4
      vertex 4.0716 4.67153 6.4
    endloop
  endfacet
  facet normal 0 0 1
    outer loop
      vertex 7.8 6.65 6.4
      vertex 9.9 6.65 6.4
      vertex 9.8722 7.07421 6.4
    endloop
  endfacet
  facet normal 0 0 1
    outer loop
      vertex 7.79016 6.8001 6.4
      vertex 9.8722 7.07421 6.4
      vertex 9.78926 7.49116 6.4
    endloop
  endfacet
  facet normal 0 0 1
    outer loop
      vertex 9.9 6.65 6.4
      vertex 7.8 6.65 6.4
      vertex 9.8722 6.22579 6.4
    endloop
  endfacet
  facet normal 0 0 1
    outer loop
      vertex 7.76081 6.94764 6.4
      vertex 9.78926 7.49116 6.4
      vertex 9.65261 7.89372 6.4
    endloop
  endfacet
  facet normal -0 0 1
    outer loop
      vertex 7.79016 6.4999 6.4
      vertex 9.8722 6.22579 6.4
      vertex 7.8 6.65 6.4
    endloop
  endfacet
  facet normal 0 0 1
    outer loop
      vertex 7.71246 7.09009 6.4
      vertex 9.65261 7.89372 6.4
      vertex 9.46458 8.275 6.4
    endloop
  endfacet
  facet normal 0 0 1
    outer loop
      vertex 9.8722 6.22579 6.4
      vertex 7.79016 6.4999 6.4
      vertex 9.78926 5.80884 6.4
    endloop
  endfacet
  facet normal 0 0 1
    outer loop
      vertex 7.64593 7.225 6.4
      vertex 9.46458 8.275 6.4
      vertex 9.2284 8.62847 6.4
    endloop
  endfacet
  facet normal -0 0 1
    outer loop
      vertex 7.76081 6.35236 6.4
      vertex 9.78926 5.80884 6.4
      vertex 7.79016 6.4999 6.4
    endloop
  endfacet
  facet normal 0 0 1
    outer loop
      vertex 7.56236 7.35008 6.4
      vertex 9.2284 8.62847 6.4
      vertex 8.9481 8.9481 6.4
    endloop
  endfacet
  facet normal 0 0 1
    outer loop
      vertex 9.78926 5.80884 6.4
      vertex 7.76081 6.35236 6.4
      vertex 9.65261 5.40628 6.4
    endloop
  endfacet
  facet normal 0 0 1
    outer loop
      vertex 7.46317 7.46317 6.4
      vertex 8.9481 8.9481 6.4
      vertex 8.62847 9.2284 6.4
    endloop
  endfacet
  facet normal -0 0 1
    outer loop
      vertex 7.71246 6.20991 6.4
      vertex 9.65261 5.40628 6.4
      vertex 7.76081 6.35236 6.4
    endloop
  endfacet
  facet normal 0 0 1
    outer loop
      vertex 7.35008 7.56236 6.4
      vertex 8.62847 9.2284 6.4
      vertex 8.275 9.46458 6.4
    endloop
  endfacet
  facet normal 0 0 1
    outer loop
      vertex 9.65261 5.40628 6.4
      vertex 7.71246 6.20991 6.4
      vertex 9.46458 5.025 6.4
    endloop
  endfacet
  facet normal 0 0 1
    outer loop
      vertex 7.225 7.64593 6.4
      vertex 8.275 9.46458 6.4
      vertex 7.89372 9.65261 6.4
    endloop
  endfacet
  facet normal -0 0 1
    outer loop
      vertex 7.64593 6.075 6.4
      vertex 9.46458 5.025 6.4
      vertex 7.71246 6.20991 6.4
    endloop
  endfacet
  facet normal 0 0 1
    outer loop
      vertex 9.46458 5.025 6.4
      vertex 7.64593 6.075 6.4
      vertex 9.2284 4.67153 6.4
    endloop
  endfacet
  facet normal 0 0 1
    outer loop
      vertex 9.8722 7.07421 6.4
      vertex 7.79016 6.8001 6.4
      vertex 7.8 6.65 6.4
    endloop
  endfacet
  facet normal 0 0 1
    outer loop
      vertex 9.78926 7.49116 6.4
      vertex 7.76081 6.94764 6.4
      vertex 7.79016 6.8001 6.4
    endloop
  endfacet
  facet normal 0 0 1
    outer loop
      vertex 9.65261 7.89372 6.4
      vertex 7.71246 7.09009 6.4
      vertex 7.76081 6.94764 6.4
    endloop
  endfacet
  facet normal 0 0 1
    outer loop
      vertex 9.46458 8.275 6.4
      vertex 7.64593 7.225 6.4
      vertex 7.71246 7.09009 6.4
    endloop
  endfacet
  facet normal 0 0 1
    outer loop
      vertex 9.2284 8.62847 6.4
      vertex 7.56236 7.35008 6.4
      vertex 7.64593 7.225 6.4
    endloop
  endfacet
  facet normal 0 0 1
    outer loop
      vertex 7.09009 7.71246 6.4
      vertex 7.89372 9.65261 6.4
      vertex 7.49116 9.78926 6.4
    endloop
  endfacet
  facet normal 0 0 1
    outer loop
      vertex 8.9481 8.9481 6.4
      vertex 7.46317 7.46317 6.4
      vertex 7.56236 7.35008 6.4
    endloop
  endfacet
  facet normal 0 0 1
    outer loop
      vertex 8.62847 9.2284 6.4
      vertex 7.35008 7.56236 6.4
      vertex 7.46317 7.46317 6.4
    endloop
  endfacet
  facet normal 0 0 1
    outer loop
      vertex 8.275 9.46458 6.4
      vertex 7.225 7.64593 6.4
      vertex 7.35008 7.56236 6.4
    endloop
  endfacet
  facet normal 0 0 1
    outer loop
      vertex 7.89372 9.65261 6.4
      vertex 7.09009 7.71246 6.4
      vertex 7.225 7.64593 6.4
    endloop
  endfacet
  facet normal 0 0 1
    outer loop
      vertex 6.94764 7.76081 6.4
      vertex 7.49116 9.78926 6.4
      vertex 7.07421 9.8722 6.4
    endloop
  endfacet
  facet normal 0 0 1
    outer loop
      vertex 7.49116 9.78926 6.4
      vertex 6.94764 7.76081 6.4
      vertex 7.09009 7.71246 6.4
    endloop
  endfacet
  facet normal 0 0 1
    outer loop
      vertex 7.07421 9.8722 6.4
      vertex 6.8001 7.79016 6.4
      vertex 6.94764 7.76081 6.4
    endloop
  endfacet
  facet normal 0 0 1
    outer loop
      vertex 6.65 9.9 6.4
      vertex 6.8001 7.79016 6.4
      vertex 7.07421 9.8722 6.4
    endloop
  endfacet
  facet normal 0 0 1
    outer loop
      vertex 6.65 9.9 6.4
      vertex 6.65 7.8 6.4
      vertex 6.8001 7.79016 6.4
    endloop
  endfacet
  facet normal 0 0 1
    outer loop
      vertex 6.65 9.9 6.4
      vertex 6.4999 7.79016 6.4
      vertex 6.65 7.8 6.4
    endloop
  endfacet
  facet normal -0 0 1
    outer loop
      vertex 6.22579 9.8722 6.4
      vertex 6.4999 7.79016 6.4
      vertex 6.65 9.9 6.4
    endloop
  endfacet
  facet normal 0 0 1
    outer loop
      vertex 6.4999 7.79016 6.4
      vertex 6.22579 9.8722 6.4
      vertex 6.35236 7.76081 6.4
    endloop
  endfacet
  facet normal -0 0 1
    outer loop
      vertex 5.80884 9.78926 6.4
      vertex 6.35236 7.76081 6.4
      vertex 6.22579 9.8722 6.4
    endloop
  endfacet
  facet normal 0 0 1
    outer loop
      vertex 6.35236 7.76081 6.4
      vertex 5.80884 9.78926 6.4
      vertex 6.20991 7.71246 6.4
    endloop
  endfacet
  facet normal -0 0 1
    outer loop
      vertex 5.40628 9.65261 6.4
      vertex 6.20991 7.71246 6.4
      vertex 5.80884 9.78926 6.4
    endloop
  endfacet
  facet normal 0 0 1
    outer loop
      vertex 6.20991 7.71246 6.4
      vertex 5.40628 9.65261 6.4
      vertex 6.075 7.64593 6.4
    endloop
  endfacet
  facet normal -0 0 1
    outer loop
      vertex 5.025 9.46458 6.4
      vertex 6.075 7.64593 6.4
      vertex 5.40628 9.65261 6.4
    endloop
  endfacet
  facet normal 0 0 1
    outer loop
      vertex 6.075 7.64593 6.4
      vertex 5.025 9.46458 6.4
      vertex 5.94992 7.56236 6.4
    endloop
  endfacet
  facet normal -0 0 1
    outer loop
      vertex 4.67153 9.2284 6.4
      vertex 5.94992 7.56236 6.4
      vertex 5.025 9.46458 6.4
    endloop
  endfacet
  facet normal 0 0 1
    outer loop
      vertex 5.94992 7.56236 6.4
      vertex 4.67153 9.2284 6.4
      vertex 5.83683 7.46317 6.4
    endloop
  endfacet
  facet normal -0 0 1
    outer loop
      vertex 4.3519 8.9481 6.4
      vertex 5.83683 7.46317 6.4
      vertex 4.67153 9.2284 6.4
    endloop
  endfacet
  facet normal 0 0 1
    outer loop
      vertex 5.83683 7.46317 6.4
      vertex 4.3519 8.9481 6.4
      vertex 5.73764 7.35008 6.4
    endloop
  endfacet
  facet normal 0 0 1
    outer loop
      vertex 5.73764 7.35008 6.4
      vertex 4.0716 8.62847 6.4
      vertex 5.65407 7.225 6.4
    endloop
  endfacet
  facet normal -0 0 1
    outer loop
      vertex 4.0716 8.62847 6.4
      vertex 5.73764 7.35008 6.4
      vertex 4.3519 8.9481 6.4
    endloop
  endfacet
  facet normal -0 0 1
    outer loop
      vertex 7.56236 5.94992 6.4
      vertex 9.2284 4.67153 6.4
      vertex 7.64593 6.075 6.4
    endloop
  endfacet
  facet normal 0 0 1
    outer loop
      vertex 9.2284 4.67153 6.4
      vertex 7.56236 5.94992 6.4
      vertex 8.9481 4.3519 6.4
    endloop
  endfacet
  facet normal -0 0 1
    outer loop
      vertex 7.46317 5.83683 6.4
      vertex 8.9481 4.3519 6.4
      vertex 7.56236 5.94992 6.4
    endloop
  endfacet
  facet normal 0 0 1
    outer loop
      vertex 8.9481 4.3519 6.4
      vertex 7.46317 5.83683 6.4
      vertex 8.62847 4.0716 6.4
    endloop
  endfacet
  facet normal -0 0 1
    outer loop
      vertex 7.35008 5.73764 6.4
      vertex 8.62847 4.0716 6.4
      vertex 7.46317 5.83683 6.4
    endloop
  endfacet
  facet normal 0 0 1
    outer loop
      vertex 8.62847 4.0716 6.4
      vertex 7.35008 5.73764 6.4
      vertex 8.275 3.83542 6.4
    endloop
  endfacet
  facet normal -0 0 1
    outer loop
      vertex 7.225 5.65407 6.4
      vertex 8.275 3.83542 6.4
      vertex 7.35008 5.73764 6.4
    endloop
  endfacet
  facet normal 0 0 1
    outer loop
      vertex 8.275 3.83542 6.4
      vertex 7.225 5.65407 6.4
      vertex 7.89372 3.64739 6.4
    endloop
  endfacet
  facet normal -0 0 1
    outer loop
      vertex 7.09009 5.58754 6.4
      vertex 7.89372 3.64739 6.4
      vertex 7.225 5.65407 6.4
    endloop
  endfacet
  facet normal 0 0 1
    outer loop
      vertex 7.89372 3.64739 6.4
      vertex 7.09009 5.58754 6.4
      vertex 7.49116 3.51074 6.4
    endloop
  endfacet
  facet normal -0 0 1
    outer loop
      vertex 6.94764 5.53919 6.4
      vertex 7.49116 3.51074 6.4
      vertex 7.09009 5.58754 6.4
    endloop
  endfacet
  facet normal 0 0 1
    outer loop
      vertex 7.49116 3.51074 6.4
      vertex 6.94764 5.53919 6.4
      vertex 7.07421 3.4278 6.4
    endloop
  endfacet
  facet normal -0 0 1
    outer loop
      vertex 6.8001 5.50984 6.4
      vertex 7.07421 3.4278 6.4
      vertex 6.94764 5.53919 6.4
    endloop
  endfacet
  facet normal -0 0 1
    outer loop
      vertex 6.65 5.5 6.4
      vertex 7.07421 3.4278 6.4
      vertex 6.8001 5.50984 6.4
    endloop
  endfacet
  facet normal 0 0 1
    outer loop
      vertex 6.65 5.5 6.4
      vertex 6.65 3.4 6.4
      vertex 7.07421 3.4278 6.4
    endloop
  endfacet
  facet normal 0 0 1
    outer loop
      vertex 6.4999 5.50984 6.4
      vertex 6.65 3.4 6.4
      vertex 6.65 5.5 6.4
    endloop
  endfacet
  facet normal 0 0 1
    outer loop
      vertex 6.22579 3.4278 6.4
      vertex 6.4999 5.50984 6.4
      vertex 6.35236 5.53919 6.4
    endloop
  endfacet
  facet normal 0 0 1
    outer loop
      vertex 6.4999 5.50984 6.4
      vertex 6.22579 3.4278 6.4
      vertex 6.65 3.4 6.4
    endloop
  endfacet
  facet normal 0 0 1
    outer loop
      vertex 5.80884 3.51074 6.4
      vertex 6.35236 5.53919 6.4
      vertex 6.20991 5.58754 6.4
    endloop
  endfacet
  facet normal 0 0 1
    outer loop
      vertex 5.40628 3.64739 6.4
      vertex 6.20991 5.58754 6.4
      vertex 6.075 5.65407 6.4
    endloop
  endfacet
  facet normal 0 0 1
    outer loop
      vertex 5.025 3.83542 6.4
      vertex 6.075 5.65407 6.4
      vertex 5.94992 5.73764 6.4
    endloop
  endfacet
  facet normal 0 0 1
    outer loop
      vertex 4.67153 4.0716 6.4
      vertex 5.94992 5.73764 6.4
      vertex 5.83683 5.83683 6.4
    endloop
  endfacet
  facet normal 0 0 1
    outer loop
      vertex 6.35236 5.53919 6.4
      vertex 5.80884 3.51074 6.4
      vertex 6.22579 3.4278 6.4
    endloop
  endfacet
  facet normal 0 0 1
    outer loop
      vertex 4.3519 4.3519 6.4
      vertex 5.83683 5.83683 6.4
      vertex 5.73764 5.94992 6.4
    endloop
  endfacet
  facet normal 0 0 1
    outer loop
      vertex 4.0716 4.67153 6.4
      vertex 5.73764 5.94992 6.4
      vertex 5.65407 6.075 6.4
    endloop
  endfacet
  facet normal 0 0 1
    outer loop
      vertex 3.83542 5.025 6.4
      vertex 5.65407 6.075 6.4
      vertex 5.58754 6.20991 6.4
    endloop
  endfacet
  facet normal 0 0 1
    outer loop
      vertex 3.64739 5.40628 6.4
      vertex 5.58754 6.20991 6.4
      vertex 5.53919 6.35236 6.4
    endloop
  endfacet
  facet normal 0 0 1
    outer loop
      vertex 3.51074 5.80884 6.4
      vertex 5.53919 6.35236 6.4
      vertex 5.50984 6.4999 6.4
    endloop
  endfacet
  facet normal 0 0 1
    outer loop
      vertex 6.20991 5.58754 6.4
      vertex 5.40628 3.64739 6.4
      vertex 5.80884 3.51074 6.4
    endloop
  endfacet
  facet normal 0 0 1
    outer loop
      vertex 3.4278 6.22579 6.4
      vertex 5.50984 6.4999 6.4
      vertex 5.5 6.65 6.4
    endloop
  endfacet
  facet normal -0 0 1
    outer loop
      vertex 3.83542 8.275 6.4
      vertex 5.65407 7.225 6.4
      vertex 4.0716 8.62847 6.4
    endloop
  endfacet
  facet normal 0 0 1
    outer loop
      vertex 5.65407 7.225 6.4
      vertex 3.83542 8.275 6.4
      vertex 5.58754 7.09009 6.4
    endloop
  endfacet
  facet normal 0 0 1
    outer loop
      vertex 6.075 5.65407 6.4
      vertex 5.025 3.83542 6.4
      vertex 5.40628 3.64739 6.4
    endloop
  endfacet
  facet normal -0 0 1
    outer loop
      vertex 3.64739 7.89372 6.4
      vertex 5.58754 7.09009 6.4
      vertex 3.83542 8.275 6.4
    endloop
  endfacet
  facet normal 0 0 1
    outer loop
      vertex 5.94992 5.73764 6.4
      vertex 4.67153 4.0716 6.4
      vertex 5.025 3.83542 6.4
    endloop
  endfacet
  facet normal 0 0 1
    outer loop
      vertex 5.58754 7.09009 6.4
      vertex 3.64739 7.89372 6.4
      vertex 5.53919 6.94764 6.4
    endloop
  endfacet
  facet normal 0 0 1
    outer loop
      vertex 5.83683 5.83683 6.4
      vertex 4.3519 4.3519 6.4
      vertex 4.67153 4.0716 6.4
    endloop
  endfacet
  facet normal -0 0 1
    outer loop
      vertex 3.51074 7.49116 6.4
      vertex 5.53919 6.94764 6.4
      vertex 3.64739 7.89372 6.4
    endloop
  endfacet
  facet normal 0 0 1
    outer loop
      vertex 5.73764 5.94992 6.4
      vertex 4.0716 4.67153 6.4
      vertex 4.3519 4.3519 6.4
    endloop
  endfacet
  facet normal 0 0 1
    outer loop
      vertex 5.53919 6.94764 6.4
      vertex 3.51074 7.49116 6.4
      vertex 5.50984 6.8001 6.4
    endloop
  endfacet
  facet normal 0 0 1
    outer loop
      vertex 5.65407 6.075 6.4
      vertex 3.83542 5.025 6.4
      vertex 4.0716 4.67153 6.4
    endloop
  endfacet
  facet normal -0 0 1
    outer loop
      vertex 3.4278 7.07421 6.4
      vertex 5.50984 6.8001 6.4
      vertex 3.51074 7.49116 6.4
    endloop
  endfacet
  facet normal 0 0 1
    outer loop
      vertex 5.58754 6.20991 6.4
      vertex 3.64739 5.40628 6.4
      vertex 3.83542 5.025 6.4
    endloop
  endfacet
  facet normal 0 0 1
    outer loop
      vertex 5.50984 6.8001 6.4
      vertex 3.4278 7.07421 6.4
      vertex 5.5 6.65 6.4
    endloop
  endfacet
  facet normal 0 0 1
    outer loop
      vertex 5.53919 6.35236 6.4
      vertex 3.51074 5.80884 6.4
      vertex 3.64739 5.40628 6.4
    endloop
  endfacet
  facet normal 0 0 1
    outer loop
      vertex 3.4 6.65 6.4
      vertex 5.5 6.65 6.4
      vertex 3.4278 7.07421 6.4
    endloop
  endfacet
  facet normal 0 0 1
    outer loop
      vertex 5.50984 6.4999 6.4
      vertex 3.4278 6.22579 6.4
      vertex 3.51074 5.80884 6.4
    endloop
  endfacet
  facet normal 0 0 1
    outer loop
      vertex 5.5 6.65 6.4
      vertex 3.4 6.65 6.4
      vertex 3.4278 6.22579 6.4
    endloop
  endfacet
  facet normal -0.980782 -0.195106 0
    outer loop
      vertex 7.79016 6.8001 2.4
      vertex 7.76081 6.94764 6.4
      vertex 7.76081 6.94764 2.4
    endloop
  endfacet
  facet normal -0.980782 -0.195106 0
    outer loop
      vertex 7.76081 6.94764 6.4
      vertex 7.79016 6.8001 2.4
      vertex 7.79016 6.8001 6.4
    endloop
  endfacet
  facet normal -0.997858 -0.0654159 0
    outer loop
      vertex 7.8 6.65 2.4
      vertex 7.79016 6.8001 6.4
      vertex 7.79016 6.8001 2.4
    endloop
  endfacet
  facet normal -0.997858 -0.0654159 0
    outer loop
      vertex 7.79016 6.8001 6.4
      vertex 7.8 6.65 2.4
      vertex 7.8 6.65 6.4
    endloop
  endfacet
  facet normal 0.442287 -0.896873 0
    outer loop
      vertex 6.075 7.64593 2.4
      vertex 6.20991 7.71246 6.4
      vertex 6.075 7.64593 6.4
    endloop
  endfacet
  facet normal 0.442287 -0.896873 0
    outer loop
      vertex 6.20991 7.71246 6.4
      vertex 6.075 7.64593 2.4
      vertex 6.20991 7.71246 2.4
    endloop
  endfacet
  facet normal 0.751798 0.659394 0
    outer loop
      vertex 5.83683 5.83683 6.4
      vertex 5.73764 5.94992 2.4
      vertex 5.73764 5.94992 6.4
    endloop
  endfacet
  facet normal 0.751798 0.659394 0
    outer loop
      vertex 5.73764 5.94992 2.4
      vertex 5.83683 5.83683 6.4
      vertex 5.83683 5.83683 2.4
    endloop
  endfacet
  facet normal -0.659394 -0.751798 0
    outer loop
      vertex 7.35008 7.56236 2.4
      vertex 7.46317 7.46317 6.4
      vertex 7.35008 7.56236 6.4
    endloop
  endfacet
  facet normal -0.659394 -0.751798 -0
    outer loop
      vertex 7.46317 7.46317 6.4
      vertex 7.35008 7.56236 2.4
      vertex 7.46317 7.46317 2.4
    endloop
  endfacet
  facet normal 0.195106 0.980782 -0
    outer loop
      vertex 6.4999 5.50984 2.4
      vertex 6.35236 5.53919 6.4
      vertex 6.4999 5.50984 6.4
    endloop
  endfacet
  facet normal 0.195106 0.980782 0
    outer loop
      vertex 6.35236 5.53919 6.4
      vertex 6.4999 5.50984 2.4
      vertex 6.35236 5.53919 2.4
    endloop
  endfacet
  facet normal -0.442287 0.896873 0
    outer loop
      vertex 7.225 5.65407 2.4
      vertex 7.09009 5.58754 6.4
      vertex 7.225 5.65407 6.4
    endloop
  endfacet
  facet normal -0.442287 0.896873 0
    outer loop
      vertex 7.09009 5.58754 6.4
      vertex 7.225 5.65407 2.4
      vertex 7.09009 5.58754 2.4
    endloop
  endfacet
  facet normal -0.195106 0.980782 0
    outer loop
      vertex 6.94764 5.53919 2.4
      vertex 6.8001 5.50984 6.4
      vertex 6.94764 5.53919 6.4
    endloop
  endfacet
  facet normal -0.195106 0.980782 0
    outer loop
      vertex 6.8001 5.50984 6.4
      vertex 6.94764 5.53919 2.4
      vertex 6.8001 5.50984 2.4
    endloop
  endfacet
  facet normal -0.997858 0.0654159 0
    outer loop
      vertex 7.79016 6.4999 2.4
      vertex 7.8 6.65 6.4
      vertex 7.8 6.65 2.4
    endloop
  endfacet
  facet normal -0.997858 0.0654159 0
    outer loop
      vertex 7.8 6.65 6.4
      vertex 7.79016 6.4999 2.4
      vertex 7.79016 6.4999 6.4
    endloop
  endfacet
  facet normal 0.997858 -0.0654159 0
    outer loop
      vertex 5.5 6.65 6.4
      vertex 5.50984 6.8001 2.4
      vertex 5.50984 6.8001 6.4
    endloop
  endfacet
  facet normal 0.997858 -0.0654159 0
    outer loop
      vertex 5.50984 6.8001 2.4
      vertex 5.5 6.65 6.4
      vertex 5.5 6.65 2.4
    endloop
  endfacet
  facet normal -0.831487 -0.555544 0
    outer loop
      vertex 7.64593 7.225 2.4
      vertex 7.56236 7.35008 6.4
      vertex 7.56236 7.35008 2.4
    endloop
  endfacet
  facet normal -0.831487 -0.555544 0
    outer loop
      vertex 7.56236 7.35008 6.4
      vertex 7.64593 7.225 2.4
      vertex 7.64593 7.225 6.4
    endloop
  endfacet
  facet normal -0.896873 -0.442287 0
    outer loop
      vertex 7.71246 7.09009 2.4
      vertex 7.64593 7.225 6.4
      vertex 7.64593 7.225 2.4
    endloop
  endfacet
  facet normal -0.896873 -0.442287 0
    outer loop
      vertex 7.64593 7.225 6.4
      vertex 7.71246 7.09009 2.4
      vertex 7.71246 7.09009 6.4
    endloop
  endfacet
  facet normal 0.946941 0.321408 0
    outer loop
      vertex 5.58754 6.20991 6.4
      vertex 5.53919 6.35236 2.4
      vertex 5.53919 6.35236 6.4
    endloop
  endfacet
  facet normal 0.946941 0.321408 0
    outer loop
      vertex 5.53919 6.35236 2.4
      vertex 5.58754 6.20991 6.4
      vertex 5.58754 6.20991 2.4
    endloop
  endfacet
  facet normal 0.442287 0.896873 -0
    outer loop
      vertex 6.20991 5.58754 2.4
      vertex 6.075 5.65407 6.4
      vertex 6.20991 5.58754 6.4
    endloop
  endfacet
  facet normal 0.442287 0.896873 0
    outer loop
      vertex 6.075 5.65407 6.4
      vertex 6.20991 5.58754 2.4
      vertex 6.075 5.65407 2.4
    endloop
  endfacet
  facet normal -0.751798 0.659394 0
    outer loop
      vertex 7.46317 5.83683 2.4
      vertex 7.56236 5.94992 6.4
      vertex 7.56236 5.94992 2.4
    endloop
  endfacet
  facet normal -0.751798 0.659394 0
    outer loop
      vertex 7.56236 5.94992 6.4
      vertex 7.46317 5.83683 2.4
      vertex 7.46317 5.83683 6.4
    endloop
  endfacet
  facet normal 0.0654159 -0.997858 0
    outer loop
      vertex 6.4999 7.79016 2.4
      vertex 6.65 7.8 6.4
      vertex 6.4999 7.79016 6.4
    endloop
  endfacet
  facet normal 0.0654159 -0.997858 0
    outer loop
      vertex 6.65 7.8 6.4
      vertex 6.4999 7.79016 2.4
      vertex 6.65 7.8 2.4
    endloop
  endfacet
  facet normal -0.980782 0.195106 0
    outer loop
      vertex 7.76081 6.35236 2.4
      vertex 7.79016 6.4999 6.4
      vertex 7.79016 6.4999 2.4
    endloop
  endfacet
  facet normal -0.980782 0.195106 0
    outer loop
      vertex 7.79016 6.4999 6.4
      vertex 7.76081 6.35236 2.4
      vertex 7.76081 6.35236 6.4
    endloop
  endfacet
  facet normal 0.896873 0.442287 0
    outer loop
      vertex 5.65407 6.075 6.4
      vertex 5.58754 6.20991 2.4
      vertex 5.58754 6.20991 6.4
    endloop
  endfacet
  facet normal 0.896873 0.442287 0
    outer loop
      vertex 5.58754 6.20991 2.4
      vertex 5.65407 6.075 6.4
      vertex 5.65407 6.075 2.4
    endloop
  endfacet
  facet normal 0.831487 -0.555544 0
    outer loop
      vertex 5.65407 7.225 6.4
      vertex 5.73764 7.35008 2.4
      vertex 5.73764 7.35008 6.4
    endloop
  endfacet
  facet normal 0.831487 -0.555544 0
    outer loop
      vertex 5.73764 7.35008 2.4
      vertex 5.65407 7.225 6.4
      vertex 5.65407 7.225 2.4
    endloop
  endfacet
  facet normal 0.659394 -0.751798 0
    outer loop
      vertex 5.83683 7.46317 2.4
      vertex 5.94992 7.56236 6.4
      vertex 5.83683 7.46317 6.4
    endloop
  endfacet
  facet normal 0.659394 -0.751798 0
    outer loop
      vertex 5.94992 7.56236 6.4
      vertex 5.83683 7.46317 2.4
      vertex 5.94992 7.56236 2.4
    endloop
  endfacet
  facet normal 0.555544 -0.831487 0
    outer loop
      vertex 5.94992 7.56236 2.4
      vertex 6.075 7.64593 6.4
      vertex 5.94992 7.56236 6.4
    endloop
  endfacet
  facet normal 0.555544 -0.831487 0
    outer loop
      vertex 6.075 7.64593 6.4
      vertex 5.94992 7.56236 2.4
      vertex 6.075 7.64593 2.4
    endloop
  endfacet
  facet normal -0.321408 0.946941 0
    outer loop
      vertex 7.09009 5.58754 2.4
      vertex 6.94764 5.53919 6.4
      vertex 7.09009 5.58754 6.4
    endloop
  endfacet
  facet normal -0.321408 0.946941 0
    outer loop
      vertex 6.94764 5.53919 6.4
      vertex 7.09009 5.58754 2.4
      vertex 6.94764 5.53919 2.4
    endloop
  endfacet
  facet normal 0.321408 -0.946941 0
    outer loop
      vertex 6.20991 7.71246 2.4
      vertex 6.35236 7.76081 6.4
      vertex 6.20991 7.71246 6.4
    endloop
  endfacet
  facet normal 0.321408 -0.946941 0
    outer loop
      vertex 6.35236 7.76081 6.4
      vertex 6.20991 7.71246 2.4
      vertex 6.35236 7.76081 2.4
    endloop
  endfacet
  facet normal 0.659394 0.751798 -0
    outer loop
      vertex 5.94992 5.73764 2.4
      vertex 5.83683 5.83683 6.4
      vertex 5.94992 5.73764 6.4
    endloop
  endfacet
  facet normal 0.659394 0.751798 0
    outer loop
      vertex 5.83683 5.83683 6.4
      vertex 5.94992 5.73764 2.4
      vertex 5.83683 5.83683 2.4
    endloop
  endfacet
  facet normal -0.659394 0.751798 0
    outer loop
      vertex 7.46317 5.83683 2.4
      vertex 7.35008 5.73764 6.4
      vertex 7.46317 5.83683 6.4
    endloop
  endfacet
  facet normal -0.659394 0.751798 0
    outer loop
      vertex 7.35008 5.73764 6.4
      vertex 7.46317 5.83683 2.4
      vertex 7.35008 5.73764 2.4
    endloop
  endfacet
  facet normal -0.0654159 0.997858 0
    outer loop
      vertex 6.8001 5.50984 2.4
      vertex 6.65 5.5 6.4
      vertex 6.8001 5.50984 6.4
    endloop
  endfacet
  facet normal -0.0654159 0.997858 0
    outer loop
      vertex 6.65 5.5 6.4
      vertex 6.8001 5.50984 2.4
      vertex 6.65 5.5 2.4
    endloop
  endfacet
  facet normal -0.555544 -0.831487 0
    outer loop
      vertex 7.225 7.64593 2.4
      vertex 7.35008 7.56236 6.4
      vertex 7.225 7.64593 6.4
    endloop
  endfacet
  facet normal -0.555544 -0.831487 -0
    outer loop
      vertex 7.35008 7.56236 6.4
      vertex 7.225 7.64593 2.4
      vertex 7.35008 7.56236 2.4
    endloop
  endfacet
  facet normal -0.555544 0.831487 0
    outer loop
      vertex 7.35008 5.73764 2.4
      vertex 7.225 5.65407 6.4
      vertex 7.35008 5.73764 6.4
    endloop
  endfacet
  facet normal -0.555544 0.831487 0
    outer loop
      vertex 7.225 5.65407 6.4
      vertex 7.35008 5.73764 2.4
      vertex 7.225 5.65407 2.4
    endloop
  endfacet
  facet normal 0.195106 -0.980782 0
    outer loop
      vertex 6.35236 7.76081 2.4
      vertex 6.4999 7.79016 6.4
      vertex 6.35236 7.76081 6.4
    endloop
  endfacet
  facet normal 0.195106 -0.980782 0
    outer loop
      vertex 6.4999 7.79016 6.4
      vertex 6.35236 7.76081 2.4
      vertex 6.4999 7.79016 2.4
    endloop
  endfacet
  facet normal -0.442287 -0.896873 0
    outer loop
      vertex 7.09009 7.71246 2.4
      vertex 7.225 7.64593 6.4
      vertex 7.09009 7.71246 6.4
    endloop
  endfacet
  facet normal -0.442287 -0.896873 -0
    outer loop
      vertex 7.225 7.64593 6.4
      vertex 7.09009 7.71246 2.4
      vertex 7.225 7.64593 2.4
    endloop
  endfacet
  facet normal 0.980782 0.195106 0
    outer loop
      vertex 5.53919 6.35236 6.4
      vertex 5.50984 6.4999 2.4
      vertex 5.50984 6.4999 6.4
    endloop
  endfacet
  facet normal 0.980782 0.195106 0
    outer loop
      vertex 5.50984 6.4999 2.4
      vertex 5.53919 6.35236 6.4
      vertex 5.53919 6.35236 2.4
    endloop
  endfacet
  facet normal 0.946941 -0.321408 0
    outer loop
      vertex 5.53919 6.94764 6.4
      vertex 5.58754 7.09009 2.4
      vertex 5.58754 7.09009 6.4
    endloop
  endfacet
  facet normal 0.946941 -0.321408 0
    outer loop
      vertex 5.58754 7.09009 2.4
      vertex 5.53919 6.94764 6.4
      vertex 5.53919 6.94764 2.4
    endloop
  endfacet
  facet normal -0.321408 -0.946941 0
    outer loop
      vertex 6.94764 7.76081 2.4
      vertex 7.09009 7.71246 6.4
      vertex 6.94764 7.76081 6.4
    endloop
  endfacet
  facet normal -0.321408 -0.946941 -0
    outer loop
      vertex 7.09009 7.71246 6.4
      vertex 6.94764 7.76081 2.4
      vertex 7.09009 7.71246 2.4
    endloop
  endfacet
  facet normal 0.896873 -0.442287 0
    outer loop
      vertex 5.58754 7.09009 6.4
      vertex 5.65407 7.225 2.4
      vertex 5.65407 7.225 6.4
    endloop
  endfacet
  facet normal 0.896873 -0.442287 0
    outer loop
      vertex 5.65407 7.225 2.4
      vertex 5.58754 7.09009 6.4
      vertex 5.58754 7.09009 2.4
    endloop
  endfacet
  facet normal -0.831487 0.555544 0
    outer loop
      vertex 7.56236 5.94992 2.4
      vertex 7.64593 6.075 6.4
      vertex 7.64593 6.075 2.4
    endloop
  endfacet
  facet normal -0.831487 0.555544 0
    outer loop
      vertex 7.64593 6.075 6.4
      vertex 7.56236 5.94992 2.4
      vertex 7.56236 5.94992 6.4
    endloop
  endfacet
  facet normal -0.946941 0.321408 0
    outer loop
      vertex 7.71246 6.20991 2.4
      vertex 7.76081 6.35236 6.4
      vertex 7.76081 6.35236 2.4
    endloop
  endfacet
  facet normal -0.946941 0.321408 0
    outer loop
      vertex 7.76081 6.35236 6.4
      vertex 7.71246 6.20991 2.4
      vertex 7.71246 6.20991 6.4
    endloop
  endfacet
  facet normal -0.195106 -0.980782 0
    outer loop
      vertex 6.8001 7.79016 2.4
      vertex 6.94764 7.76081 6.4
      vertex 6.8001 7.79016 6.4
    endloop
  endfacet
  facet normal -0.195106 -0.980782 -0
    outer loop
      vertex 6.94764 7.76081 6.4
      vertex 6.8001 7.79016 2.4
      vertex 6.94764 7.76081 2.4
    endloop
  endfacet
  facet normal 0.997858 0.0654159 0
    outer loop
      vertex 5.50984 6.4999 6.4
      vertex 5.5 6.65 2.4
      vertex 5.5 6.65 6.4
    endloop
  endfacet
  facet normal 0.997858 0.0654159 0
    outer loop
      vertex 5.5 6.65 2.4
      vertex 5.50984 6.4999 6.4
      vertex 5.50984 6.4999 2.4
    endloop
  endfacet
  facet normal 0.751798 -0.659394 0
    outer loop
      vertex 5.73764 7.35008 6.4
      vertex 5.83683 7.46317 2.4
      vertex 5.83683 7.46317 6.4
    endloop
  endfacet
  facet normal 0.751798 -0.659394 0
    outer loop
      vertex 5.83683 7.46317 2.4
      vertex 5.73764 7.35008 6.4
      vertex 5.73764 7.35008 2.4
    endloop
  endfacet
  facet normal -0.751798 -0.659394 0
    outer loop
      vertex 7.56236 7.35008 2.4
      vertex 7.46317 7.46317 6.4
      vertex 7.46317 7.46317 2.4
    endloop
  endfacet
  facet normal -0.751798 -0.659394 0
    outer loop
      vertex 7.46317 7.46317 6.4
      vertex 7.56236 7.35008 2.4
      vertex 7.56236 7.35008 6.4
    endloop
  endfacet
  facet normal -0.946941 -0.321408 0
    outer loop
      vertex 7.76081 6.94764 2.4
      vertex 7.71246 7.09009 6.4
      vertex 7.71246 7.09009 2.4
    endloop
  endfacet
  facet normal -0.946941 -0.321408 0
    outer loop
      vertex 7.71246 7.09009 6.4
      vertex 7.76081 6.94764 2.4
      vertex 7.76081 6.94764 6.4
    endloop
  endfacet
  facet normal 0.831487 0.555544 0
    outer loop
      vertex 5.73764 5.94992 6.4
      vertex 5.65407 6.075 2.4
      vertex 5.65407 6.075 6.4
    endloop
  endfacet
  facet normal 0.831487 0.555544 0
    outer loop
      vertex 5.65407 6.075 2.4
      vertex 5.73764 5.94992 6.4
      vertex 5.73764 5.94992 2.4
    endloop
  endfacet
  facet normal 0.0654159 0.997858 -0
    outer loop
      vertex 6.65 5.5 2.4
      vertex 6.4999 5.50984 6.4
      vertex 6.65 5.5 6.4
    endloop
  endfacet
  facet normal 0.0654159 0.997858 0
    outer loop
      vertex 6.4999 5.50984 6.4
      vertex 6.65 5.5 2.4
      vertex 6.4999 5.50984 2.4
    endloop
  endfacet
  facet normal -0.0654159 -0.997858 0
    outer loop
      vertex 6.65 7.8 2.4
      vertex 6.8001 7.79016 6.4
      vertex 6.65 7.8 6.4
    endloop
  endfacet
  facet normal -0.0654159 -0.997858 -0
    outer loop
      vertex 6.8001 7.79016 6.4
      vertex 6.65 7.8 2.4
      vertex 6.8001 7.79016 2.4
    endloop
  endfacet
  facet normal 0.321408 0.946941 -0
    outer loop
      vertex 6.35236 5.53919 2.4
      vertex 6.20991 5.58754 6.4
      vertex 6.35236 5.53919 6.4
    endloop
  endfacet
  facet normal 0.321408 0.946941 0
    outer loop
      vertex 6.20991 5.58754 6.4
      vertex 6.35236 5.53919 2.4
      vertex 6.20991 5.58754 2.4
    endloop
  endfacet
  facet normal 0.980782 -0.195106 0
    outer loop
      vertex 5.50984 6.8001 6.4
      vertex 5.53919 6.94764 2.4
      vertex 5.53919 6.94764 6.4
    endloop
  endfacet
  facet normal 0.980782 -0.195106 0
    outer loop
      vertex 5.53919 6.94764 2.4
      vertex 5.50984 6.8001 6.4
      vertex 5.50984 6.8001 2.4
    endloop
  endfacet
  facet normal 0.555544 0.831487 -0
    outer loop
      vertex 6.075 5.65407 2.4
      vertex 5.94992 5.73764 6.4
      vertex 6.075 5.65407 6.4
    endloop
  endfacet
  facet normal 0.555544 0.831487 0
    outer loop
      vertex 5.94992 5.73764 6.4
      vertex 6.075 5.65407 2.4
      vertex 5.94992 5.73764 2.4
    endloop
  endfacet
  facet normal -0.896873 0.442287 0
    outer loop
      vertex 7.64593 6.075 2.4
      vertex 7.71246 6.20991 6.4
      vertex 7.71246 6.20991 2.4
    endloop
  endfacet
  facet normal -0.896873 0.442287 0
    outer loop
      vertex 7.71246 6.20991 6.4
      vertex 7.64593 6.075 2.4
      vertex 7.64593 6.075 6.4
    endloop
  endfacet
  facet normal 0.980788 0.195076 0
    outer loop
      vertex 9.8722 56.0742 6.4
      vertex 9.78926 56.4912 2.4
      vertex 9.78926 56.4912 6.4
    endloop
  endfacet
  facet normal 0.980788 0.195076 0
    outer loop
      vertex 9.78926 56.4912 2.4
      vertex 9.8722 56.0742 6.4
      vertex 9.8722 56.0742 2.4
    endloop
  endfacet
  facet normal 0.997859 0.0653948 0
    outer loop
      vertex 9.9 55.65 6.4
      vertex 9.8722 56.0742 2.4
      vertex 9.8722 56.0742 6.4
    endloop
  endfacet
  facet normal 0.997859 0.0653948 0
    outer loop
      vertex 9.8722 56.0742 2.4
      vertex 9.9 55.65 6.4
      vertex 9.9 55.65 2.4
    endloop
  endfacet
  facet normal 0.946916 0.321481 0
    outer loop
      vertex 9.78926 56.4912 6.4
      vertex 9.65261 56.8937 2.4
      vertex 9.65261 56.8937 6.4
    endloop
  endfacet
  facet normal 0.946916 0.321481 0
    outer loop
      vertex 9.65261 56.8937 2.4
      vertex 9.78926 56.4912 6.4
      vertex 9.78926 56.4912 2.4
    endloop
  endfacet
  facet normal 0.896879 0.442277 0
    outer loop
      vertex 9.65261 56.8937 6.4
      vertex 9.46458 57.275 2.4
      vertex 9.46458 57.275 6.4
    endloop
  endfacet
  facet normal 0.896879 0.442277 0
    outer loop
      vertex 9.46458 57.275 2.4
      vertex 9.65261 56.8937 6.4
      vertex 9.65261 56.8937 2.4
    endloop
  endfacet
  facet normal 0.831493 0.555536 0
    outer loop
      vertex 9.46458 57.275 6.4
      vertex 9.2284 57.6285 2.4
      vertex 9.2284 57.6285 6.4
    endloop
  endfacet
  facet normal 0.831493 0.555536 0
    outer loop
      vertex 9.2284 57.6285 2.4
      vertex 9.46458 57.275 6.4
      vertex 9.46458 57.275 2.4
    endloop
  endfacet
  facet normal -0.442239 0.896897 0
    outer loop
      vertex 5.40628 58.6526 2.4
      vertex 5.025 58.4646 6.4
      vertex 5.40628 58.6526 6.4
    endloop
  endfacet
  facet normal -0.442239 0.896897 0
    outer loop
      vertex 5.025 58.4646 6.4
      vertex 5.40628 58.6526 2.4
      vertex 5.025 58.4646 2.4
    endloop
  endfacet
  facet normal 0.659335 0.751849 -0
    outer loop
      vertex 8.9481 57.9481 2.4
      vertex 8.62847 58.2284 6.4
      vertex 8.9481 57.9481 6.4
    endloop
  endfacet
  facet normal 0.659335 0.751849 0
    outer loop
      vertex 8.62847 58.2284 6.4
      vertex 8.9481 57.9481 2.4
      vertex 8.62847 58.2284 2.4
    endloop
  endfacet
  facet normal -0.0653933 0.99786 0
    outer loop
      vertex 6.65 58.9 2.4
      vertex 6.22579 58.8722 6.4
      vertex 6.65 58.9 6.4
    endloop
  endfacet
  facet normal -0.0653933 0.99786 0
    outer loop
      vertex 6.22579 58.8722 6.4
      vertex 6.65 58.9 2.4
      vertex 6.22579 58.8722 2.4
    endloop
  endfacet
  facet normal 0.0653933 -0.99786 0
    outer loop
      vertex 6.65 52.4 2.4
      vertex 7.07421 52.4278 6.4
      vertex 6.65 52.4 6.4
    endloop
  endfacet
  facet normal 0.0653933 -0.99786 0
    outer loop
      vertex 7.07421 52.4278 6.4
      vertex 6.65 52.4 2.4
      vertex 7.07421 52.4278 2.4
    endloop
  endfacet
  facet normal 0.442239 0.896897 -0
    outer loop
      vertex 8.275 58.4646 2.4
      vertex 7.89372 58.6526 6.4
      vertex 8.275 58.4646 6.4
    endloop
  endfacet
  facet normal 0.442239 0.896897 0
    outer loop
      vertex 7.89372 58.6526 6.4
      vertex 8.275 58.4646 2.4
      vertex 7.89372 58.6526 2.4
    endloop
  endfacet
  facet normal 0 0 -1
    outer loop
      vertex 7.8 55.65 2.4
      vertex 9.9 55.65 2.4
      vertex 9.8722 55.2258 2.4
    endloop
  endfacet
  facet normal 0 0 -1
    outer loop
      vertex 7.79016 55.4999 2.4
      vertex 9.8722 55.2258 2.4
      vertex 9.78926 54.8088 2.4
    endloop
  endfacet
  facet normal 0 0 -1
    outer loop
      vertex 9.9 55.65 2.4
      vertex 7.8 55.65 2.4
      vertex 9.8722 56.0742 2.4
    endloop
  endfacet
  facet normal 0 0 -1
    outer loop
      vertex 7.76081 55.3524 2.4
      vertex 9.78926 54.8088 2.4
      vertex 9.65261 54.4063 2.4
    endloop
  endfacet
  facet normal 0 0 -1
    outer loop
      vertex 7.79016 55.8001 2.4
      vertex 9.8722 56.0742 2.4
      vertex 7.8 55.65 2.4
    endloop
  endfacet
  facet normal 0 0 -1
    outer loop
      vertex 7.71246 55.2099 2.4
      vertex 9.65261 54.4063 2.4
      vertex 9.46458 54.025 2.4
    endloop
  endfacet
  facet normal -0 0 -1
    outer loop
      vertex 9.8722 56.0742 2.4
      vertex 7.79016 55.8001 2.4
      vertex 9.78926 56.4912 2.4
    endloop
  endfacet
  facet normal 0 0 -1
    outer loop
      vertex 7.64593 55.075 2.4
      vertex 9.46458 54.025 2.4
      vertex 9.2284 53.6715 2.4
    endloop
  endfacet
  facet normal 0 0 -1
    outer loop
      vertex 7.76081 55.9476 2.4
      vertex 9.78926 56.4912 2.4
      vertex 7.79016 55.8001 2.4
    endloop
  endfacet
  facet normal 0 0 -1
    outer loop
      vertex 7.56236 54.9499 2.4
      vertex 9.2284 53.6715 2.4
      vertex 8.9481 53.3519 2.4
    endloop
  endfacet
  facet normal -0 0 -1
    outer loop
      vertex 9.78926 56.4912 2.4
      vertex 7.76081 55.9476 2.4
      vertex 9.65261 56.8937 2.4
    endloop
  endfacet
  facet normal 0 0 -1
    outer loop
      vertex 7.46317 54.8368 2.4
      vertex 8.9481 53.3519 2.4
      vertex 8.62847 53.0716 2.4
    endloop
  endfacet
  facet normal 0 0 -1
    outer loop
      vertex 7.71246 56.0901 2.4
      vertex 9.65261 56.8937 2.4
      vertex 7.76081 55.9476 2.4
    endloop
  endfacet
  facet normal 0 0 -1
    outer loop
      vertex 7.35008 54.7376 2.4
      vertex 8.62847 53.0716 2.4
      vertex 8.275 52.8354 2.4
    endloop
  endfacet
  facet normal -0 0 -1
    outer loop
      vertex 9.65261 56.8937 2.4
      vertex 7.71246 56.0901 2.4
      vertex 9.46458 57.275 2.4
    endloop
  endfacet
  facet normal 0 0 -1
    outer loop
      vertex 7.225 54.6541 2.4
      vertex 8.275 52.8354 2.4
      vertex 7.89372 52.6474 2.4
    endloop
  endfacet
  facet normal 0 0 -1
    outer loop
      vertex 7.64593 56.225 2.4
      vertex 9.46458 57.275 2.4
      vertex 7.71246 56.0901 2.4
    endloop
  endfacet
  facet normal -0 0 -1
    outer loop
      vertex 9.46458 57.275 2.4
      vertex 7.64593 56.225 2.4
      vertex 9.2284 57.6285 2.4
    endloop
  endfacet
  facet normal 0 0 -1
    outer loop
      vertex 9.8722 55.2258 2.4
      vertex 7.79016 55.4999 2.4
      vertex 7.8 55.65 2.4
    endloop
  endfacet
  facet normal 0 0 -1
    outer loop
      vertex 9.78926 54.8088 2.4
      vertex 7.76081 55.3524 2.4
      vertex 7.79016 55.4999 2.4
    endloop
  endfacet
  facet normal 0 0 -1
    outer loop
      vertex 9.65261 54.4063 2.4
      vertex 7.71246 55.2099 2.4
      vertex 7.76081 55.3524 2.4
    endloop
  endfacet
  facet normal 0 0 -1
    outer loop
      vertex 9.46458 54.025 2.4
      vertex 7.64593 55.075 2.4
      vertex 7.71246 55.2099 2.4
    endloop
  endfacet
  facet normal 0 0 -1
    outer loop
      vertex 9.2284 53.6715 2.4
      vertex 7.56236 54.9499 2.4
      vertex 7.64593 55.075 2.4
    endloop
  endfacet
  facet normal 0 0 -1
    outer loop
      vertex 7.09009 54.5875 2.4
      vertex 7.89372 52.6474 2.4
      vertex 7.49116 52.5107 2.4
    endloop
  endfacet
  facet normal 0 0 -1
    outer loop
      vertex 8.9481 53.3519 2.4
      vertex 7.46317 54.8368 2.4
      vertex 7.56236 54.9499 2.4
    endloop
  endfacet
  facet normal 0 0 -1
    outer loop
      vertex 8.62847 53.0716 2.4
      vertex 7.35008 54.7376 2.4
      vertex 7.46317 54.8368 2.4
    endloop
  endfacet
  facet normal 0 0 -1
    outer loop
      vertex 8.275 52.8354 2.4
      vertex 7.225 54.6541 2.4
      vertex 7.35008 54.7376 2.4
    endloop
  endfacet
  facet normal 0 0 -1
    outer loop
      vertex 7.89372 52.6474 2.4
      vertex 7.09009 54.5875 2.4
      vertex 7.225 54.6541 2.4
    endloop
  endfacet
  facet normal 0 0 -1
    outer loop
      vertex 6.94764 54.5392 2.4
      vertex 7.49116 52.5107 2.4
      vertex 7.07421 52.4278 2.4
    endloop
  endfacet
  facet normal 0 0 -1
    outer loop
      vertex 7.49116 52.5107 2.4
      vertex 6.94764 54.5392 2.4
      vertex 7.09009 54.5875 2.4
    endloop
  endfacet
  facet normal 0 0 -1
    outer loop
      vertex 7.07421 52.4278 2.4
      vertex 6.8001 54.5098 2.4
      vertex 6.94764 54.5392 2.4
    endloop
  endfacet
  facet normal 0 0 -1
    outer loop
      vertex 6.65 52.4 2.4
      vertex 6.8001 54.5098 2.4
      vertex 7.07421 52.4278 2.4
    endloop
  endfacet
  facet normal 0 0 -1
    outer loop
      vertex 6.65 52.4 2.4
      vertex 6.65 54.5 2.4
      vertex 6.8001 54.5098 2.4
    endloop
  endfacet
  facet normal 0 0 -1
    outer loop
      vertex 6.65 52.4 2.4
      vertex 6.4999 54.5098 2.4
      vertex 6.65 54.5 2.4
    endloop
  endfacet
  facet normal 0 0 -1
    outer loop
      vertex 6.22579 52.4278 2.4
      vertex 6.4999 54.5098 2.4
      vertex 6.65 52.4 2.4
    endloop
  endfacet
  facet normal -0 0 -1
    outer loop
      vertex 6.4999 54.5098 2.4
      vertex 6.22579 52.4278 2.4
      vertex 6.35236 54.5392 2.4
    endloop
  endfacet
  facet normal 0 0 -1
    outer loop
      vertex 5.80884 52.5107 2.4
      vertex 6.35236 54.5392 2.4
      vertex 6.22579 52.4278 2.4
    endloop
  endfacet
  facet normal -0 0 -1
    outer loop
      vertex 6.35236 54.5392 2.4
      vertex 5.80884 52.5107 2.4
      vertex 6.20991 54.5875 2.4
    endloop
  endfacet
  facet normal 0 0 -1
    outer loop
      vertex 5.40628 52.6474 2.4
      vertex 6.20991 54.5875 2.4
      vertex 5.80884 52.5107 2.4
    endloop
  endfacet
  facet normal -0 0 -1
    outer loop
      vertex 6.20991 54.5875 2.4
      vertex 5.40628 52.6474 2.4
      vertex 6.075 54.6541 2.4
    endloop
  endfacet
  facet normal 0 0 -1
    outer loop
      vertex 5.025 52.8354 2.4
      vertex 6.075 54.6541 2.4
      vertex 5.40628 52.6474 2.4
    endloop
  endfacet
  facet normal -0 0 -1
    outer loop
      vertex 6.075 54.6541 2.4
      vertex 5.025 52.8354 2.4
      vertex 5.94992 54.7376 2.4
    endloop
  endfacet
  facet normal 0 0 -1
    outer loop
      vertex 4.67153 53.0716 2.4
      vertex 5.94992 54.7376 2.4
      vertex 5.025 52.8354 2.4
    endloop
  endfacet
  facet normal -0 0 -1
    outer loop
      vertex 5.94992 54.7376 2.4
      vertex 4.67153 53.0716 2.4
      vertex 5.83683 54.8368 2.4
    endloop
  endfacet
  facet normal 0 0 -1
    outer loop
      vertex 4.3519 53.3519 2.4
      vertex 5.83683 54.8368 2.4
      vertex 4.67153 53.0716 2.4
    endloop
  endfacet
  facet normal -0 0 -1
    outer loop
      vertex 5.83683 54.8368 2.4
      vertex 4.3519 53.3519 2.4
      vertex 5.73764 54.9499 2.4
    endloop
  endfacet
  facet normal -0 0 -1
    outer loop
      vertex 5.73764 54.9499 2.4
      vertex 4.0716 53.6715 2.4
      vertex 5.65407 55.075 2.4
    endloop
  endfacet
  facet normal 0 0 -1
    outer loop
      vertex 4.0716 53.6715 2.4
      vertex 5.73764 54.9499 2.4
      vertex 4.3519 53.3519 2.4
    endloop
  endfacet
  facet normal 0 0 -1
    outer loop
      vertex 7.56236 56.3501 2.4
      vertex 9.2284 57.6285 2.4
      vertex 7.64593 56.225 2.4
    endloop
  endfacet
  facet normal -0 0 -1
    outer loop
      vertex 9.2284 57.6285 2.4
      vertex 7.56236 56.3501 2.4
      vertex 8.9481 57.9481 2.4
    endloop
  endfacet
  facet normal 0 0 -1
    outer loop
      vertex 7.46317 56.4632 2.4
      vertex 8.9481 57.9481 2.4
      vertex 7.56236 56.3501 2.4
    endloop
  endfacet
  facet normal -0 0 -1
    outer loop
      vertex 8.9481 57.9481 2.4
      vertex 7.46317 56.4632 2.4
      vertex 8.62847 58.2284 2.4
    endloop
  endfacet
  facet normal 0 0 -1
    outer loop
      vertex 7.35008 56.5624 2.4
      vertex 8.62847 58.2284 2.4
      vertex 7.46317 56.4632 2.4
    endloop
  endfacet
  facet normal -0 0 -1
    outer loop
      vertex 8.62847 58.2284 2.4
      vertex 7.35008 56.5624 2.4
      vertex 8.275 58.4646 2.4
    endloop
  endfacet
  facet normal 0 0 -1
    outer loop
      vertex 7.225 56.6459 2.4
      vertex 8.275 58.4646 2.4
      vertex 7.35008 56.5624 2.4
    endloop
  endfacet
  facet normal -0 0 -1
    outer loop
      vertex 8.275 58.4646 2.4
      vertex 7.225 56.6459 2.4
      vertex 7.89372 58.6526 2.4
    endloop
  endfacet
  facet normal 0 0 -1
    outer loop
      vertex 7.09009 56.7125 2.4
      vertex 7.89372 58.6526 2.4
      vertex 7.225 56.6459 2.4
    endloop
  endfacet
  facet normal -0 0 -1
    outer loop
      vertex 7.89372 58.6526 2.4
      vertex 7.09009 56.7125 2.4
      vertex 7.49116 58.7893 2.4
    endloop
  endfacet
  facet normal 0 0 -1
    outer loop
      vertex 6.94764 56.7608 2.4
      vertex 7.49116 58.7893 2.4
      vertex 7.09009 56.7125 2.4
    endloop
  endfacet
  facet normal -0 0 -1
    outer loop
      vertex 7.49116 58.7893 2.4
      vertex 6.94764 56.7608 2.4
      vertex 7.07421 58.8722 2.4
    endloop
  endfacet
  facet normal 0 0 -1
    outer loop
      vertex 6.8001 56.7902 2.4
      vertex 7.07421 58.8722 2.4
      vertex 6.94764 56.7608 2.4
    endloop
  endfacet
  facet normal 0 0 -1
    outer loop
      vertex 6.65 56.8 2.4
      vertex 7.07421 58.8722 2.4
      vertex 6.8001 56.7902 2.4
    endloop
  endfacet
  facet normal 0 0 -1
    outer loop
      vertex 6.65 56.8 2.4
      vertex 6.65 58.9 2.4
      vertex 7.07421 58.8722 2.4
    endloop
  endfacet
  facet normal 0 0 -1
    outer loop
      vertex 6.4999 56.7902 2.4
      vertex 6.65 58.9 2.4
      vertex 6.65 56.8 2.4
    endloop
  endfacet
  facet normal 0 0 -1
    outer loop
      vertex 6.22579 58.8722 2.4
      vertex 6.4999 56.7902 2.4
      vertex 6.35236 56.7608 2.4
    endloop
  endfacet
  facet normal 0 0 -1
    outer loop
      vertex 6.4999 56.7902 2.4
      vertex 6.22579 58.8722 2.4
      vertex 6.65 58.9 2.4
    endloop
  endfacet
  facet normal 0 0 -1
    outer loop
      vertex 5.80884 58.7893 2.4
      vertex 6.35236 56.7608 2.4
      vertex 6.20991 56.7125 2.4
    endloop
  endfacet
  facet normal 0 0 -1
    outer loop
      vertex 5.40628 58.6526 2.4
      vertex 6.20991 56.7125 2.4
      vertex 6.075 56.6459 2.4
    endloop
  endfacet
  facet normal 0 0 -1
    outer loop
      vertex 5.025 58.4646 2.4
      vertex 6.075 56.6459 2.4
      vertex 5.94992 56.5624 2.4
    endloop
  endfacet
  facet normal 0 0 -1
    outer loop
      vertex 4.67153 58.2284 2.4
      vertex 5.94992 56.5624 2.4
      vertex 5.83683 56.4632 2.4
    endloop
  endfacet
  facet normal 0 0 -1
    outer loop
      vertex 6.35236 56.7608 2.4
      vertex 5.80884 58.7893 2.4
      vertex 6.22579 58.8722 2.4
    endloop
  endfacet
  facet normal 0 0 -1
    outer loop
      vertex 4.3519 57.9481 2.4
      vertex 5.83683 56.4632 2.4
      vertex 5.73764 56.3501 2.4
    endloop
  endfacet
  facet normal 0 0 -1
    outer loop
      vertex 4.0716 57.6285 2.4
      vertex 5.73764 56.3501 2.4
      vertex 5.65407 56.225 2.4
    endloop
  endfacet
  facet normal 0 0 -1
    outer loop
      vertex 3.83542 57.275 2.4
      vertex 5.65407 56.225 2.4
      vertex 5.58754 56.0901 2.4
    endloop
  endfacet
  facet normal 0 0 -1
    outer loop
      vertex 3.64739 56.8937 2.4
      vertex 5.58754 56.0901 2.4
      vertex 5.53919 55.9476 2.4
    endloop
  endfacet
  facet normal 0 0 -1
    outer loop
      vertex 3.51074 56.4912 2.4
      vertex 5.53919 55.9476 2.4
      vertex 5.50984 55.8001 2.4
    endloop
  endfacet
  facet normal 0 0 -1
    outer loop
      vertex 6.20991 56.7125 2.4
      vertex 5.40628 58.6526 2.4
      vertex 5.80884 58.7893 2.4
    endloop
  endfacet
  facet normal 0 0 -1
    outer loop
      vertex 3.4278 56.0742 2.4
      vertex 5.50984 55.8001 2.4
      vertex 5.5 55.65 2.4
    endloop
  endfacet
  facet normal 0 0 -1
    outer loop
      vertex 3.83542 54.025 2.4
      vertex 5.65407 55.075 2.4
      vertex 4.0716 53.6715 2.4
    endloop
  endfacet
  facet normal -0 0 -1
    outer loop
      vertex 5.65407 55.075 2.4
      vertex 3.83542 54.025 2.4
      vertex 5.58754 55.2099 2.4
    endloop
  endfacet
  facet normal 0 0 -1
    outer loop
      vertex 6.075 56.6459 2.4
      vertex 5.025 58.4646 2.4
      vertex 5.40628 58.6526 2.4
    endloop
  endfacet
  facet normal 0 0 -1
    outer loop
      vertex 3.64739 54.4063 2.4
      vertex 5.58754 55.2099 2.4
      vertex 3.83542 54.025 2.4
    endloop
  endfacet
  facet normal 0 0 -1
    outer loop
      vertex 5.94992 56.5624 2.4
      vertex 4.67153 58.2284 2.4
      vertex 5.025 58.4646 2.4
    endloop
  endfacet
  facet normal -0 0 -1
    outer loop
      vertex 5.58754 55.2099 2.4
      vertex 3.64739 54.4063 2.4
      vertex 5.53919 55.3524 2.4
    endloop
  endfacet
  facet normal 0 0 -1
    outer loop
      vertex 5.83683 56.4632 2.4
      vertex 4.3519 57.9481 2.4
      vertex 4.67153 58.2284 2.4
    endloop
  endfacet
  facet normal 0 0 -1
    outer loop
      vertex 3.51074 54.8088 2.4
      vertex 5.53919 55.3524 2.4
      vertex 3.64739 54.4063 2.4
    endloop
  endfacet
  facet normal 0 0 -1
    outer loop
      vertex 5.73764 56.3501 2.4
      vertex 4.0716 57.6285 2.4
      vertex 4.3519 57.9481 2.4
    endloop
  endfacet
  facet normal -0 0 -1
    outer loop
      vertex 5.53919 55.3524 2.4
      vertex 3.51074 54.8088 2.4
      vertex 5.50984 55.4999 2.4
    endloop
  endfacet
  facet normal 0 0 -1
    outer loop
      vertex 5.65407 56.225 2.4
      vertex 3.83542 57.275 2.4
      vertex 4.0716 57.6285 2.4
    endloop
  endfacet
  facet normal 0 0 -1
    outer loop
      vertex 3.4278 55.2258 2.4
      vertex 5.50984 55.4999 2.4
      vertex 3.51074 54.8088 2.4
    endloop
  endfacet
  facet normal 0 0 -1
    outer loop
      vertex 5.58754 56.0901 2.4
      vertex 3.64739 56.8937 2.4
      vertex 3.83542 57.275 2.4
    endloop
  endfacet
  facet normal -0 0 -1
    outer loop
      vertex 5.50984 55.4999 2.4
      vertex 3.4278 55.2258 2.4
      vertex 5.5 55.65 2.4
    endloop
  endfacet
  facet normal 0 0 -1
    outer loop
      vertex 5.53919 55.9476 2.4
      vertex 3.51074 56.4912 2.4
      vertex 3.64739 56.8937 2.4
    endloop
  endfacet
  facet normal 0 0 -1
    outer loop
      vertex 3.4 55.65 2.4
      vertex 5.5 55.65 2.4
      vertex 3.4278 55.2258 2.4
    endloop
  endfacet
  facet normal 0 0 -1
    outer loop
      vertex 5.50984 55.8001 2.4
      vertex 3.4278 56.0742 2.4
      vertex 3.51074 56.4912 2.4
    endloop
  endfacet
  facet normal 0 0 -1
    outer loop
      vertex 5.5 55.65 2.4
      vertex 3.4 55.65 2.4
      vertex 3.4278 56.0742 2.4
    endloop
  endfacet
  facet normal 0.751818 0.65937 0
    outer loop
      vertex 9.2284 57.6285 6.4
      vertex 8.9481 57.9481 2.4
      vertex 8.9481 57.9481 6.4
    endloop
  endfacet
  facet normal 0.751818 0.65937 0
    outer loop
      vertex 8.9481 57.9481 2.4
      vertex 9.2284 57.6285 6.4
      vertex 9.2284 57.6285 2.4
    endloop
  endfacet
  facet normal 0.980788 -0.195076 0
    outer loop
      vertex 9.78926 54.8088 6.4
      vertex 9.8722 55.2258 2.4
      vertex 9.8722 55.2258 6.4
    endloop
  endfacet
  facet normal 0.980788 -0.195076 0
    outer loop
      vertex 9.8722 55.2258 2.4
      vertex 9.78926 54.8088 6.4
      vertex 9.78926 54.8088 2.4
    endloop
  endfacet
  facet normal 0.555601 -0.831449 0
    outer loop
      vertex 8.275 52.8354 2.4
      vertex 8.62847 53.0716 6.4
      vertex 8.275 52.8354 6.4
    endloop
  endfacet
  facet normal 0.555601 -0.831449 0
    outer loop
      vertex 8.62847 53.0716 6.4
      vertex 8.275 52.8354 2.4
      vertex 8.62847 53.0716 2.4
    endloop
  endfacet
  facet normal -0.997859 0.0653948 0
    outer loop
      vertex 3.4 55.65 2.4
      vertex 3.4278 56.0742 6.4
      vertex 3.4278 56.0742 2.4
    endloop
  endfacet
  facet normal -0.997859 0.0653948 0
    outer loop
      vertex 3.4278 56.0742 6.4
      vertex 3.4 55.65 2.4
      vertex 3.4 55.65 6.4
    endloop
  endfacet
  facet normal -0.659335 0.751849 0
    outer loop
      vertex 4.67153 58.2284 2.4
      vertex 4.3519 57.9481 6.4
      vertex 4.67153 58.2284 6.4
    endloop
  endfacet
  facet normal -0.659335 0.751849 0
    outer loop
      vertex 4.3519 57.9481 6.4
      vertex 4.67153 58.2284 2.4
      vertex 4.3519 57.9481 2.4
    endloop
  endfacet
  facet normal -0.659335 -0.751849 0
    outer loop
      vertex 4.3519 53.3519 2.4
      vertex 4.67153 53.0716 6.4
      vertex 4.3519 53.3519 6.4
    endloop
  endfacet
  facet normal -0.659335 -0.751849 -0
    outer loop
      vertex 4.67153 53.0716 6.4
      vertex 4.3519 53.3519 2.4
      vertex 4.67153 53.0716 2.4
    endloop
  endfacet
  facet normal 0.831493 -0.555536 0
    outer loop
      vertex 9.2284 53.6715 6.4
      vertex 9.46458 54.025 2.4
      vertex 9.46458 54.025 6.4
    endloop
  endfacet
  facet normal 0.831493 -0.555536 0
    outer loop
      vertex 9.46458 54.025 2.4
      vertex 9.2284 53.6715 6.4
      vertex 9.2284 53.6715 2.4
    endloop
  endfacet
  facet normal -0.195008 -0.980802 0
    outer loop
      vertex 5.80884 52.5107 2.4
      vertex 6.22579 52.4278 6.4
      vertex 5.80884 52.5107 6.4
    endloop
  endfacet
  facet normal -0.195008 -0.980802 -0
    outer loop
      vertex 6.22579 52.4278 6.4
      vertex 5.80884 52.5107 2.4
      vertex 6.22579 52.4278 2.4
    endloop
  endfacet
  facet normal 0.751818 -0.65937 0
    outer loop
      vertex 8.9481 53.3519 6.4
      vertex 9.2284 53.6715 2.4
      vertex 9.2284 53.6715 6.4
    endloop
  endfacet
  facet normal 0.751818 -0.65937 0
    outer loop
      vertex 9.2284 53.6715 2.4
      vertex 8.9481 53.3519 6.4
      vertex 8.9481 53.3519 2.4
    endloop
  endfacet
  facet normal -0.980788 0.195076 0
    outer loop
      vertex 3.4278 56.0742 2.4
      vertex 3.51074 56.4912 6.4
      vertex 3.51074 56.4912 2.4
    endloop
  endfacet
  facet normal -0.980788 0.195076 0
    outer loop
      vertex 3.51074 56.4912 6.4
      vertex 3.4278 56.0742 2.4
      vertex 3.4278 56.0742 6.4
    endloop
  endfacet
  facet normal 0.946916 -0.321481 0
    outer loop
      vertex 9.65261 54.4063 6.4
      vertex 9.78926 54.8088 2.4
      vertex 9.78926 54.8088 6.4
    endloop
  endfacet
  facet normal 0.946916 -0.321481 0
    outer loop
      vertex 9.78926 54.8088 2.4
      vertex 9.65261 54.4063 6.4
      vertex 9.65261 54.4063 2.4
    endloop
  endfacet
  facet normal 0.555601 0.831449 -0
    outer loop
      vertex 8.62847 58.2284 2.4
      vertex 8.275 58.4646 6.4
      vertex 8.62847 58.2284 6.4
    endloop
  endfacet
  facet normal 0.555601 0.831449 0
    outer loop
      vertex 8.275 58.4646 6.4
      vertex 8.62847 58.2284 2.4
      vertex 8.275 58.4646 2.4
    endloop
  endfacet
  facet normal -0.321543 -0.946895 0
    outer loop
      vertex 5.40628 52.6474 2.4
      vertex 5.80884 52.5107 6.4
      vertex 5.40628 52.6474 6.4
    endloop
  endfacet
  facet normal -0.321543 -0.946895 -0
    outer loop
      vertex 5.80884 52.5107 6.4
      vertex 5.40628 52.6474 2.4
      vertex 5.80884 52.5107 2.4
    endloop
  endfacet
  facet normal -0.751818 0.65937 0
    outer loop
      vertex 4.0716 57.6285 2.4
      vertex 4.3519 57.9481 6.4
      vertex 4.3519 57.9481 2.4
    endloop
  endfacet
  facet normal -0.751818 0.65937 0
    outer loop
      vertex 4.3519 57.9481 6.4
      vertex 4.0716 57.6285 2.4
      vertex 4.0716 57.6285 6.4
    endloop
  endfacet
  facet normal 0.896879 -0.442277 0
    outer loop
      vertex 9.46458 54.025 6.4
      vertex 9.65261 54.4063 2.4
      vertex 9.65261 54.4063 6.4
    endloop
  endfacet
  facet normal 0.896879 -0.442277 0
    outer loop
      vertex 9.65261 54.4063 2.4
      vertex 9.46458 54.025 6.4
      vertex 9.46458 54.025 2.4
    endloop
  endfacet
  facet normal -0.997859 -0.0653948 0
    outer loop
      vertex 3.4278 55.2258 2.4
      vertex 3.4 55.65 6.4
      vertex 3.4 55.65 2.4
    endloop
  endfacet
  facet normal -0.997859 -0.0653948 0
    outer loop
      vertex 3.4 55.65 6.4
      vertex 3.4278 55.2258 2.4
      vertex 3.4278 55.2258 6.4
    endloop
  endfacet
  facet normal -0.751818 -0.65937 0
    outer loop
      vertex 4.3519 53.3519 2.4
      vertex 4.0716 53.6715 6.4
      vertex 4.0716 53.6715 2.4
    endloop
  endfacet
  facet normal -0.751818 -0.65937 0
    outer loop
      vertex 4.0716 53.6715 6.4
      vertex 4.3519 53.3519 2.4
      vertex 4.3519 53.3519 6.4
    endloop
  endfacet
  facet normal -0.321543 0.946895 0
    outer loop
      vertex 5.80884 58.7893 2.4
      vertex 5.40628 58.6526 6.4
      vertex 5.80884 58.7893 6.4
    endloop
  endfacet
  facet normal -0.321543 0.946895 0
    outer loop
      vertex 5.40628 58.6526 6.4
      vertex 5.80884 58.7893 2.4
      vertex 5.40628 58.6526 2.4
    endloop
  endfacet
  facet normal -0.946916 -0.321481 0
    outer loop
      vertex 3.64739 54.4063 2.4
      vertex 3.51074 54.8088 6.4
      vertex 3.51074 54.8088 2.4
    endloop
  endfacet
  facet normal -0.946916 -0.321481 0
    outer loop
      vertex 3.51074 54.8088 6.4
      vertex 3.64739 54.4063 2.4
      vertex 3.64739 54.4063 6.4
    endloop
  endfacet
  facet normal -0.896879 0.442277 0
    outer loop
      vertex 3.64739 56.8937 2.4
      vertex 3.83542 57.275 6.4
      vertex 3.83542 57.275 2.4
    endloop
  endfacet
  facet normal -0.896879 0.442277 0
    outer loop
      vertex 3.83542 57.275 6.4
      vertex 3.64739 56.8937 2.4
      vertex 3.64739 56.8937 6.4
    endloop
  endfacet
  facet normal 0.0653933 0.99786 -0
    outer loop
      vertex 7.07421 58.8722 2.4
      vertex 6.65 58.9 6.4
      vertex 7.07421 58.8722 6.4
    endloop
  endfacet
  facet normal 0.0653933 0.99786 0
    outer loop
      vertex 6.65 58.9 6.4
      vertex 7.07421 58.8722 2.4
      vertex 6.65 58.9 2.4
    endloop
  endfacet
  facet normal 0.997859 -0.0653948 0
    outer loop
      vertex 9.8722 55.2258 6.4
      vertex 9.9 55.65 2.4
      vertex 9.9 55.65 6.4
    endloop
  endfacet
  facet normal 0.997859 -0.0653948 0
    outer loop
      vertex 9.9 55.65 2.4
      vertex 9.8722 55.2258 6.4
      vertex 9.8722 55.2258 2.4
    endloop
  endfacet
  facet normal 0.321543 -0.946895 0
    outer loop
      vertex 7.49116 52.5107 2.4
      vertex 7.89372 52.6474 6.4
      vertex 7.49116 52.5107 6.4
    endloop
  endfacet
  facet normal 0.321543 -0.946895 0
    outer loop
      vertex 7.89372 52.6474 6.4
      vertex 7.49116 52.5107 2.4
      vertex 7.89372 52.6474 2.4
    endloop
  endfacet
  facet normal -0.195008 0.980802 0
    outer loop
      vertex 6.22579 58.8722 2.4
      vertex 5.80884 58.7893 6.4
      vertex 6.22579 58.8722 6.4
    endloop
  endfacet
  facet normal -0.195008 0.980802 0
    outer loop
      vertex 5.80884 58.7893 6.4
      vertex 6.22579 58.8722 2.4
      vertex 5.80884 58.7893 2.4
    endloop
  endfacet
  facet normal -0.555601 0.831449 0
    outer loop
      vertex 5.025 58.4646 2.4
      vertex 4.67153 58.2284 6.4
      vertex 5.025 58.4646 6.4
    endloop
  endfacet
  facet normal -0.555601 0.831449 0
    outer loop
      vertex 4.67153 58.2284 6.4
      vertex 5.025 58.4646 2.4
      vertex 4.67153 58.2284 2.4
    endloop
  endfacet
  facet normal -0.0653933 -0.99786 0
    outer loop
      vertex 6.22579 52.4278 2.4
      vertex 6.65 52.4 6.4
      vertex 6.22579 52.4278 6.4
    endloop
  endfacet
  facet normal -0.0653933 -0.99786 -0
    outer loop
      vertex 6.65 52.4 6.4
      vertex 6.22579 52.4278 2.4
      vertex 6.65 52.4 2.4
    endloop
  endfacet
  facet normal -0.946916 0.321481 0
    outer loop
      vertex 3.51074 56.4912 2.4
      vertex 3.64739 56.8937 6.4
      vertex 3.64739 56.8937 2.4
    endloop
  endfacet
  facet normal -0.946916 0.321481 0
    outer loop
      vertex 3.64739 56.8937 6.4
      vertex 3.51074 56.4912 2.4
      vertex 3.51074 56.4912 6.4
    endloop
  endfacet
  facet normal -0.980788 -0.195076 0
    outer loop
      vertex 3.51074 54.8088 2.4
      vertex 3.4278 55.2258 6.4
      vertex 3.4278 55.2258 2.4
    endloop
  endfacet
  facet normal -0.980788 -0.195076 0
    outer loop
      vertex 3.4278 55.2258 6.4
      vertex 3.51074 54.8088 2.4
      vertex 3.51074 54.8088 6.4
    endloop
  endfacet
  facet normal -0.831493 0.555536 0
    outer loop
      vertex 3.83542 57.275 2.4
      vertex 4.0716 57.6285 6.4
      vertex 4.0716 57.6285 2.4
    endloop
  endfacet
  facet normal -0.831493 0.555536 0
    outer loop
      vertex 4.0716 57.6285 6.4
      vertex 3.83542 57.275 2.4
      vertex 3.83542 57.275 6.4
    endloop
  endfacet
  facet normal 0.195008 -0.980802 0
    outer loop
      vertex 7.07421 52.4278 2.4
      vertex 7.49116 52.5107 6.4
      vertex 7.07421 52.4278 6.4
    endloop
  endfacet
  facet normal 0.195008 -0.980802 0
    outer loop
      vertex 7.49116 52.5107 6.4
      vertex 7.07421 52.4278 2.4
      vertex 7.49116 52.5107 2.4
    endloop
  endfacet
  facet normal 0.195008 0.980802 -0
    outer loop
      vertex 7.49116 58.7893 2.4
      vertex 7.07421 58.8722 6.4
      vertex 7.49116 58.7893 6.4
    endloop
  endfacet
  facet normal 0.195008 0.980802 0
    outer loop
      vertex 7.07421 58.8722 6.4
      vertex 7.49116 58.7893 2.4
      vertex 7.07421 58.8722 2.4
    endloop
  endfacet
  facet normal 0.659335 -0.751849 0
    outer loop
      vertex 8.62847 53.0716 2.4
      vertex 8.9481 53.3519 6.4
      vertex 8.62847 53.0716 6.4
    endloop
  endfacet
  facet normal 0.659335 -0.751849 0
    outer loop
      vertex 8.9481 53.3519 6.4
      vertex 8.62847 53.0716 2.4
      vertex 8.9481 53.3519 2.4
    endloop
  endfacet
  facet normal -0.896879 -0.442277 0
    outer loop
      vertex 3.83542 54.025 2.4
      vertex 3.64739 54.4063 6.4
      vertex 3.64739 54.4063 2.4
    endloop
  endfacet
  facet normal -0.896879 -0.442277 0
    outer loop
      vertex 3.64739 54.4063 6.4
      vertex 3.83542 54.025 2.4
      vertex 3.83542 54.025 6.4
    endloop
  endfacet
  facet normal 0.442239 -0.896897 0
    outer loop
      vertex 7.89372 52.6474 2.4
      vertex 8.275 52.8354 6.4
      vertex 7.89372 52.6474 6.4
    endloop
  endfacet
  facet normal 0.442239 -0.896897 0
    outer loop
      vertex 8.275 52.8354 6.4
      vertex 7.89372 52.6474 2.4
      vertex 8.275 52.8354 2.4
    endloop
  endfacet
  facet normal 0.321543 0.946895 -0
    outer loop
      vertex 7.89372 58.6526 2.4
      vertex 7.49116 58.7893 6.4
      vertex 7.89372 58.6526 6.4
    endloop
  endfacet
  facet normal 0.321543 0.946895 0
    outer loop
      vertex 7.49116 58.7893 6.4
      vertex 7.89372 58.6526 2.4
      vertex 7.49116 58.7893 2.4
    endloop
  endfacet
  facet normal -0.555601 -0.831449 0
    outer loop
      vertex 4.67153 53.0716 2.4
      vertex 5.025 52.8354 6.4
      vertex 4.67153 53.0716 6.4
    endloop
  endfacet
  facet normal -0.555601 -0.831449 -0
    outer loop
      vertex 5.025 52.8354 6.4
      vertex 4.67153 53.0716 2.4
      vertex 5.025 52.8354 2.4
    endloop
  endfacet
  facet normal -0.442239 -0.896897 0
    outer loop
      vertex 5.025 52.8354 2.4
      vertex 5.40628 52.6474 6.4
      vertex 5.025 52.8354 6.4
    endloop
  endfacet
  facet normal -0.442239 -0.896897 -0
    outer loop
      vertex 5.40628 52.6474 6.4
      vertex 5.025 52.8354 2.4
      vertex 5.40628 52.6474 2.4
    endloop
  endfacet
  facet normal -0.831493 -0.555536 0
    outer loop
      vertex 4.0716 53.6715 2.4
      vertex 3.83542 54.025 6.4
      vertex 3.83542 54.025 2.4
    endloop
  endfacet
  facet normal -0.831493 -0.555536 0
    outer loop
      vertex 3.83542 54.025 6.4
      vertex 4.0716 53.6715 2.4
      vertex 4.0716 53.6715 6.4
    endloop
  endfacet
  facet normal 0 0 1
    outer loop
      vertex 7.8 55.65 6.4
      vertex 9.9 55.65 6.4
      vertex 9.8722 56.0742 6.4
    endloop
  endfacet
  facet normal 0 0 1
    outer loop
      vertex 7.79016 55.8001 6.4
      vertex 9.8722 56.0742 6.4
      vertex 9.78926 56.4912 6.4
    endloop
  endfacet
  facet normal 0 0 1
    outer loop
      vertex 9.9 55.65 6.4
      vertex 7.8 55.65 6.4
      vertex 9.8722 55.2258 6.4
    endloop
  endfacet
  facet normal 0 0 1
    outer loop
      vertex 7.76081 55.9476 6.4
      vertex 9.78926 56.4912 6.4
      vertex 9.65261 56.8937 6.4
    endloop
  endfacet
  facet normal -0 0 1
    outer loop
      vertex 7.79016 55.4999 6.4
      vertex 9.8722 55.2258 6.4
      vertex 7.8 55.65 6.4
    endloop
  endfacet
  facet normal 0 0 1
    outer loop
      vertex 7.71246 56.0901 6.4
      vertex 9.65261 56.8937 6.4
      vertex 9.46458 57.275 6.4
    endloop
  endfacet
  facet normal 0 0 1
    outer loop
      vertex 9.8722 55.2258 6.4
      vertex 7.79016 55.4999 6.4
      vertex 9.78926 54.8088 6.4
    endloop
  endfacet
  facet normal 0 0 1
    outer loop
      vertex 7.64593 56.225 6.4
      vertex 9.46458 57.275 6.4
      vertex 9.2284 57.6285 6.4
    endloop
  endfacet
  facet normal -0 0 1
    outer loop
      vertex 7.76081 55.3524 6.4
      vertex 9.78926 54.8088 6.4
      vertex 7.79016 55.4999 6.4
    endloop
  endfacet
  facet normal 0 0 1
    outer loop
      vertex 7.56236 56.3501 6.4
      vertex 9.2284 57.6285 6.4
      vertex 8.9481 57.9481 6.4
    endloop
  endfacet
  facet normal 0 0 1
    outer loop
      vertex 9.78926 54.8088 6.4
      vertex 7.76081 55.3524 6.4
      vertex 9.65261 54.4063 6.4
    endloop
  endfacet
  facet normal 0 0 1
    outer loop
      vertex 7.46317 56.4632 6.4
      vertex 8.9481 57.9481 6.4
      vertex 8.62847 58.2284 6.4
    endloop
  endfacet
  facet normal -0 0 1
    outer loop
      vertex 7.71246 55.2099 6.4
      vertex 9.65261 54.4063 6.4
      vertex 7.76081 55.3524 6.4
    endloop
  endfacet
  facet normal 0 0 1
    outer loop
      vertex 7.35008 56.5624 6.4
      vertex 8.62847 58.2284 6.4
      vertex 8.275 58.4646 6.4
    endloop
  endfacet
  facet normal 0 0 1
    outer loop
      vertex 9.65261 54.4063 6.4
      vertex 7.71246 55.2099 6.4
      vertex 9.46458 54.025 6.4
    endloop
  endfacet
  facet normal 0 0 1
    outer loop
      vertex 7.225 56.6459 6.4
      vertex 8.275 58.4646 6.4
      vertex 7.89372 58.6526 6.4
    endloop
  endfacet
  facet normal -0 0 1
    outer loop
      vertex 7.64593 55.075 6.4
      vertex 9.46458 54.025 6.4
      vertex 7.71246 55.2099 6.4
    endloop
  endfacet
  facet normal 0 0 1
    outer loop
      vertex 9.46458 54.025 6.4
      vertex 7.64593 55.075 6.4
      vertex 9.2284 53.6715 6.4
    endloop
  endfacet
  facet normal 0 0 1
    outer loop
      vertex 9.8722 56.0742 6.4
      vertex 7.79016 55.8001 6.4
      vertex 7.8 55.65 6.4
    endloop
  endfacet
  facet normal 0 0 1
    outer loop
      vertex 9.78926 56.4912 6.4
      vertex 7.76081 55.9476 6.4
      vertex 7.79016 55.8001 6.4
    endloop
  endfacet
  facet normal 0 0 1
    outer loop
      vertex 9.65261 56.8937 6.4
      vertex 7.71246 56.0901 6.4
      vertex 7.76081 55.9476 6.4
    endloop
  endfacet
  facet normal 0 0 1
    outer loop
      vertex 9.46458 57.275 6.4
      vertex 7.64593 56.225 6.4
      vertex 7.71246 56.0901 6.4
    endloop
  endfacet
  facet normal 0 0 1
    outer loop
      vertex 9.2284 57.6285 6.4
      vertex 7.56236 56.3501 6.4
      vertex 7.64593 56.225 6.4
    endloop
  endfacet
  facet normal 0 0 1
    outer loop
      vertex 7.09009 56.7125 6.4
      vertex 7.89372 58.6526 6.4
      vertex 7.49116 58.7893 6.4
    endloop
  endfacet
  facet normal 0 0 1
    outer loop
      vertex 8.9481 57.9481 6.4
      vertex 7.46317 56.4632 6.4
      vertex 7.56236 56.3501 6.4
    endloop
  endfacet
  facet normal 0 0 1
    outer loop
      vertex 8.62847 58.2284 6.4
      vertex 7.35008 56.5624 6.4
      vertex 7.46317 56.4632 6.4
    endloop
  endfacet
  facet normal 0 0 1
    outer loop
      vertex 8.275 58.4646 6.4
      vertex 7.225 56.6459 6.4
      vertex 7.35008 56.5624 6.4
    endloop
  endfacet
  facet normal 0 0 1
    outer loop
      vertex 7.89372 58.6526 6.4
      vertex 7.09009 56.7125 6.4
      vertex 7.225 56.6459 6.4
    endloop
  endfacet
  facet normal 0 0 1
    outer loop
      vertex 6.94764 56.7608 6.4
      vertex 7.49116 58.7893 6.4
      vertex 7.07421 58.8722 6.4
    endloop
  endfacet
  facet normal 0 0 1
    outer loop
      vertex 7.49116 58.7893 6.4
      vertex 6.94764 56.7608 6.4
      vertex 7.09009 56.7125 6.4
    endloop
  endfacet
  facet normal 0 0 1
    outer loop
      vertex 7.07421 58.8722 6.4
      vertex 6.8001 56.7902 6.4
      vertex 6.94764 56.7608 6.4
    endloop
  endfacet
  facet normal 0 0 1
    outer loop
      vertex 6.65 58.9 6.4
      vertex 6.8001 56.7902 6.4
      vertex 7.07421 58.8722 6.4
    endloop
  endfacet
  facet normal 0 0 1
    outer loop
      vertex 6.65 58.9 6.4
      vertex 6.65 56.8 6.4
      vertex 6.8001 56.7902 6.4
    endloop
  endfacet
  facet normal 0 0 1
    outer loop
      vertex 6.65 58.9 6.4
      vertex 6.4999 56.7902 6.4
      vertex 6.65 56.8 6.4
    endloop
  endfacet
  facet normal -0 0 1
    outer loop
      vertex 6.22579 58.8722 6.4
      vertex 6.4999 56.7902 6.4
      vertex 6.65 58.9 6.4
    endloop
  endfacet
  facet normal 0 0 1
    outer loop
      vertex 6.4999 56.7902 6.4
      vertex 6.22579 58.8722 6.4
      vertex 6.35236 56.7608 6.4
    endloop
  endfacet
  facet normal -0 0 1
    outer loop
      vertex 5.80884 58.7893 6.4
      vertex 6.35236 56.7608 6.4
      vertex 6.22579 58.8722 6.4
    endloop
  endfacet
  facet normal 0 0 1
    outer loop
      vertex 6.35236 56.7608 6.4
      vertex 5.80884 58.7893 6.4
      vertex 6.20991 56.7125 6.4
    endloop
  endfacet
  facet normal -0 0 1
    outer loop
      vertex 5.40628 58.6526 6.4
      vertex 6.20991 56.7125 6.4
      vertex 5.80884 58.7893 6.4
    endloop
  endfacet
  facet normal 0 0 1
    outer loop
      vertex 6.20991 56.7125 6.4
      vertex 5.40628 58.6526 6.4
      vertex 6.075 56.6459 6.4
    endloop
  endfacet
  facet normal -0 0 1
    outer loop
      vertex 5.025 58.4646 6.4
      vertex 6.075 56.6459 6.4
      vertex 5.40628 58.6526 6.4
    endloop
  endfacet
  facet normal 0 0 1
    outer loop
      vertex 6.075 56.6459 6.4
      vertex 5.025 58.4646 6.4
      vertex 5.94992 56.5624 6.4
    endloop
  endfacet
  facet normal -0 0 1
    outer loop
      vertex 4.67153 58.2284 6.4
      vertex 5.94992 56.5624 6.4
      vertex 5.025 58.4646 6.4
    endloop
  endfacet
  facet normal 0 0 1
    outer loop
      vertex 5.94992 56.5624 6.4
      vertex 4.67153 58.2284 6.4
      vertex 5.83683 56.4632 6.4
    endloop
  endfacet
  facet normal -0 0 1
    outer loop
      vertex 4.3519 57.9481 6.4
      vertex 5.83683 56.4632 6.4
      vertex 4.67153 58.2284 6.4
    endloop
  endfacet
  facet normal 0 0 1
    outer loop
      vertex 5.83683 56.4632 6.4
      vertex 4.3519 57.9481 6.4
      vertex 5.73764 56.3501 6.4
    endloop
  endfacet
  facet normal 0 0 1
    outer loop
      vertex 5.73764 56.3501 6.4
      vertex 4.0716 57.6285 6.4
      vertex 5.65407 56.225 6.4
    endloop
  endfacet
  facet normal -0 0 1
    outer loop
      vertex 4.0716 57.6285 6.4
      vertex 5.73764 56.3501 6.4
      vertex 4.3519 57.9481 6.4
    endloop
  endfacet
  facet normal -0 0 1
    outer loop
      vertex 7.56236 54.9499 6.4
      vertex 9.2284 53.6715 6.4
      vertex 7.64593 55.075 6.4
    endloop
  endfacet
  facet normal 0 0 1
    outer loop
      vertex 9.2284 53.6715 6.4
      vertex 7.56236 54.9499 6.4
      vertex 8.9481 53.3519 6.4
    endloop
  endfacet
  facet normal -0 0 1
    outer loop
      vertex 7.46317 54.8368 6.4
      vertex 8.9481 53.3519 6.4
      vertex 7.56236 54.9499 6.4
    endloop
  endfacet
  facet normal 0 0 1
    outer loop
      vertex 8.9481 53.3519 6.4
      vertex 7.46317 54.8368 6.4
      vertex 8.62847 53.0716 6.4
    endloop
  endfacet
  facet normal -0 0 1
    outer loop
      vertex 7.35008 54.7376 6.4
      vertex 8.62847 53.0716 6.4
      vertex 7.46317 54.8368 6.4
    endloop
  endfacet
  facet normal 0 0 1
    outer loop
      vertex 8.62847 53.0716 6.4
      vertex 7.35008 54.7376 6.4
      vertex 8.275 52.8354 6.4
    endloop
  endfacet
  facet normal -0 0 1
    outer loop
      vertex 7.225 54.6541 6.4
      vertex 8.275 52.8354 6.4
      vertex 7.35008 54.7376 6.4
    endloop
  endfacet
  facet normal 0 0 1
    outer loop
      vertex 8.275 52.8354 6.4
      vertex 7.225 54.6541 6.4
      vertex 7.89372 52.6474 6.4
    endloop
  endfacet
  facet normal -0 0 1
    outer loop
      vertex 7.09009 54.5875 6.4
      vertex 7.89372 52.6474 6.4
      vertex 7.225 54.6541 6.4
    endloop
  endfacet
  facet normal 0 0 1
    outer loop
      vertex 7.89372 52.6474 6.4
      vertex 7.09009 54.5875 6.4
      vertex 7.49116 52.5107 6.4
    endloop
  endfacet
  facet normal -0 0 1
    outer loop
      vertex 6.94764 54.5392 6.4
      vertex 7.49116 52.5107 6.4
      vertex 7.09009 54.5875 6.4
    endloop
  endfacet
  facet normal 0 0 1
    outer loop
      vertex 7.49116 52.5107 6.4
      vertex 6.94764 54.5392 6.4
      vertex 7.07421 52.4278 6.4
    endloop
  endfacet
  facet normal -0 0 1
    outer loop
      vertex 6.8001 54.5098 6.4
      vertex 7.07421 52.4278 6.4
      vertex 6.94764 54.5392 6.4
    endloop
  endfacet
  facet normal -0 0 1
    outer loop
      vertex 6.65 54.5 6.4
      vertex 7.07421 52.4278 6.4
      vertex 6.8001 54.5098 6.4
    endloop
  endfacet
  facet normal 0 0 1
    outer loop
      vertex 6.65 54.5 6.4
      vertex 6.65 52.4 6.4
      vertex 7.07421 52.4278 6.4
    endloop
  endfacet
  facet normal 0 0 1
    outer loop
      vertex 6.4999 54.5098 6.4
      vertex 6.65 52.4 6.4
      vertex 6.65 54.5 6.4
    endloop
  endfacet
  facet normal 0 0 1
    outer loop
      vertex 6.22579 52.4278 6.4
      vertex 6.4999 54.5098 6.4
      vertex 6.35236 54.5392 6.4
    endloop
  endfacet
  facet normal 0 0 1
    outer loop
      vertex 6.4999 54.5098 6.4
      vertex 6.22579 52.4278 6.4
      vertex 6.65 52.4 6.4
    endloop
  endfacet
  facet normal 0 0 1
    outer loop
      vertex 5.80884 52.5107 6.4
      vertex 6.35236 54.5392 6.4
      vertex 6.20991 54.5875 6.4
    endloop
  endfacet
  facet normal 0 0 1
    outer loop
      vertex 5.40628 52.6474 6.4
      vertex 6.20991 54.5875 6.4
      vertex 6.075 54.6541 6.4
    endloop
  endfacet
  facet normal 0 0 1
    outer loop
      vertex 5.025 52.8354 6.4
      vertex 6.075 54.6541 6.4
      vertex 5.94992 54.7376 6.4
    endloop
  endfacet
  facet normal 0 0 1
    outer loop
      vertex 4.67153 53.0716 6.4
      vertex 5.94992 54.7376 6.4
      vertex 5.83683 54.8368 6.4
    endloop
  endfacet
  facet normal 0 0 1
    outer loop
      vertex 6.35236 54.5392 6.4
      vertex 5.80884 52.5107 6.4
      vertex 6.22579 52.4278 6.4
    endloop
  endfacet
  facet normal 0 0 1
    outer loop
      vertex 4.3519 53.3519 6.4
      vertex 5.83683 54.8368 6.4
      vertex 5.73764 54.9499 6.4
    endloop
  endfacet
  facet normal 0 0 1
    outer loop
      vertex 4.0716 53.6715 6.4
      vertex 5.73764 54.9499 6.4
      vertex 5.65407 55.075 6.4
    endloop
  endfacet
  facet normal 0 0 1
    outer loop
      vertex 3.83542 54.025 6.4
      vertex 5.65407 55.075 6.4
      vertex 5.58754 55.2099 6.4
    endloop
  endfacet
  facet normal 0 0 1
    outer loop
      vertex 3.64739 54.4063 6.4
      vertex 5.58754 55.2099 6.4
      vertex 5.53919 55.3524 6.4
    endloop
  endfacet
  facet normal 0 0 1
    outer loop
      vertex 3.51074 54.8088 6.4
      vertex 5.53919 55.3524 6.4
      vertex 5.50984 55.4999 6.4
    endloop
  endfacet
  facet normal 0 0 1
    outer loop
      vertex 6.20991 54.5875 6.4
      vertex 5.40628 52.6474 6.4
      vertex 5.80884 52.5107 6.4
    endloop
  endfacet
  facet normal 0 0 1
    outer loop
      vertex 3.4278 55.2258 6.4
      vertex 5.50984 55.4999 6.4
      vertex 5.5 55.65 6.4
    endloop
  endfacet
  facet normal -0 0 1
    outer loop
      vertex 3.83542 57.275 6.4
      vertex 5.65407 56.225 6.4
      vertex 4.0716 57.6285 6.4
    endloop
  endfacet
  facet normal 0 0 1
    outer loop
      vertex 5.65407 56.225 6.4
      vertex 3.83542 57.275 6.4
      vertex 5.58754 56.0901 6.4
    endloop
  endfacet
  facet normal 0 0 1
    outer loop
      vertex 6.075 54.6541 6.4
      vertex 5.025 52.8354 6.4
      vertex 5.40628 52.6474 6.4
    endloop
  endfacet
  facet normal -0 0 1
    outer loop
      vertex 3.64739 56.8937 6.4
      vertex 5.58754 56.0901 6.4
      vertex 3.83542 57.275 6.4
    endloop
  endfacet
  facet normal 0 0 1
    outer loop
      vertex 5.94992 54.7376 6.4
      vertex 4.67153 53.0716 6.4
      vertex 5.025 52.8354 6.4
    endloop
  endfacet
  facet normal 0 0 1
    outer loop
      vertex 5.58754 56.0901 6.4
      vertex 3.64739 56.8937 6.4
      vertex 5.53919 55.9476 6.4
    endloop
  endfacet
  facet normal 0 0 1
    outer loop
      vertex 5.83683 54.8368 6.4
      vertex 4.3519 53.3519 6.4
      vertex 4.67153 53.0716 6.4
    endloop
  endfacet
  facet normal -0 0 1
    outer loop
      vertex 3.51074 56.4912 6.4
      vertex 5.53919 55.9476 6.4
      vertex 3.64739 56.8937 6.4
    endloop
  endfacet
  facet normal 0 0 1
    outer loop
      vertex 5.73764 54.9499 6.4
      vertex 4.0716 53.6715 6.4
      vertex 4.3519 53.3519 6.4
    endloop
  endfacet
  facet normal 0 0 1
    outer loop
      vertex 5.53919 55.9476 6.4
      vertex 3.51074 56.4912 6.4
      vertex 5.50984 55.8001 6.4
    endloop
  endfacet
  facet normal 0 0 1
    outer loop
      vertex 5.65407 55.075 6.4
      vertex 3.83542 54.025 6.4
      vertex 4.0716 53.6715 6.4
    endloop
  endfacet
  facet normal -0 0 1
    outer loop
      vertex 3.4278 56.0742 6.4
      vertex 5.50984 55.8001 6.4
      vertex 3.51074 56.4912 6.4
    endloop
  endfacet
  facet normal 0 0 1
    outer loop
      vertex 5.58754 55.2099 6.4
      vertex 3.64739 54.4063 6.4
      vertex 3.83542 54.025 6.4
    endloop
  endfacet
  facet normal 0 0 1
    outer loop
      vertex 5.50984 55.8001 6.4
      vertex 3.4278 56.0742 6.4
      vertex 5.5 55.65 6.4
    endloop
  endfacet
  facet normal 0 0 1
    outer loop
      vertex 5.53919 55.3524 6.4
      vertex 3.51074 54.8088 6.4
      vertex 3.64739 54.4063 6.4
    endloop
  endfacet
  facet normal 0 0 1
    outer loop
      vertex 3.4 55.65 6.4
      vertex 5.5 55.65 6.4
      vertex 3.4278 56.0742 6.4
    endloop
  endfacet
  facet normal 0 0 1
    outer loop
      vertex 5.50984 55.4999 6.4
      vertex 3.4278 55.2258 6.4
      vertex 3.51074 54.8088 6.4
    endloop
  endfacet
  facet normal 0 0 1
    outer loop
      vertex 5.5 55.65 6.4
      vertex 3.4 55.65 6.4
      vertex 3.4278 55.2258 6.4
    endloop
  endfacet
  facet normal -0.980772 -0.195157 0
    outer loop
      vertex 7.79016 55.8001 2.4
      vertex 7.76081 55.9476 6.4
      vertex 7.76081 55.9476 2.4
    endloop
  endfacet
  facet normal -0.980772 -0.195157 0
    outer loop
      vertex 7.76081 55.9476 6.4
      vertex 7.79016 55.8001 2.4
      vertex 7.79016 55.8001 6.4
    endloop
  endfacet
  facet normal -0.997858 -0.0654159 0
    outer loop
      vertex 7.8 55.65 2.4
      vertex 7.79016 55.8001 6.4
      vertex 7.79016 55.8001 2.4
    endloop
  endfacet
  facet normal -0.997858 -0.0654159 0
    outer loop
      vertex 7.79016 55.8001 6.4
      vertex 7.8 55.65 2.4
      vertex 7.8 55.65 6.4
    endloop
  endfacet
  facet normal 0.442662 -0.896689 0
    outer loop
      vertex 6.075 56.6459 2.4
      vertex 6.20991 56.7125 6.4
      vertex 6.075 56.6459 6.4
    endloop
  endfacet
  facet normal 0.442662 -0.896689 0
    outer loop
      vertex 6.20991 56.7125 6.4
      vertex 6.075 56.6459 2.4
      vertex 6.20991 56.7125 2.4
    endloop
  endfacet
  facet normal 0.751827 0.659361 0
    outer loop
      vertex 5.83683 54.8368 6.4
      vertex 5.73764 54.9499 2.4
      vertex 5.73764 54.9499 6.4
    endloop
  endfacet
  facet normal 0.751827 0.659361 0
    outer loop
      vertex 5.73764 54.9499 2.4
      vertex 5.83683 54.8368 6.4
      vertex 5.83683 54.8368 2.4
    endloop
  endfacet
  facet normal -0.659431 -0.751765 0
    outer loop
      vertex 7.35008 56.5624 2.4
      vertex 7.46317 56.4632 6.4
      vertex 7.35008 56.5624 6.4
    endloop
  endfacet
  facet normal -0.659431 -0.751765 -0
    outer loop
      vertex 7.46317 56.4632 6.4
      vertex 7.35008 56.5624 2.4
      vertex 7.46317 56.4632 2.4
    endloop
  endfacet
  facet normal 0.195426 0.980718 -0
    outer loop
      vertex 6.4999 54.5098 2.4
      vertex 6.35236 54.5392 6.4
      vertex 6.4999 54.5098 6.4
    endloop
  endfacet
  facet normal 0.195426 0.980718 0
    outer loop
      vertex 6.35236 54.5392 6.4
      vertex 6.4999 54.5098 2.4
      vertex 6.35236 54.5392 2.4
    endloop
  endfacet
  facet normal -0.442662 0.896689 0
    outer loop
      vertex 7.225 54.6541 2.4
      vertex 7.09009 54.5875 6.4
      vertex 7.225 54.6541 6.4
    endloop
  endfacet
  facet normal -0.442662 0.896689 0
    outer loop
      vertex 7.09009 54.5875 6.4
      vertex 7.225 54.6541 2.4
      vertex 7.09009 54.5875 2.4
    endloop
  endfacet
  facet normal -0.195426 0.980718 0
    outer loop
      vertex 6.94764 54.5392 2.4
      vertex 6.8001 54.5098 6.4
      vertex 6.94764 54.5392 6.4
    endloop
  endfacet
  facet normal -0.195426 0.980718 0
    outer loop
      vertex 6.8001 54.5098 6.4
      vertex 6.94764 54.5392 2.4
      vertex 6.8001 54.5098 2.4
    endloop
  endfacet
  facet normal -0.997858 0.0654159 0
    outer loop
      vertex 7.79016 55.4999 2.4
      vertex 7.8 55.65 6.4
      vertex 7.8 55.65 2.4
    endloop
  endfacet
  facet normal -0.997858 0.0654159 0
    outer loop
      vertex 7.8 55.65 6.4
      vertex 7.79016 55.4999 2.4
      vertex 7.79016 55.4999 6.4
    endloop
  endfacet
  facet normal 0.997858 -0.0654159 0
    outer loop
      vertex 5.5 55.65 6.4
      vertex 5.50984 55.8001 2.4
      vertex 5.50984 55.8001 6.4
    endloop
  endfacet
  facet normal 0.997858 -0.0654159 0
    outer loop
      vertex 5.50984 55.8001 2.4
      vertex 5.5 55.65 6.4
      vertex 5.5 55.65 2.4
    endloop
  endfacet
  facet normal -0.831528 -0.555482 0
    outer loop
      vertex 7.64593 56.225 2.4
      vertex 7.56236 56.3501 6.4
      vertex 7.56236 56.3501 2.4
    endloop
  endfacet
  facet normal -0.831528 -0.555482 0
    outer loop
      vertex 7.56236 56.3501 6.4
      vertex 7.64593 56.225 2.4
      vertex 7.64593 56.225 6.4
    endloop
  endfacet
  facet normal -0.89686 -0.442314 0
    outer loop
      vertex 7.71246 56.0901 2.4
      vertex 7.64593 56.225 6.4
      vertex 7.64593 56.225 2.4
    endloop
  endfacet
  facet normal -0.89686 -0.442314 0
    outer loop
      vertex 7.64593 56.225 6.4
      vertex 7.71246 56.0901 2.4
      vertex 7.71246 56.0901 6.4
    endloop
  endfacet
  facet normal 0.946975 0.321307 0
    outer loop
      vertex 5.58754 55.2099 6.4
      vertex 5.53919 55.3524 2.4
      vertex 5.53919 55.3524 6.4
    endloop
  endfacet
  facet normal 0.946975 0.321307 0
    outer loop
      vertex 5.53919 55.3524 2.4
      vertex 5.58754 55.2099 6.4
      vertex 5.58754 55.2099 2.4
    endloop
  endfacet
  facet normal 0.442662 0.896689 -0
    outer loop
      vertex 6.20991 54.5875 2.4
      vertex 6.075 54.6541 6.4
      vertex 6.20991 54.5875 6.4
    endloop
  endfacet
  facet normal 0.442662 0.896689 0
    outer loop
      vertex 6.075 54.6541 6.4
      vertex 6.20991 54.5875 2.4
      vertex 6.075 54.6541 2.4
    endloop
  endfacet
  facet normal -0.751827 0.659361 0
    outer loop
      vertex 7.46317 54.8368 2.4
      vertex 7.56236 54.9499 6.4
      vertex 7.56236 54.9499 2.4
    endloop
  endfacet
  facet normal -0.751827 0.659361 0
    outer loop
      vertex 7.56236 54.9499 6.4
      vertex 7.46317 54.8368 2.4
      vertex 7.46317 54.8368 6.4
    endloop
  endfacet
  facet normal 0.0651511 -0.997875 0
    outer loop
      vertex 6.4999 56.7902 2.4
      vertex 6.65 56.8 6.4
      vertex 6.4999 56.7902 6.4
    endloop
  endfacet
  facet normal 0.0651511 -0.997875 0
    outer loop
      vertex 6.65 56.8 6.4
      vertex 6.4999 56.7902 2.4
      vertex 6.65 56.8 2.4
    endloop
  endfacet
  facet normal -0.980772 0.195157 0
    outer loop
      vertex 7.76081 55.3524 2.4
      vertex 7.79016 55.4999 6.4
      vertex 7.79016 55.4999 2.4
    endloop
  endfacet
  facet normal -0.980772 0.195157 0
    outer loop
      vertex 7.79016 55.4999 6.4
      vertex 7.76081 55.3524 2.4
      vertex 7.76081 55.3524 6.4
    endloop
  endfacet
  facet normal 0.89686 0.442314 0
    outer loop
      vertex 5.65407 55.075 6.4
      vertex 5.58754 55.2099 2.4
      vertex 5.58754 55.2099 6.4
    endloop
  endfacet
  facet normal 0.89686 0.442314 0
    outer loop
      vertex 5.58754 55.2099 2.4
      vertex 5.65407 55.075 6.4
      vertex 5.65407 55.075 2.4
    endloop
  endfacet
  facet normal 0.831528 -0.555482 0
    outer loop
      vertex 5.65407 56.225 6.4
      vertex 5.73764 56.3501 2.4
      vertex 5.73764 56.3501 6.4
    endloop
  endfacet
  facet normal 0.831528 -0.555482 0
    outer loop
      vertex 5.73764 56.3501 2.4
      vertex 5.65407 56.225 6.4
      vertex 5.65407 56.225 2.4
    endloop
  endfacet
  facet normal 0.659431 -0.751765 0
    outer loop
      vertex 5.83683 56.4632 2.4
      vertex 5.94992 56.5624 6.4
      vertex 5.83683 56.4632 6.4
    endloop
  endfacet
  facet normal 0.659431 -0.751765 0
    outer loop
      vertex 5.94992 56.5624 6.4
      vertex 5.83683 56.4632 2.4
      vertex 5.94992 56.5624 2.4
    endloop
  endfacet
  facet normal 0.555222 -0.831702 0
    outer loop
      vertex 5.94992 56.5624 2.4
      vertex 6.075 56.6459 6.4
      vertex 5.94992 56.5624 6.4
    endloop
  endfacet
  facet normal 0.555222 -0.831702 0
    outer loop
      vertex 6.075 56.6459 6.4
      vertex 5.94992 56.5624 2.4
      vertex 6.075 56.6459 2.4
    endloop
  endfacet
  facet normal -0.32111 0.947042 0
    outer loop
      vertex 7.09009 54.5875 2.4
      vertex 6.94764 54.5392 6.4
      vertex 7.09009 54.5875 6.4
    endloop
  endfacet
  facet normal -0.32111 0.947042 0
    outer loop
      vertex 6.94764 54.5392 6.4
      vertex 7.09009 54.5875 2.4
      vertex 6.94764 54.5392 2.4
    endloop
  endfacet
  facet normal 0.32111 -0.947042 0
    outer loop
      vertex 6.20991 56.7125 2.4
      vertex 6.35236 56.7608 6.4
      vertex 6.20991 56.7125 6.4
    endloop
  endfacet
  facet normal 0.32111 -0.947042 0
    outer loop
      vertex 6.35236 56.7608 6.4
      vertex 6.20991 56.7125 2.4
      vertex 6.35236 56.7608 2.4
    endloop
  endfacet
  facet normal 0.659431 0.751765 -0
    outer loop
      vertex 5.94992 54.7376 2.4
      vertex 5.83683 54.8368 6.4
      vertex 5.94992 54.7376 6.4
    endloop
  endfacet
  facet normal 0.659431 0.751765 0
    outer loop
      vertex 5.83683 54.8368 6.4
      vertex 5.94992 54.7376 2.4
      vertex 5.83683 54.8368 2.4
    endloop
  endfacet
  facet normal -0.659431 0.751765 0
    outer loop
      vertex 7.46317 54.8368 2.4
      vertex 7.35008 54.7376 6.4
      vertex 7.46317 54.8368 6.4
    endloop
  endfacet
  facet normal -0.659431 0.751765 0
    outer loop
      vertex 7.35008 54.7376 6.4
      vertex 7.46317 54.8368 2.4
      vertex 7.35008 54.7376 2.4
    endloop
  endfacet
  facet normal -0.0651511 0.997875 0
    outer loop
      vertex 6.8001 54.5098 2.4
      vertex 6.65 54.5 6.4
      vertex 6.8001 54.5098 6.4
    endloop
  endfacet
  facet normal -0.0651511 0.997875 0
    outer loop
      vertex 6.65 54.5 6.4
      vertex 6.8001 54.5098 2.4
      vertex 6.65 54.5 2.4
    endloop
  endfacet
  facet normal -0.555222 -0.831702 0
    outer loop
      vertex 7.225 56.6459 2.4
      vertex 7.35008 56.5624 6.4
      vertex 7.225 56.6459 6.4
    endloop
  endfacet
  facet normal -0.555222 -0.831702 -0
    outer loop
      vertex 7.35008 56.5624 6.4
      vertex 7.225 56.6459 2.4
      vertex 7.35008 56.5624 2.4
    endloop
  endfacet
  facet normal -0.555222 0.831702 0
    outer loop
      vertex 7.35008 54.7376 2.4
      vertex 7.225 54.6541 6.4
      vertex 7.35008 54.7376 6.4
    endloop
  endfacet
  facet normal -0.555222 0.831702 0
    outer loop
      vertex 7.225 54.6541 6.4
      vertex 7.35008 54.7376 2.4
      vertex 7.225 54.6541 2.4
    endloop
  endfacet
  facet normal 0.195426 -0.980718 0
    outer loop
      vertex 6.35236 56.7608 2.4
      vertex 6.4999 56.7902 6.4
      vertex 6.35236 56.7608 6.4
    endloop
  endfacet
  facet normal 0.195426 -0.980718 0
    outer loop
      vertex 6.4999 56.7902 6.4
      vertex 6.35236 56.7608 2.4
      vertex 6.4999 56.7902 2.4
    endloop
  endfacet
  facet normal -0.442662 -0.896689 0
    outer loop
      vertex 7.09009 56.7125 2.4
      vertex 7.225 56.6459 6.4
      vertex 7.09009 56.7125 6.4
    endloop
  endfacet
  facet normal -0.442662 -0.896689 -0
    outer loop
      vertex 7.225 56.6459 6.4
      vertex 7.09009 56.7125 2.4
      vertex 7.225 56.6459 2.4
    endloop
  endfacet
  facet normal 0.980772 0.195157 0
    outer loop
      vertex 5.53919 55.3524 6.4
      vertex 5.50984 55.4999 2.4
      vertex 5.50984 55.4999 6.4
    endloop
  endfacet
  facet normal 0.980772 0.195157 0
    outer loop
      vertex 5.50984 55.4999 2.4
      vertex 5.53919 55.3524 6.4
      vertex 5.53919 55.3524 2.4
    endloop
  endfacet
  facet normal 0.946975 -0.321307 0
    outer loop
      vertex 5.53919 55.9476 6.4
      vertex 5.58754 56.0901 2.4
      vertex 5.58754 56.0901 6.4
    endloop
  endfacet
  facet normal 0.946975 -0.321307 0
    outer loop
      vertex 5.58754 56.0901 2.4
      vertex 5.53919 55.9476 6.4
      vertex 5.53919 55.9476 2.4
    endloop
  endfacet
  facet normal -0.32111 -0.947042 0
    outer loop
      vertex 6.94764 56.7608 2.4
      vertex 7.09009 56.7125 6.4
      vertex 6.94764 56.7608 6.4
    endloop
  endfacet
  facet normal -0.32111 -0.947042 -0
    outer loop
      vertex 7.09009 56.7125 6.4
      vertex 6.94764 56.7608 2.4
      vertex 7.09009 56.7125 2.4
    endloop
  endfacet
  facet normal 0.89686 -0.442314 0
    outer loop
      vertex 5.58754 56.0901 6.4
      vertex 5.65407 56.225 2.4
      vertex 5.65407 56.225 6.4
    endloop
  endfacet
  facet normal 0.89686 -0.442314 0
    outer loop
      vertex 5.65407 56.225 2.4
      vertex 5.58754 56.0901 6.4
      vertex 5.58754 56.0901 2.4
    endloop
  endfacet
  facet normal -0.831528 0.555482 0
    outer loop
      vertex 7.56236 54.9499 2.4
      vertex 7.64593 55.075 6.4
      vertex 7.64593 55.075 2.4
    endloop
  endfacet
  facet normal -0.831528 0.555482 0
    outer loop
      vertex 7.64593 55.075 6.4
      vertex 7.56236 54.9499 2.4
      vertex 7.56236 54.9499 6.4
    endloop
  endfacet
  facet normal -0.946975 0.321307 0
    outer loop
      vertex 7.71246 55.2099 2.4
      vertex 7.76081 55.3524 6.4
      vertex 7.76081 55.3524 2.4
    endloop
  endfacet
  facet normal -0.946975 0.321307 0
    outer loop
      vertex 7.76081 55.3524 6.4
      vertex 7.71246 55.2099 2.4
      vertex 7.71246 55.2099 6.4
    endloop
  endfacet
  facet normal -0.195426 -0.980718 0
    outer loop
      vertex 6.8001 56.7902 2.4
      vertex 6.94764 56.7608 6.4
      vertex 6.8001 56.7902 6.4
    endloop
  endfacet
  facet normal -0.195426 -0.980718 -0
    outer loop
      vertex 6.94764 56.7608 6.4
      vertex 6.8001 56.7902 2.4
      vertex 6.94764 56.7608 2.4
    endloop
  endfacet
  facet normal 0.997858 0.0654159 0
    outer loop
      vertex 5.50984 55.4999 6.4
      vertex 5.5 55.65 2.4
      vertex 5.5 55.65 6.4
    endloop
  endfacet
  facet normal 0.997858 0.0654159 0
    outer loop
      vertex 5.5 55.65 2.4
      vertex 5.50984 55.4999 6.4
      vertex 5.50984 55.4999 2.4
    endloop
  endfacet
  facet normal 0.751827 -0.659361 0
    outer loop
      vertex 5.73764 56.3501 6.4
      vertex 5.83683 56.4632 2.4
      vertex 5.83683 56.4632 6.4
    endloop
  endfacet
  facet normal 0.751827 -0.659361 0
    outer loop
      vertex 5.83683 56.4632 2.4
      vertex 5.73764 56.3501 6.4
      vertex 5.73764 56.3501 2.4
    endloop
  endfacet
  facet normal -0.751827 -0.659361 0
    outer loop
      vertex 7.56236 56.3501 2.4
      vertex 7.46317 56.4632 6.4
      vertex 7.46317 56.4632 2.4
    endloop
  endfacet
  facet normal -0.751827 -0.659361 0
    outer loop
      vertex 7.46317 56.4632 6.4
      vertex 7.56236 56.3501 2.4
      vertex 7.56236 56.3501 6.4
    endloop
  endfacet
  facet normal -0.946975 -0.321307 0
    outer loop
      vertex 7.76081 55.9476 2.4
      vertex 7.71246 56.0901 6.4
      vertex 7.71246 56.0901 2.4
    endloop
  endfacet
  facet normal -0.946975 -0.321307 0
    outer loop
      vertex 7.71246 56.0901 6.4
      vertex 7.76081 55.9476 2.4
      vertex 7.76081 55.9476 6.4
    endloop
  endfacet
  facet normal 0.831528 0.555482 0
    outer loop
      vertex 5.73764 54.9499 6.4
      vertex 5.65407 55.075 2.4
      vertex 5.65407 55.075 6.4
    endloop
  endfacet
  facet normal 0.831528 0.555482 0
    outer loop
      vertex 5.65407 55.075 2.4
      vertex 5.73764 54.9499 6.4
      vertex 5.73764 54.9499 2.4
    endloop
  endfacet
  facet normal 0.0651511 0.997875 -0
    outer loop
      vertex 6.65 54.5 2.4
      vertex 6.4999 54.5098 6.4
      vertex 6.65 54.5 6.4
    endloop
  endfacet
  facet normal 0.0651511 0.997875 0
    outer loop
      vertex 6.4999 54.5098 6.4
      vertex 6.65 54.5 2.4
      vertex 6.4999 54.5098 2.4
    endloop
  endfacet
  facet normal -0.0651511 -0.997875 0
    outer loop
      vertex 6.65 56.8 2.4
      vertex 6.8001 56.7902 6.4
      vertex 6.65 56.8 6.4
    endloop
  endfacet
  facet normal -0.0651511 -0.997875 -0
    outer loop
      vertex 6.8001 56.7902 6.4
      vertex 6.65 56.8 2.4
      vertex 6.8001 56.7902 2.4
    endloop
  endfacet
  facet normal 0.32111 0.947042 -0
    outer loop
      vertex 6.35236 54.5392 2.4
      vertex 6.20991 54.5875 6.4
      vertex 6.35236 54.5392 6.4
    endloop
  endfacet
  facet normal 0.32111 0.947042 0
    outer loop
      vertex 6.20991 54.5875 6.4
      vertex 6.35236 54.5392 2.4
      vertex 6.20991 54.5875 2.4
    endloop
  endfacet
  facet normal 0.980772 -0.195157 0
    outer loop
      vertex 5.50984 55.8001 6.4
      vertex 5.53919 55.9476 2.4
      vertex 5.53919 55.9476 6.4
    endloop
  endfacet
  facet normal 0.980772 -0.195157 0
    outer loop
      vertex 5.53919 55.9476 2.4
      vertex 5.50984 55.8001 6.4
      vertex 5.50984 55.8001 2.4
    endloop
  endfacet
  facet normal 0.555222 0.831702 -0
    outer loop
      vertex 6.075 54.6541 2.4
      vertex 5.94992 54.7376 6.4
      vertex 6.075 54.6541 6.4
    endloop
  endfacet
  facet normal 0.555222 0.831702 0
    outer loop
      vertex 5.94992 54.7376 6.4
      vertex 6.075 54.6541 2.4
      vertex 5.94992 54.7376 2.4
    endloop
  endfacet
  facet normal -0.89686 0.442314 0
    outer loop
      vertex 7.64593 55.075 2.4
      vertex 7.71246 55.2099 6.4
      vertex 7.71246 55.2099 2.4
    endloop
  endfacet
  facet normal -0.89686 0.442314 0
    outer loop
      vertex 7.71246 55.2099 6.4
      vertex 7.64593 55.075 2.4
      vertex 7.64593 55.075 6.4
    endloop
  endfacet
  facet normal 0.980802 0.195008 0
    outer loop
      vertex 67.8722 7.07421 6.4
      vertex 67.7893 7.49116 2.4
      vertex 67.7893 7.49116 6.4
    endloop
  endfacet
  facet normal 0.980802 0.195008 0
    outer loop
      vertex 67.7893 7.49116 2.4
      vertex 67.8722 7.07421 6.4
      vertex 67.8722 7.07421 2.4
    endloop
  endfacet
  facet normal 0.99786 0.0653933 0
    outer loop
      vertex 67.9 6.65 6.4
      vertex 67.8722 7.07421 2.4
      vertex 67.8722 7.07421 6.4
    endloop
  endfacet
  facet normal 0.99786 0.0653933 0
    outer loop
      vertex 67.8722 7.07421 2.4
      vertex 67.9 6.65 6.4
      vertex 67.9 6.65 2.4
    endloop
  endfacet
  facet normal 0.946895 0.321543 0
    outer loop
      vertex 67.7893 7.49116 6.4
      vertex 67.6526 7.89372 2.4
      vertex 67.6526 7.89372 6.4
    endloop
  endfacet
  facet normal 0.946895 0.321543 0
    outer loop
      vertex 67.6526 7.89372 2.4
      vertex 67.7893 7.49116 6.4
      vertex 67.7893 7.49116 2.4
    endloop
  endfacet
  facet normal 0.896897 0.442239 0
    outer loop
      vertex 67.6526 7.89372 6.4
      vertex 67.4646 8.275 2.4
      vertex 67.4646 8.275 6.4
    endloop
  endfacet
  facet normal 0.896897 0.442239 0
    outer loop
      vertex 67.4646 8.275 2.4
      vertex 67.6526 7.89372 6.4
      vertex 67.6526 7.89372 2.4
    endloop
  endfacet
  facet normal 0.831449 0.555601 0
    outer loop
      vertex 67.4646 8.275 6.4
      vertex 67.2284 8.62847 2.4
      vertex 67.2284 8.62847 6.4
    endloop
  endfacet
  facet normal 0.831449 0.555601 0
    outer loop
      vertex 67.2284 8.62847 2.4
      vertex 67.4646 8.275 6.4
      vertex 67.4646 8.275 2.4
    endloop
  endfacet
  facet normal -0.442277 0.896879 0
    outer loop
      vertex 63.4063 9.65261 2.4
      vertex 63.025 9.46458 6.4
      vertex 63.4063 9.65261 6.4
    endloop
  endfacet
  facet normal -0.442277 0.896879 0
    outer loop
      vertex 63.025 9.46458 6.4
      vertex 63.4063 9.65261 2.4
      vertex 63.025 9.46458 2.4
    endloop
  endfacet
  facet normal 0.65937 0.751818 -0
    outer loop
      vertex 66.9481 8.9481 2.4
      vertex 66.6285 9.2284 6.4
      vertex 66.9481 8.9481 6.4
    endloop
  endfacet
  facet normal 0.65937 0.751818 0
    outer loop
      vertex 66.6285 9.2284 6.4
      vertex 66.9481 8.9481 2.4
      vertex 66.6285 9.2284 2.4
    endloop
  endfacet
  facet normal -0.0653948 0.997859 0
    outer loop
      vertex 64.65 9.9 2.4
      vertex 64.2258 9.8722 6.4
      vertex 64.65 9.9 6.4
    endloop
  endfacet
  facet normal -0.0653948 0.997859 0
    outer loop
      vertex 64.2258 9.8722 6.4
      vertex 64.65 9.9 2.4
      vertex 64.2258 9.8722 2.4
    endloop
  endfacet
  facet normal 0.0653948 -0.997859 0
    outer loop
      vertex 64.65 3.4 2.4
      vertex 65.0742 3.4278 6.4
      vertex 64.65 3.4 6.4
    endloop
  endfacet
  facet normal 0.0653948 -0.997859 0
    outer loop
      vertex 65.0742 3.4278 6.4
      vertex 64.65 3.4 2.4
      vertex 65.0742 3.4278 2.4
    endloop
  endfacet
  facet normal 0.442277 0.896879 -0
    outer loop
      vertex 66.275 9.46458 2.4
      vertex 65.8937 9.65261 6.4
      vertex 66.275 9.46458 6.4
    endloop
  endfacet
  facet normal 0.442277 0.896879 0
    outer loop
      vertex 65.8937 9.65261 6.4
      vertex 66.275 9.46458 2.4
      vertex 65.8937 9.65261 2.4
    endloop
  endfacet
  facet normal 0 0 -1
    outer loop
      vertex 65.8 6.65 2.4
      vertex 67.9 6.65 2.4
      vertex 67.8722 6.22579 2.4
    endloop
  endfacet
  facet normal 0 0 -1
    outer loop
      vertex 65.7902 6.4999 2.4
      vertex 67.8722 6.22579 2.4
      vertex 67.7893 5.80884 2.4
    endloop
  endfacet
  facet normal 0 0 -1
    outer loop
      vertex 67.9 6.65 2.4
      vertex 65.8 6.65 2.4
      vertex 67.8722 7.07421 2.4
    endloop
  endfacet
  facet normal 0 0 -1
    outer loop
      vertex 65.7608 6.35236 2.4
      vertex 67.7893 5.80884 2.4
      vertex 67.6526 5.40628 2.4
    endloop
  endfacet
  facet normal 0 0 -1
    outer loop
      vertex 65.7902 6.8001 2.4
      vertex 67.8722 7.07421 2.4
      vertex 65.8 6.65 2.4
    endloop
  endfacet
  facet normal 0 0 -1
    outer loop
      vertex 65.7125 6.20991 2.4
      vertex 67.6526 5.40628 2.4
      vertex 67.4646 5.025 2.4
    endloop
  endfacet
  facet normal -0 0 -1
    outer loop
      vertex 67.8722 7.07421 2.4
      vertex 65.7902 6.8001 2.4
      vertex 67.7893 7.49116 2.4
    endloop
  endfacet
  facet normal 0 0 -1
    outer loop
      vertex 65.6459 6.075 2.4
      vertex 67.4646 5.025 2.4
      vertex 67.2284 4.67153 2.4
    endloop
  endfacet
  facet normal 0 0 -1
    outer loop
      vertex 65.7608 6.94764 2.4
      vertex 67.7893 7.49116 2.4
      vertex 65.7902 6.8001 2.4
    endloop
  endfacet
  facet normal 0 0 -1
    outer loop
      vertex 65.5624 5.94992 2.4
      vertex 67.2284 4.67153 2.4
      vertex 66.9481 4.3519 2.4
    endloop
  endfacet
  facet normal -0 0 -1
    outer loop
      vertex 67.7893 7.49116 2.4
      vertex 65.7608 6.94764 2.4
      vertex 67.6526 7.89372 2.4
    endloop
  endfacet
  facet normal 0 0 -1
    outer loop
      vertex 65.4632 5.83683 2.4
      vertex 66.9481 4.3519 2.4
      vertex 66.6285 4.0716 2.4
    endloop
  endfacet
  facet normal 0 0 -1
    outer loop
      vertex 65.7125 7.09009 2.4
      vertex 67.6526 7.89372 2.4
      vertex 65.7608 6.94764 2.4
    endloop
  endfacet
  facet normal 0 0 -1
    outer loop
      vertex 65.3501 5.73764 2.4
      vertex 66.6285 4.0716 2.4
      vertex 66.275 3.83542 2.4
    endloop
  endfacet
  facet normal -0 0 -1
    outer loop
      vertex 67.6526 7.89372 2.4
      vertex 65.7125 7.09009 2.4
      vertex 67.4646 8.275 2.4
    endloop
  endfacet
  facet normal 0 0 -1
    outer loop
      vertex 65.225 5.65407 2.4
      vertex 66.275 3.83542 2.4
      vertex 65.8937 3.64739 2.4
    endloop
  endfacet
  facet normal 0 0 -1
    outer loop
      vertex 65.6459 7.225 2.4
      vertex 67.4646 8.275 2.4
      vertex 65.7125 7.09009 2.4
    endloop
  endfacet
  facet normal -0 0 -1
    outer loop
      vertex 67.4646 8.275 2.4
      vertex 65.6459 7.225 2.4
      vertex 67.2284 8.62847 2.4
    endloop
  endfacet
  facet normal 0 0 -1
    outer loop
      vertex 67.8722 6.22579 2.4
      vertex 65.7902 6.4999 2.4
      vertex 65.8 6.65 2.4
    endloop
  endfacet
  facet normal 0 0 -1
    outer loop
      vertex 67.7893 5.80884 2.4
      vertex 65.7608 6.35236 2.4
      vertex 65.7902 6.4999 2.4
    endloop
  endfacet
  facet normal 0 0 -1
    outer loop
      vertex 67.6526 5.40628 2.4
      vertex 65.7125 6.20991 2.4
      vertex 65.7608 6.35236 2.4
    endloop
  endfacet
  facet normal 0 0 -1
    outer loop
      vertex 67.4646 5.025 2.4
      vertex 65.6459 6.075 2.4
      vertex 65.7125 6.20991 2.4
    endloop
  endfacet
  facet normal 0 0 -1
    outer loop
      vertex 67.2284 4.67153 2.4
      vertex 65.5624 5.94992 2.4
      vertex 65.6459 6.075 2.4
    endloop
  endfacet
  facet normal 0 0 -1
    outer loop
      vertex 65.0901 5.58754 2.4
      vertex 65.8937 3.64739 2.4
      vertex 65.4912 3.51074 2.4
    endloop
  endfacet
  facet normal 0 0 -1
    outer loop
      vertex 66.9481 4.3519 2.4
      vertex 65.4632 5.83683 2.4
      vertex 65.5624 5.94992 2.4
    endloop
  endfacet
  facet normal 0 0 -1
    outer loop
      vertex 66.6285 4.0716 2.4
      vertex 65.3501 5.73764 2.4
      vertex 65.4632 5.83683 2.4
    endloop
  endfacet
  facet normal 0 0 -1
    outer loop
      vertex 66.275 3.83542 2.4
      vertex 65.225 5.65407 2.4
      vertex 65.3501 5.73764 2.4
    endloop
  endfacet
  facet normal 0 0 -1
    outer loop
      vertex 65.8937 3.64739 2.4
      vertex 65.0901 5.58754 2.4
      vertex 65.225 5.65407 2.4
    endloop
  endfacet
  facet normal 0 0 -1
    outer loop
      vertex 64.9476 5.53919 2.4
      vertex 65.4912 3.51074 2.4
      vertex 65.0742 3.4278 2.4
    endloop
  endfacet
  facet normal 0 0 -1
    outer loop
      vertex 65.4912 3.51074 2.4
      vertex 64.9476 5.53919 2.4
      vertex 65.0901 5.58754 2.4
    endloop
  endfacet
  facet normal 0 0 -1
    outer loop
      vertex 65.0742 3.4278 2.4
      vertex 64.8001 5.50984 2.4
      vertex 64.9476 5.53919 2.4
    endloop
  endfacet
  facet normal 0 0 -1
    outer loop
      vertex 64.65 3.4 2.4
      vertex 64.8001 5.50984 2.4
      vertex 65.0742 3.4278 2.4
    endloop
  endfacet
  facet normal 0 0 -1
    outer loop
      vertex 64.65 3.4 2.4
      vertex 64.65 5.5 2.4
      vertex 64.8001 5.50984 2.4
    endloop
  endfacet
  facet normal 0 0 -1
    outer loop
      vertex 64.65 3.4 2.4
      vertex 64.4999 5.50984 2.4
      vertex 64.65 5.5 2.4
    endloop
  endfacet
  facet normal 0 0 -1
    outer loop
      vertex 64.2258 3.4278 2.4
      vertex 64.4999 5.50984 2.4
      vertex 64.65 3.4 2.4
    endloop
  endfacet
  facet normal -0 0 -1
    outer loop
      vertex 64.4999 5.50984 2.4
      vertex 64.2258 3.4278 2.4
      vertex 64.3524 5.53919 2.4
    endloop
  endfacet
  facet normal 0 0 -1
    outer loop
      vertex 63.8088 3.51074 2.4
      vertex 64.3524 5.53919 2.4
      vertex 64.2258 3.4278 2.4
    endloop
  endfacet
  facet normal -0 0 -1
    outer loop
      vertex 64.3524 5.53919 2.4
      vertex 63.8088 3.51074 2.4
      vertex 64.2099 5.58754 2.4
    endloop
  endfacet
  facet normal 0 0 -1
    outer loop
      vertex 63.4063 3.64739 2.4
      vertex 64.2099 5.58754 2.4
      vertex 63.8088 3.51074 2.4
    endloop
  endfacet
  facet normal -0 0 -1
    outer loop
      vertex 64.2099 5.58754 2.4
      vertex 63.4063 3.64739 2.4
      vertex 64.075 5.65407 2.4
    endloop
  endfacet
  facet normal 0 0 -1
    outer loop
      vertex 63.025 3.83542 2.4
      vertex 64.075 5.65407 2.4
      vertex 63.4063 3.64739 2.4
    endloop
  endfacet
  facet normal -0 0 -1
    outer loop
      vertex 64.075 5.65407 2.4
      vertex 63.025 3.83542 2.4
      vertex 63.9499 5.73764 2.4
    endloop
  endfacet
  facet normal 0 0 -1
    outer loop
      vertex 62.6715 4.0716 2.4
      vertex 63.9499 5.73764 2.4
      vertex 63.025 3.83542 2.4
    endloop
  endfacet
  facet normal -0 0 -1
    outer loop
      vertex 63.9499 5.73764 2.4
      vertex 62.6715 4.0716 2.4
      vertex 63.8368 5.83683 2.4
    endloop
  endfacet
  facet normal 0 0 -1
    outer loop
      vertex 62.3519 4.3519 2.4
      vertex 63.8368 5.83683 2.4
      vertex 62.6715 4.0716 2.4
    endloop
  endfacet
  facet normal -0 0 -1
    outer loop
      vertex 63.8368 5.83683 2.4
      vertex 62.3519 4.3519 2.4
      vertex 63.7376 5.94992 2.4
    endloop
  endfacet
  facet normal -0 0 -1
    outer loop
      vertex 63.7376 5.94992 2.4
      vertex 62.0716 4.67153 2.4
      vertex 63.6541 6.075 2.4
    endloop
  endfacet
  facet normal 0 0 -1
    outer loop
      vertex 62.0716 4.67153 2.4
      vertex 63.7376 5.94992 2.4
      vertex 62.3519 4.3519 2.4
    endloop
  endfacet
  facet normal 0 0 -1
    outer loop
      vertex 65.5624 7.35008 2.4
      vertex 67.2284 8.62847 2.4
      vertex 65.6459 7.225 2.4
    endloop
  endfacet
  facet normal -0 0 -1
    outer loop
      vertex 67.2284 8.62847 2.4
      vertex 65.5624 7.35008 2.4
      vertex 66.9481 8.9481 2.4
    endloop
  endfacet
  facet normal 0 0 -1
    outer loop
      vertex 65.4632 7.46317 2.4
      vertex 66.9481 8.9481 2.4
      vertex 65.5624 7.35008 2.4
    endloop
  endfacet
  facet normal -0 0 -1
    outer loop
      vertex 66.9481 8.9481 2.4
      vertex 65.4632 7.46317 2.4
      vertex 66.6285 9.2284 2.4
    endloop
  endfacet
  facet normal 0 0 -1
    outer loop
      vertex 65.3501 7.56236 2.4
      vertex 66.6285 9.2284 2.4
      vertex 65.4632 7.46317 2.4
    endloop
  endfacet
  facet normal -0 0 -1
    outer loop
      vertex 66.6285 9.2284 2.4
      vertex 65.3501 7.56236 2.4
      vertex 66.275 9.46458 2.4
    endloop
  endfacet
  facet normal 0 0 -1
    outer loop
      vertex 65.225 7.64593 2.4
      vertex 66.275 9.46458 2.4
      vertex 65.3501 7.56236 2.4
    endloop
  endfacet
  facet normal -0 0 -1
    outer loop
      vertex 66.275 9.46458 2.4
      vertex 65.225 7.64593 2.4
      vertex 65.8937 9.65261 2.4
    endloop
  endfacet
  facet normal 0 0 -1
    outer loop
      vertex 65.0901 7.71246 2.4
      vertex 65.8937 9.65261 2.4
      vertex 65.225 7.64593 2.4
    endloop
  endfacet
  facet normal -0 0 -1
    outer loop
      vertex 65.8937 9.65261 2.4
      vertex 65.0901 7.71246 2.4
      vertex 65.4912 9.78926 2.4
    endloop
  endfacet
  facet normal 0 0 -1
    outer loop
      vertex 64.9476 7.76081 2.4
      vertex 65.4912 9.78926 2.4
      vertex 65.0901 7.71246 2.4
    endloop
  endfacet
  facet normal -0 0 -1
    outer loop
      vertex 65.4912 9.78926 2.4
      vertex 64.9476 7.76081 2.4
      vertex 65.0742 9.8722 2.4
    endloop
  endfacet
  facet normal 0 0 -1
    outer loop
      vertex 64.8001 7.79016 2.4
      vertex 65.0742 9.8722 2.4
      vertex 64.9476 7.76081 2.4
    endloop
  endfacet
  facet normal 0 0 -1
    outer loop
      vertex 64.65 7.8 2.4
      vertex 65.0742 9.8722 2.4
      vertex 64.8001 7.79016 2.4
    endloop
  endfacet
  facet normal 0 0 -1
    outer loop
      vertex 64.65 7.8 2.4
      vertex 64.65 9.9 2.4
      vertex 65.0742 9.8722 2.4
    endloop
  endfacet
  facet normal 0 0 -1
    outer loop
      vertex 64.4999 7.79016 2.4
      vertex 64.65 9.9 2.4
      vertex 64.65 7.8 2.4
    endloop
  endfacet
  facet normal 0 0 -1
    outer loop
      vertex 64.2258 9.8722 2.4
      vertex 64.4999 7.79016 2.4
      vertex 64.3524 7.76081 2.4
    endloop
  endfacet
  facet normal 0 0 -1
    outer loop
      vertex 64.4999 7.79016 2.4
      vertex 64.2258 9.8722 2.4
      vertex 64.65 9.9 2.4
    endloop
  endfacet
  facet normal 0 0 -1
    outer loop
      vertex 63.8088 9.78926 2.4
      vertex 64.3524 7.76081 2.4
      vertex 64.2099 7.71246 2.4
    endloop
  endfacet
  facet normal 0 0 -1
    outer loop
      vertex 63.4063 9.65261 2.4
      vertex 64.2099 7.71246 2.4
      vertex 64.075 7.64593 2.4
    endloop
  endfacet
  facet normal 0 0 -1
    outer loop
      vertex 63.025 9.46458 2.4
      vertex 64.075 7.64593 2.4
      vertex 63.9499 7.56236 2.4
    endloop
  endfacet
  facet normal 0 0 -1
    outer loop
      vertex 62.6715 9.2284 2.4
      vertex 63.9499 7.56236 2.4
      vertex 63.8368 7.46317 2.4
    endloop
  endfacet
  facet normal 0 0 -1
    outer loop
      vertex 64.3524 7.76081 2.4
      vertex 63.8088 9.78926 2.4
      vertex 64.2258 9.8722 2.4
    endloop
  endfacet
  facet normal 0 0 -1
    outer loop
      vertex 62.3519 8.9481 2.4
      vertex 63.8368 7.46317 2.4
      vertex 63.7376 7.35008 2.4
    endloop
  endfacet
  facet normal 0 0 -1
    outer loop
      vertex 62.0716 8.62847 2.4
      vertex 63.7376 7.35008 2.4
      vertex 63.6541 7.225 2.4
    endloop
  endfacet
  facet normal 0 0 -1
    outer loop
      vertex 61.8354 8.275 2.4
      vertex 63.6541 7.225 2.4
      vertex 63.5875 7.09009 2.4
    endloop
  endfacet
  facet normal 0 0 -1
    outer loop
      vertex 61.6474 7.89372 2.4
      vertex 63.5875 7.09009 2.4
      vertex 63.5392 6.94764 2.4
    endloop
  endfacet
  facet normal 0 0 -1
    outer loop
      vertex 61.5107 7.49116 2.4
      vertex 63.5392 6.94764 2.4
      vertex 63.5098 6.8001 2.4
    endloop
  endfacet
  facet normal 0 0 -1
    outer loop
      vertex 64.2099 7.71246 2.4
      vertex 63.4063 9.65261 2.4
      vertex 63.8088 9.78926 2.4
    endloop
  endfacet
  facet normal 0 0 -1
    outer loop
      vertex 61.4278 7.07421 2.4
      vertex 63.5098 6.8001 2.4
      vertex 63.5 6.65 2.4
    endloop
  endfacet
  facet normal 0 0 -1
    outer loop
      vertex 61.8354 5.025 2.4
      vertex 63.6541 6.075 2.4
      vertex 62.0716 4.67153 2.4
    endloop
  endfacet
  facet normal -0 0 -1
    outer loop
      vertex 63.6541 6.075 2.4
      vertex 61.8354 5.025 2.4
      vertex 63.5875 6.20991 2.4
    endloop
  endfacet
  facet normal 0 0 -1
    outer loop
      vertex 64.075 7.64593 2.4
      vertex 63.025 9.46458 2.4
      vertex 63.4063 9.65261 2.4
    endloop
  endfacet
  facet normal 0 0 -1
    outer loop
      vertex 61.6474 5.40628 2.4
      vertex 63.5875 6.20991 2.4
      vertex 61.8354 5.025 2.4
    endloop
  endfacet
  facet normal 0 0 -1
    outer loop
      vertex 63.9499 7.56236 2.4
      vertex 62.6715 9.2284 2.4
      vertex 63.025 9.46458 2.4
    endloop
  endfacet
  facet normal -0 0 -1
    outer loop
      vertex 63.5875 6.20991 2.4
      vertex 61.6474 5.40628 2.4
      vertex 63.5392 6.35236 2.4
    endloop
  endfacet
  facet normal 0 0 -1
    outer loop
      vertex 63.8368 7.46317 2.4
      vertex 62.3519 8.9481 2.4
      vertex 62.6715 9.2284 2.4
    endloop
  endfacet
  facet normal 0 0 -1
    outer loop
      vertex 61.5107 5.80884 2.4
      vertex 63.5392 6.35236 2.4
      vertex 61.6474 5.40628 2.4
    endloop
  endfacet
  facet normal 0 0 -1
    outer loop
      vertex 63.7376 7.35008 2.4
      vertex 62.0716 8.62847 2.4
      vertex 62.3519 8.9481 2.4
    endloop
  endfacet
  facet normal -0 0 -1
    outer loop
      vertex 63.5392 6.35236 2.4
      vertex 61.5107 5.80884 2.4
      vertex 63.5098 6.4999 2.4
    endloop
  endfacet
  facet normal 0 0 -1
    outer loop
      vertex 63.6541 7.225 2.4
      vertex 61.8354 8.275 2.4
      vertex 62.0716 8.62847 2.4
    endloop
  endfacet
  facet normal 0 0 -1
    outer loop
      vertex 61.4278 6.22579 2.4
      vertex 63.5098 6.4999 2.4
      vertex 61.5107 5.80884 2.4
    endloop
  endfacet
  facet normal 0 0 -1
    outer loop
      vertex 63.5875 7.09009 2.4
      vertex 61.6474 7.89372 2.4
      vertex 61.8354 8.275 2.4
    endloop
  endfacet
  facet normal -0 0 -1
    outer loop
      vertex 63.5098 6.4999 2.4
      vertex 61.4278 6.22579 2.4
      vertex 63.5 6.65 2.4
    endloop
  endfacet
  facet normal 0 0 -1
    outer loop
      vertex 63.5392 6.94764 2.4
      vertex 61.5107 7.49116 2.4
      vertex 61.6474 7.89372 2.4
    endloop
  endfacet
  facet normal 0 0 -1
    outer loop
      vertex 61.4 6.65 2.4
      vertex 63.5 6.65 2.4
      vertex 61.4278 6.22579 2.4
    endloop
  endfacet
  facet normal 0 0 -1
    outer loop
      vertex 63.5098 6.8001 2.4
      vertex 61.4278 7.07421 2.4
      vertex 61.5107 7.49116 2.4
    endloop
  endfacet
  facet normal 0 0 -1
    outer loop
      vertex 63.5 6.65 2.4
      vertex 61.4 6.65 2.4
      vertex 61.4278 7.07421 2.4
    endloop
  endfacet
  facet normal 0.751849 0.659335 0
    outer loop
      vertex 67.2284 8.62847 6.4
      vertex 66.9481 8.9481 2.4
      vertex 66.9481 8.9481 6.4
    endloop
  endfacet
  facet normal 0.751849 0.659335 0
    outer loop
      vertex 66.9481 8.9481 2.4
      vertex 67.2284 8.62847 6.4
      vertex 67.2284 8.62847 2.4
    endloop
  endfacet
  facet normal 0.980802 -0.195008 0
    outer loop
      vertex 67.7893 5.80884 6.4
      vertex 67.8722 6.22579 2.4
      vertex 67.8722 6.22579 6.4
    endloop
  endfacet
  facet normal 0.980802 -0.195008 0
    outer loop
      vertex 67.8722 6.22579 2.4
      vertex 67.7893 5.80884 6.4
      vertex 67.7893 5.80884 2.4
    endloop
  endfacet
  facet normal 0.555536 -0.831493 0
    outer loop
      vertex 66.275 3.83542 2.4
      vertex 66.6285 4.0716 6.4
      vertex 66.275 3.83542 6.4
    endloop
  endfacet
  facet normal 0.555536 -0.831493 0
    outer loop
      vertex 66.6285 4.0716 6.4
      vertex 66.275 3.83542 2.4
      vertex 66.6285 4.0716 2.4
    endloop
  endfacet
  facet normal -0.99786 0.0653933 0
    outer loop
      vertex 61.4 6.65 2.4
      vertex 61.4278 7.07421 6.4
      vertex 61.4278 7.07421 2.4
    endloop
  endfacet
  facet normal -0.99786 0.0653933 0
    outer loop
      vertex 61.4278 7.07421 6.4
      vertex 61.4 6.65 2.4
      vertex 61.4 6.65 6.4
    endloop
  endfacet
  facet normal -0.65937 0.751818 0
    outer loop
      vertex 62.6715 9.2284 2.4
      vertex 62.3519 8.9481 6.4
      vertex 62.6715 9.2284 6.4
    endloop
  endfacet
  facet normal -0.65937 0.751818 0
    outer loop
      vertex 62.3519 8.9481 6.4
      vertex 62.6715 9.2284 2.4
      vertex 62.3519 8.9481 2.4
    endloop
  endfacet
  facet normal -0.65937 -0.751818 0
    outer loop
      vertex 62.3519 4.3519 2.4
      vertex 62.6715 4.0716 6.4
      vertex 62.3519 4.3519 6.4
    endloop
  endfacet
  facet normal -0.65937 -0.751818 -0
    outer loop
      vertex 62.6715 4.0716 6.4
      vertex 62.3519 4.3519 2.4
      vertex 62.6715 4.0716 2.4
    endloop
  endfacet
  facet normal 0.831449 -0.555601 0
    outer loop
      vertex 67.2284 4.67153 6.4
      vertex 67.4646 5.025 2.4
      vertex 67.4646 5.025 6.4
    endloop
  endfacet
  facet normal 0.831449 -0.555601 0
    outer loop
      vertex 67.4646 5.025 2.4
      vertex 67.2284 4.67153 6.4
      vertex 67.2284 4.67153 2.4
    endloop
  endfacet
  facet normal -0.195076 -0.980788 0
    outer loop
      vertex 63.8088 3.51074 2.4
      vertex 64.2258 3.4278 6.4
      vertex 63.8088 3.51074 6.4
    endloop
  endfacet
  facet normal -0.195076 -0.980788 -0
    outer loop
      vertex 64.2258 3.4278 6.4
      vertex 63.8088 3.51074 2.4
      vertex 64.2258 3.4278 2.4
    endloop
  endfacet
  facet normal 0.751849 -0.659335 0
    outer loop
      vertex 66.9481 4.3519 6.4
      vertex 67.2284 4.67153 2.4
      vertex 67.2284 4.67153 6.4
    endloop
  endfacet
  facet normal 0.751849 -0.659335 0
    outer loop
      vertex 67.2284 4.67153 2.4
      vertex 66.9481 4.3519 6.4
      vertex 66.9481 4.3519 2.4
    endloop
  endfacet
  facet normal -0.980802 0.195008 0
    outer loop
      vertex 61.4278 7.07421 2.4
      vertex 61.5107 7.49116 6.4
      vertex 61.5107 7.49116 2.4
    endloop
  endfacet
  facet normal -0.980802 0.195008 0
    outer loop
      vertex 61.5107 7.49116 6.4
      vertex 61.4278 7.07421 2.4
      vertex 61.4278 7.07421 6.4
    endloop
  endfacet
  facet normal 0.946895 -0.321543 0
    outer loop
      vertex 67.6526 5.40628 6.4
      vertex 67.7893 5.80884 2.4
      vertex 67.7893 5.80884 6.4
    endloop
  endfacet
  facet normal 0.946895 -0.321543 0
    outer loop
      vertex 67.7893 5.80884 2.4
      vertex 67.6526 5.40628 6.4
      vertex 67.6526 5.40628 2.4
    endloop
  endfacet
  facet normal 0.555536 0.831493 -0
    outer loop
      vertex 66.6285 9.2284 2.4
      vertex 66.275 9.46458 6.4
      vertex 66.6285 9.2284 6.4
    endloop
  endfacet
  facet normal 0.555536 0.831493 0
    outer loop
      vertex 66.275 9.46458 6.4
      vertex 66.6285 9.2284 2.4
      vertex 66.275 9.46458 2.4
    endloop
  endfacet
  facet normal -0.321481 -0.946916 0
    outer loop
      vertex 63.4063 3.64739 2.4
      vertex 63.8088 3.51074 6.4
      vertex 63.4063 3.64739 6.4
    endloop
  endfacet
  facet normal -0.321481 -0.946916 -0
    outer loop
      vertex 63.8088 3.51074 6.4
      vertex 63.4063 3.64739 2.4
      vertex 63.8088 3.51074 2.4
    endloop
  endfacet
  facet normal -0.751849 0.659335 0
    outer loop
      vertex 62.0716 8.62847 2.4
      vertex 62.3519 8.9481 6.4
      vertex 62.3519 8.9481 2.4
    endloop
  endfacet
  facet normal -0.751849 0.659335 0
    outer loop
      vertex 62.3519 8.9481 6.4
      vertex 62.0716 8.62847 2.4
      vertex 62.0716 8.62847 6.4
    endloop
  endfacet
  facet normal 0.896897 -0.442239 0
    outer loop
      vertex 67.4646 5.025 6.4
      vertex 67.6526 5.40628 2.4
      vertex 67.6526 5.40628 6.4
    endloop
  endfacet
  facet normal 0.896897 -0.442239 0
    outer loop
      vertex 67.6526 5.40628 2.4
      vertex 67.4646 5.025 6.4
      vertex 67.4646 5.025 2.4
    endloop
  endfacet
  facet normal -0.99786 -0.0653933 0
    outer loop
      vertex 61.4278 6.22579 2.4
      vertex 61.4 6.65 6.4
      vertex 61.4 6.65 2.4
    endloop
  endfacet
  facet normal -0.99786 -0.0653933 0
    outer loop
      vertex 61.4 6.65 6.4
      vertex 61.4278 6.22579 2.4
      vertex 61.4278 6.22579 6.4
    endloop
  endfacet
  facet normal -0.751849 -0.659335 0
    outer loop
      vertex 62.3519 4.3519 2.4
      vertex 62.0716 4.67153 6.4
      vertex 62.0716 4.67153 2.4
    endloop
  endfacet
  facet normal -0.751849 -0.659335 0
    outer loop
      vertex 62.0716 4.67153 6.4
      vertex 62.3519 4.3519 2.4
      vertex 62.3519 4.3519 6.4
    endloop
  endfacet
  facet normal -0.321481 0.946916 0
    outer loop
      vertex 63.8088 9.78926 2.4
      vertex 63.4063 9.65261 6.4
      vertex 63.8088 9.78926 6.4
    endloop
  endfacet
  facet normal -0.321481 0.946916 0
    outer loop
      vertex 63.4063 9.65261 6.4
      vertex 63.8088 9.78926 2.4
      vertex 63.4063 9.65261 2.4
    endloop
  endfacet
  facet normal -0.946895 -0.321543 0
    outer loop
      vertex 61.6474 5.40628 2.4
      vertex 61.5107 5.80884 6.4
      vertex 61.5107 5.80884 2.4
    endloop
  endfacet
  facet normal -0.946895 -0.321543 0
    outer loop
      vertex 61.5107 5.80884 6.4
      vertex 61.6474 5.40628 2.4
      vertex 61.6474 5.40628 6.4
    endloop
  endfacet
  facet normal -0.896897 0.442239 0
    outer loop
      vertex 61.6474 7.89372 2.4
      vertex 61.8354 8.275 6.4
      vertex 61.8354 8.275 2.4
    endloop
  endfacet
  facet normal -0.896897 0.442239 0
    outer loop
      vertex 61.8354 8.275 6.4
      vertex 61.6474 7.89372 2.4
      vertex 61.6474 7.89372 6.4
    endloop
  endfacet
  facet normal 0.0653948 0.997859 -0
    outer loop
      vertex 65.0742 9.8722 2.4
      vertex 64.65 9.9 6.4
      vertex 65.0742 9.8722 6.4
    endloop
  endfacet
  facet normal 0.0653948 0.997859 0
    outer loop
      vertex 64.65 9.9 6.4
      vertex 65.0742 9.8722 2.4
      vertex 64.65 9.9 2.4
    endloop
  endfacet
  facet normal 0.99786 -0.0653933 0
    outer loop
      vertex 67.8722 6.22579 6.4
      vertex 67.9 6.65 2.4
      vertex 67.9 6.65 6.4
    endloop
  endfacet
  facet normal 0.99786 -0.0653933 0
    outer loop
      vertex 67.9 6.65 2.4
      vertex 67.8722 6.22579 6.4
      vertex 67.8722 6.22579 2.4
    endloop
  endfacet
  facet normal 0.321481 -0.946916 0
    outer loop
      vertex 65.4912 3.51074 2.4
      vertex 65.8937 3.64739 6.4
      vertex 65.4912 3.51074 6.4
    endloop
  endfacet
  facet normal 0.321481 -0.946916 0
    outer loop
      vertex 65.8937 3.64739 6.4
      vertex 65.4912 3.51074 2.4
      vertex 65.8937 3.64739 2.4
    endloop
  endfacet
  facet normal -0.195076 0.980788 0
    outer loop
      vertex 64.2258 9.8722 2.4
      vertex 63.8088 9.78926 6.4
      vertex 64.2258 9.8722 6.4
    endloop
  endfacet
  facet normal -0.195076 0.980788 0
    outer loop
      vertex 63.8088 9.78926 6.4
      vertex 64.2258 9.8722 2.4
      vertex 63.8088 9.78926 2.4
    endloop
  endfacet
  facet normal -0.555536 0.831493 0
    outer loop
      vertex 63.025 9.46458 2.4
      vertex 62.6715 9.2284 6.4
      vertex 63.025 9.46458 6.4
    endloop
  endfacet
  facet normal -0.555536 0.831493 0
    outer loop
      vertex 62.6715 9.2284 6.4
      vertex 63.025 9.46458 2.4
      vertex 62.6715 9.2284 2.4
    endloop
  endfacet
  facet normal -0.0653948 -0.997859 0
    outer loop
      vertex 64.2258 3.4278 2.4
      vertex 64.65 3.4 6.4
      vertex 64.2258 3.4278 6.4
    endloop
  endfacet
  facet normal -0.0653948 -0.997859 -0
    outer loop
      vertex 64.65 3.4 6.4
      vertex 64.2258 3.4278 2.4
      vertex 64.65 3.4 2.4
    endloop
  endfacet
  facet normal -0.946895 0.321543 0
    outer loop
      vertex 61.5107 7.49116 2.4
      vertex 61.6474 7.89372 6.4
      vertex 61.6474 7.89372 2.4
    endloop
  endfacet
  facet normal -0.946895 0.321543 0
    outer loop
      vertex 61.6474 7.89372 6.4
      vertex 61.5107 7.49116 2.4
      vertex 61.5107 7.49116 6.4
    endloop
  endfacet
  facet normal -0.980802 -0.195008 0
    outer loop
      vertex 61.5107 5.80884 2.4
      vertex 61.4278 6.22579 6.4
      vertex 61.4278 6.22579 2.4
    endloop
  endfacet
  facet normal -0.980802 -0.195008 0
    outer loop
      vertex 61.4278 6.22579 6.4
      vertex 61.5107 5.80884 2.4
      vertex 61.5107 5.80884 6.4
    endloop
  endfacet
  facet normal -0.831449 0.555601 0
    outer loop
      vertex 61.8354 8.275 2.4
      vertex 62.0716 8.62847 6.4
      vertex 62.0716 8.62847 2.4
    endloop
  endfacet
  facet normal -0.831449 0.555601 0
    outer loop
      vertex 62.0716 8.62847 6.4
      vertex 61.8354 8.275 2.4
      vertex 61.8354 8.275 6.4
    endloop
  endfacet
  facet normal 0.195076 -0.980788 0
    outer loop
      vertex 65.0742 3.4278 2.4
      vertex 65.4912 3.51074 6.4
      vertex 65.0742 3.4278 6.4
    endloop
  endfacet
  facet normal 0.195076 -0.980788 0
    outer loop
      vertex 65.4912 3.51074 6.4
      vertex 65.0742 3.4278 2.4
      vertex 65.4912 3.51074 2.4
    endloop
  endfacet
  facet normal 0.195076 0.980788 -0
    outer loop
      vertex 65.4912 9.78926 2.4
      vertex 65.0742 9.8722 6.4
      vertex 65.4912 9.78926 6.4
    endloop
  endfacet
  facet normal 0.195076 0.980788 0
    outer loop
      vertex 65.0742 9.8722 6.4
      vertex 65.4912 9.78926 2.4
      vertex 65.0742 9.8722 2.4
    endloop
  endfacet
  facet normal 0.65937 -0.751818 0
    outer loop
      vertex 66.6285 4.0716 2.4
      vertex 66.9481 4.3519 6.4
      vertex 66.6285 4.0716 6.4
    endloop
  endfacet
  facet normal 0.65937 -0.751818 0
    outer loop
      vertex 66.9481 4.3519 6.4
      vertex 66.6285 4.0716 2.4
      vertex 66.9481 4.3519 2.4
    endloop
  endfacet
  facet normal -0.896897 -0.442239 0
    outer loop
      vertex 61.8354 5.025 2.4
      vertex 61.6474 5.40628 6.4
      vertex 61.6474 5.40628 2.4
    endloop
  endfacet
  facet normal -0.896897 -0.442239 0
    outer loop
      vertex 61.6474 5.40628 6.4
      vertex 61.8354 5.025 2.4
      vertex 61.8354 5.025 6.4
    endloop
  endfacet
  facet normal 0.442277 -0.896879 0
    outer loop
      vertex 65.8937 3.64739 2.4
      vertex 66.275 3.83542 6.4
      vertex 65.8937 3.64739 6.4
    endloop
  endfacet
  facet normal 0.442277 -0.896879 0
    outer loop
      vertex 66.275 3.83542 6.4
      vertex 65.8937 3.64739 2.4
      vertex 66.275 3.83542 2.4
    endloop
  endfacet
  facet normal 0.321481 0.946916 -0
    outer loop
      vertex 65.8937 9.65261 2.4
      vertex 65.4912 9.78926 6.4
      vertex 65.8937 9.65261 6.4
    endloop
  endfacet
  facet normal 0.321481 0.946916 0
    outer loop
      vertex 65.4912 9.78926 6.4
      vertex 65.8937 9.65261 2.4
      vertex 65.4912 9.78926 2.4
    endloop
  endfacet
  facet normal -0.555536 -0.831493 0
    outer loop
      vertex 62.6715 4.0716 2.4
      vertex 63.025 3.83542 6.4
      vertex 62.6715 4.0716 6.4
    endloop
  endfacet
  facet normal -0.555536 -0.831493 -0
    outer loop
      vertex 63.025 3.83542 6.4
      vertex 62.6715 4.0716 2.4
      vertex 63.025 3.83542 2.4
    endloop
  endfacet
  facet normal -0.442277 -0.896879 0
    outer loop
      vertex 63.025 3.83542 2.4
      vertex 63.4063 3.64739 6.4
      vertex 63.025 3.83542 6.4
    endloop
  endfacet
  facet normal -0.442277 -0.896879 -0
    outer loop
      vertex 63.4063 3.64739 6.4
      vertex 63.025 3.83542 2.4
      vertex 63.4063 3.64739 2.4
    endloop
  endfacet
  facet normal -0.831449 -0.555601 0
    outer loop
      vertex 62.0716 4.67153 2.4
      vertex 61.8354 5.025 6.4
      vertex 61.8354 5.025 2.4
    endloop
  endfacet
  facet normal -0.831449 -0.555601 0
    outer loop
      vertex 61.8354 5.025 6.4
      vertex 62.0716 4.67153 2.4
      vertex 62.0716 4.67153 6.4
    endloop
  endfacet
  facet normal 0 0 1
    outer loop
      vertex 65.8 6.65 6.4
      vertex 67.9 6.65 6.4
      vertex 67.8722 7.07421 6.4
    endloop
  endfacet
  facet normal 0 0 1
    outer loop
      vertex 65.7902 6.8001 6.4
      vertex 67.8722 7.07421 6.4
      vertex 67.7893 7.49116 6.4
    endloop
  endfacet
  facet normal 0 0 1
    outer loop
      vertex 67.9 6.65 6.4
      vertex 65.8 6.65 6.4
      vertex 67.8722 6.22579 6.4
    endloop
  endfacet
  facet normal 0 0 1
    outer loop
      vertex 65.7608 6.94764 6.4
      vertex 67.7893 7.49116 6.4
      vertex 67.6526 7.89372 6.4
    endloop
  endfacet
  facet normal -0 0 1
    outer loop
      vertex 65.7902 6.4999 6.4
      vertex 67.8722 6.22579 6.4
      vertex 65.8 6.65 6.4
    endloop
  endfacet
  facet normal 0 0 1
    outer loop
      vertex 65.7125 7.09009 6.4
      vertex 67.6526 7.89372 6.4
      vertex 67.4646 8.275 6.4
    endloop
  endfacet
  facet normal 0 0 1
    outer loop
      vertex 67.8722 6.22579 6.4
      vertex 65.7902 6.4999 6.4
      vertex 67.7893 5.80884 6.4
    endloop
  endfacet
  facet normal 0 0 1
    outer loop
      vertex 65.6459 7.225 6.4
      vertex 67.4646 8.275 6.4
      vertex 67.2284 8.62847 6.4
    endloop
  endfacet
  facet normal -0 0 1
    outer loop
      vertex 65.7608 6.35236 6.4
      vertex 67.7893 5.80884 6.4
      vertex 65.7902 6.4999 6.4
    endloop
  endfacet
  facet normal 0 0 1
    outer loop
      vertex 65.5624 7.35008 6.4
      vertex 67.2284 8.62847 6.4
      vertex 66.9481 8.9481 6.4
    endloop
  endfacet
  facet normal 0 0 1
    outer loop
      vertex 67.7893 5.80884 6.4
      vertex 65.7608 6.35236 6.4
      vertex 67.6526 5.40628 6.4
    endloop
  endfacet
  facet normal 0 0 1
    outer loop
      vertex 65.4632 7.46317 6.4
      vertex 66.9481 8.9481 6.4
      vertex 66.6285 9.2284 6.4
    endloop
  endfacet
  facet normal -0 0 1
    outer loop
      vertex 65.7125 6.20991 6.4
      vertex 67.6526 5.40628 6.4
      vertex 65.7608 6.35236 6.4
    endloop
  endfacet
  facet normal 0 0 1
    outer loop
      vertex 65.3501 7.56236 6.4
      vertex 66.6285 9.2284 6.4
      vertex 66.275 9.46458 6.4
    endloop
  endfacet
  facet normal 0 0 1
    outer loop
      vertex 67.6526 5.40628 6.4
      vertex 65.7125 6.20991 6.4
      vertex 67.4646 5.025 6.4
    endloop
  endfacet
  facet normal 0 0 1
    outer loop
      vertex 65.225 7.64593 6.4
      vertex 66.275 9.46458 6.4
      vertex 65.8937 9.65261 6.4
    endloop
  endfacet
  facet normal -0 0 1
    outer loop
      vertex 65.6459 6.075 6.4
      vertex 67.4646 5.025 6.4
      vertex 65.7125 6.20991 6.4
    endloop
  endfacet
  facet normal 0 0 1
    outer loop
      vertex 67.4646 5.025 6.4
      vertex 65.6459 6.075 6.4
      vertex 67.2284 4.67153 6.4
    endloop
  endfacet
  facet normal 0 0 1
    outer loop
      vertex 67.8722 7.07421 6.4
      vertex 65.7902 6.8001 6.4
      vertex 65.8 6.65 6.4
    endloop
  endfacet
  facet normal 0 0 1
    outer loop
      vertex 67.7893 7.49116 6.4
      vertex 65.7608 6.94764 6.4
      vertex 65.7902 6.8001 6.4
    endloop
  endfacet
  facet normal 0 0 1
    outer loop
      vertex 67.6526 7.89372 6.4
      vertex 65.7125 7.09009 6.4
      vertex 65.7608 6.94764 6.4
    endloop
  endfacet
  facet normal 0 0 1
    outer loop
      vertex 67.4646 8.275 6.4
      vertex 65.6459 7.225 6.4
      vertex 65.7125 7.09009 6.4
    endloop
  endfacet
  facet normal 0 0 1
    outer loop
      vertex 67.2284 8.62847 6.4
      vertex 65.5624 7.35008 6.4
      vertex 65.6459 7.225 6.4
    endloop
  endfacet
  facet normal 0 0 1
    outer loop
      vertex 65.0901 7.71246 6.4
      vertex 65.8937 9.65261 6.4
      vertex 65.4912 9.78926 6.4
    endloop
  endfacet
  facet normal 0 0 1
    outer loop
      vertex 66.9481 8.9481 6.4
      vertex 65.4632 7.46317 6.4
      vertex 65.5624 7.35008 6.4
    endloop
  endfacet
  facet normal 0 0 1
    outer loop
      vertex 66.6285 9.2284 6.4
      vertex 65.3501 7.56236 6.4
      vertex 65.4632 7.46317 6.4
    endloop
  endfacet
  facet normal 0 0 1
    outer loop
      vertex 66.275 9.46458 6.4
      vertex 65.225 7.64593 6.4
      vertex 65.3501 7.56236 6.4
    endloop
  endfacet
  facet normal 0 0 1
    outer loop
      vertex 65.8937 9.65261 6.4
      vertex 65.0901 7.71246 6.4
      vertex 65.225 7.64593 6.4
    endloop
  endfacet
  facet normal 0 0 1
    outer loop
      vertex 64.9476 7.76081 6.4
      vertex 65.4912 9.78926 6.4
      vertex 65.0742 9.8722 6.4
    endloop
  endfacet
  facet normal 0 0 1
    outer loop
      vertex 65.4912 9.78926 6.4
      vertex 64.9476 7.76081 6.4
      vertex 65.0901 7.71246 6.4
    endloop
  endfacet
  facet normal 0 0 1
    outer loop
      vertex 65.0742 9.8722 6.4
      vertex 64.8001 7.79016 6.4
      vertex 64.9476 7.76081 6.4
    endloop
  endfacet
  facet normal 0 0 1
    outer loop
      vertex 64.65 9.9 6.4
      vertex 64.8001 7.79016 6.4
      vertex 65.0742 9.8722 6.4
    endloop
  endfacet
  facet normal 0 0 1
    outer loop
      vertex 64.65 9.9 6.4
      vertex 64.65 7.8 6.4
      vertex 64.8001 7.79016 6.4
    endloop
  endfacet
  facet normal 0 0 1
    outer loop
      vertex 64.65 9.9 6.4
      vertex 64.4999 7.79016 6.4
      vertex 64.65 7.8 6.4
    endloop
  endfacet
  facet normal -0 0 1
    outer loop
      vertex 64.2258 9.8722 6.4
      vertex 64.4999 7.79016 6.4
      vertex 64.65 9.9 6.4
    endloop
  endfacet
  facet normal 0 0 1
    outer loop
      vertex 64.4999 7.79016 6.4
      vertex 64.2258 9.8722 6.4
      vertex 64.3524 7.76081 6.4
    endloop
  endfacet
  facet normal -0 0 1
    outer loop
      vertex 63.8088 9.78926 6.4
      vertex 64.3524 7.76081 6.4
      vertex 64.2258 9.8722 6.4
    endloop
  endfacet
  facet normal 0 0 1
    outer loop
      vertex 64.3524 7.76081 6.4
      vertex 63.8088 9.78926 6.4
      vertex 64.2099 7.71246 6.4
    endloop
  endfacet
  facet normal -0 0 1
    outer loop
      vertex 63.4063 9.65261 6.4
      vertex 64.2099 7.71246 6.4
      vertex 63.8088 9.78926 6.4
    endloop
  endfacet
  facet normal 0 0 1
    outer loop
      vertex 64.2099 7.71246 6.4
      vertex 63.4063 9.65261 6.4
      vertex 64.075 7.64593 6.4
    endloop
  endfacet
  facet normal -0 0 1
    outer loop
      vertex 63.025 9.46458 6.4
      vertex 64.075 7.64593 6.4
      vertex 63.4063 9.65261 6.4
    endloop
  endfacet
  facet normal 0 0 1
    outer loop
      vertex 64.075 7.64593 6.4
      vertex 63.025 9.46458 6.4
      vertex 63.9499 7.56236 6.4
    endloop
  endfacet
  facet normal -0 0 1
    outer loop
      vertex 62.6715 9.2284 6.4
      vertex 63.9499 7.56236 6.4
      vertex 63.025 9.46458 6.4
    endloop
  endfacet
  facet normal 0 0 1
    outer loop
      vertex 63.9499 7.56236 6.4
      vertex 62.6715 9.2284 6.4
      vertex 63.8368 7.46317 6.4
    endloop
  endfacet
  facet normal -0 0 1
    outer loop
      vertex 62.3519 8.9481 6.4
      vertex 63.8368 7.46317 6.4
      vertex 62.6715 9.2284 6.4
    endloop
  endfacet
  facet normal 0 0 1
    outer loop
      vertex 63.8368 7.46317 6.4
      vertex 62.3519 8.9481 6.4
      vertex 63.7376 7.35008 6.4
    endloop
  endfacet
  facet normal 0 0 1
    outer loop
      vertex 63.7376 7.35008 6.4
      vertex 62.0716 8.62847 6.4
      vertex 63.6541 7.225 6.4
    endloop
  endfacet
  facet normal -0 0 1
    outer loop
      vertex 62.0716 8.62847 6.4
      vertex 63.7376 7.35008 6.4
      vertex 62.3519 8.9481 6.4
    endloop
  endfacet
  facet normal -0 0 1
    outer loop
      vertex 65.5624 5.94992 6.4
      vertex 67.2284 4.67153 6.4
      vertex 65.6459 6.075 6.4
    endloop
  endfacet
  facet normal 0 0 1
    outer loop
      vertex 67.2284 4.67153 6.4
      vertex 65.5624 5.94992 6.4
      vertex 66.9481 4.3519 6.4
    endloop
  endfacet
  facet normal -0 0 1
    outer loop
      vertex 65.4632 5.83683 6.4
      vertex 66.9481 4.3519 6.4
      vertex 65.5624 5.94992 6.4
    endloop
  endfacet
  facet normal 0 0 1
    outer loop
      vertex 66.9481 4.3519 6.4
      vertex 65.4632 5.83683 6.4
      vertex 66.6285 4.0716 6.4
    endloop
  endfacet
  facet normal -0 0 1
    outer loop
      vertex 65.3501 5.73764 6.4
      vertex 66.6285 4.0716 6.4
      vertex 65.4632 5.83683 6.4
    endloop
  endfacet
  facet normal 0 0 1
    outer loop
      vertex 66.6285 4.0716 6.4
      vertex 65.3501 5.73764 6.4
      vertex 66.275 3.83542 6.4
    endloop
  endfacet
  facet normal -0 0 1
    outer loop
      vertex 65.225 5.65407 6.4
      vertex 66.275 3.83542 6.4
      vertex 65.3501 5.73764 6.4
    endloop
  endfacet
  facet normal 0 0 1
    outer loop
      vertex 66.275 3.83542 6.4
      vertex 65.225 5.65407 6.4
      vertex 65.8937 3.64739 6.4
    endloop
  endfacet
  facet normal -0 0 1
    outer loop
      vertex 65.0901 5.58754 6.4
      vertex 65.8937 3.64739 6.4
      vertex 65.225 5.65407 6.4
    endloop
  endfacet
  facet normal 0 0 1
    outer loop
      vertex 65.8937 3.64739 6.4
      vertex 65.0901 5.58754 6.4
      vertex 65.4912 3.51074 6.4
    endloop
  endfacet
  facet normal -0 0 1
    outer loop
      vertex 64.9476 5.53919 6.4
      vertex 65.4912 3.51074 6.4
      vertex 65.0901 5.58754 6.4
    endloop
  endfacet
  facet normal 0 0 1
    outer loop
      vertex 65.4912 3.51074 6.4
      vertex 64.9476 5.53919 6.4
      vertex 65.0742 3.4278 6.4
    endloop
  endfacet
  facet normal -0 0 1
    outer loop
      vertex 64.8001 5.50984 6.4
      vertex 65.0742 3.4278 6.4
      vertex 64.9476 5.53919 6.4
    endloop
  endfacet
  facet normal -0 0 1
    outer loop
      vertex 64.65 5.5 6.4
      vertex 65.0742 3.4278 6.4
      vertex 64.8001 5.50984 6.4
    endloop
  endfacet
  facet normal 0 0 1
    outer loop
      vertex 64.65 5.5 6.4
      vertex 64.65 3.4 6.4
      vertex 65.0742 3.4278 6.4
    endloop
  endfacet
  facet normal 0 0 1
    outer loop
      vertex 64.4999 5.50984 6.4
      vertex 64.65 3.4 6.4
      vertex 64.65 5.5 6.4
    endloop
  endfacet
  facet normal 0 0 1
    outer loop
      vertex 64.2258 3.4278 6.4
      vertex 64.4999 5.50984 6.4
      vertex 64.3524 5.53919 6.4
    endloop
  endfacet
  facet normal 0 0 1
    outer loop
      vertex 64.4999 5.50984 6.4
      vertex 64.2258 3.4278 6.4
      vertex 64.65 3.4 6.4
    endloop
  endfacet
  facet normal 0 0 1
    outer loop
      vertex 63.8088 3.51074 6.4
      vertex 64.3524 5.53919 6.4
      vertex 64.2099 5.58754 6.4
    endloop
  endfacet
  facet normal 0 0 1
    outer loop
      vertex 63.4063 3.64739 6.4
      vertex 64.2099 5.58754 6.4
      vertex 64.075 5.65407 6.4
    endloop
  endfacet
  facet normal 0 0 1
    outer loop
      vertex 63.025 3.83542 6.4
      vertex 64.075 5.65407 6.4
      vertex 63.9499 5.73764 6.4
    endloop
  endfacet
  facet normal 0 0 1
    outer loop
      vertex 62.6715 4.0716 6.4
      vertex 63.9499 5.73764 6.4
      vertex 63.8368 5.83683 6.4
    endloop
  endfacet
  facet normal 0 0 1
    outer loop
      vertex 64.3524 5.53919 6.4
      vertex 63.8088 3.51074 6.4
      vertex 64.2258 3.4278 6.4
    endloop
  endfacet
  facet normal 0 0 1
    outer loop
      vertex 62.3519 4.3519 6.4
      vertex 63.8368 5.83683 6.4
      vertex 63.7376 5.94992 6.4
    endloop
  endfacet
  facet normal 0 0 1
    outer loop
      vertex 62.0716 4.67153 6.4
      vertex 63.7376 5.94992 6.4
      vertex 63.6541 6.075 6.4
    endloop
  endfacet
  facet normal 0 0 1
    outer loop
      vertex 61.8354 5.025 6.4
      vertex 63.6541 6.075 6.4
      vertex 63.5875 6.20991 6.4
    endloop
  endfacet
  facet normal 0 0 1
    outer loop
      vertex 61.6474 5.40628 6.4
      vertex 63.5875 6.20991 6.4
      vertex 63.5392 6.35236 6.4
    endloop
  endfacet
  facet normal 0 0 1
    outer loop
      vertex 61.5107 5.80884 6.4
      vertex 63.5392 6.35236 6.4
      vertex 63.5098 6.4999 6.4
    endloop
  endfacet
  facet normal 0 0 1
    outer loop
      vertex 64.2099 5.58754 6.4
      vertex 63.4063 3.64739 6.4
      vertex 63.8088 3.51074 6.4
    endloop
  endfacet
  facet normal 0 0 1
    outer loop
      vertex 61.4278 6.22579 6.4
      vertex 63.5098 6.4999 6.4
      vertex 63.5 6.65 6.4
    endloop
  endfacet
  facet normal -0 0 1
    outer loop
      vertex 61.8354 8.275 6.4
      vertex 63.6541 7.225 6.4
      vertex 62.0716 8.62847 6.4
    endloop
  endfacet
  facet normal 0 0 1
    outer loop
      vertex 63.6541 7.225 6.4
      vertex 61.8354 8.275 6.4
      vertex 63.5875 7.09009 6.4
    endloop
  endfacet
  facet normal 0 0 1
    outer loop
      vertex 64.075 5.65407 6.4
      vertex 63.025 3.83542 6.4
      vertex 63.4063 3.64739 6.4
    endloop
  endfacet
  facet normal -0 0 1
    outer loop
      vertex 61.6474 7.89372 6.4
      vertex 63.5875 7.09009 6.4
      vertex 61.8354 8.275 6.4
    endloop
  endfacet
  facet normal 0 0 1
    outer loop
      vertex 63.9499 5.73764 6.4
      vertex 62.6715 4.0716 6.4
      vertex 63.025 3.83542 6.4
    endloop
  endfacet
  facet normal 0 0 1
    outer loop
      vertex 63.5875 7.09009 6.4
      vertex 61.6474 7.89372 6.4
      vertex 63.5392 6.94764 6.4
    endloop
  endfacet
  facet normal 0 0 1
    outer loop
      vertex 63.8368 5.83683 6.4
      vertex 62.3519 4.3519 6.4
      vertex 62.6715 4.0716 6.4
    endloop
  endfacet
  facet normal -0 0 1
    outer loop
      vertex 61.5107 7.49116 6.4
      vertex 63.5392 6.94764 6.4
      vertex 61.6474 7.89372 6.4
    endloop
  endfacet
  facet normal 0 0 1
    outer loop
      vertex 63.7376 5.94992 6.4
      vertex 62.0716 4.67153 6.4
      vertex 62.3519 4.3519 6.4
    endloop
  endfacet
  facet normal 0 0 1
    outer loop
      vertex 63.5392 6.94764 6.4
      vertex 61.5107 7.49116 6.4
      vertex 63.5098 6.8001 6.4
    endloop
  endfacet
  facet normal 0 0 1
    outer loop
      vertex 63.6541 6.075 6.4
      vertex 61.8354 5.025 6.4
      vertex 62.0716 4.67153 6.4
    endloop
  endfacet
  facet normal -0 0 1
    outer loop
      vertex 61.4278 7.07421 6.4
      vertex 63.5098 6.8001 6.4
      vertex 61.5107 7.49116 6.4
    endloop
  endfacet
  facet normal 0 0 1
    outer loop
      vertex 63.5875 6.20991 6.4
      vertex 61.6474 5.40628 6.4
      vertex 61.8354 5.025 6.4
    endloop
  endfacet
  facet normal 0 0 1
    outer loop
      vertex 63.5098 6.8001 6.4
      vertex 61.4278 7.07421 6.4
      vertex 63.5 6.65 6.4
    endloop
  endfacet
  facet normal 0 0 1
    outer loop
      vertex 63.5392 6.35236 6.4
      vertex 61.5107 5.80884 6.4
      vertex 61.6474 5.40628 6.4
    endloop
  endfacet
  facet normal 0 0 1
    outer loop
      vertex 61.4 6.65 6.4
      vertex 63.5 6.65 6.4
      vertex 61.4278 7.07421 6.4
    endloop
  endfacet
  facet normal 0 0 1
    outer loop
      vertex 63.5098 6.4999 6.4
      vertex 61.4278 6.22579 6.4
      vertex 61.5107 5.80884 6.4
    endloop
  endfacet
  facet normal 0 0 1
    outer loop
      vertex 63.5 6.65 6.4
      vertex 61.4 6.65 6.4
      vertex 61.4278 6.22579 6.4
    endloop
  endfacet
  facet normal -0.980718 -0.195426 0
    outer loop
      vertex 65.7902 6.8001 2.4
      vertex 65.7608 6.94764 6.4
      vertex 65.7608 6.94764 2.4
    endloop
  endfacet
  facet normal -0.980718 -0.195426 0
    outer loop
      vertex 65.7608 6.94764 6.4
      vertex 65.7902 6.8001 2.4
      vertex 65.7902 6.8001 6.4
    endloop
  endfacet
  facet normal -0.997875 -0.0651511 0
    outer loop
      vertex 65.8 6.65 2.4
      vertex 65.7902 6.8001 6.4
      vertex 65.7902 6.8001 2.4
    endloop
  endfacet
  facet normal -0.997875 -0.0651511 0
    outer loop
      vertex 65.7902 6.8001 6.4
      vertex 65.8 6.65 2.4
      vertex 65.8 6.65 6.4
    endloop
  endfacet
  facet normal 0.442314 -0.89686 0
    outer loop
      vertex 64.075 7.64593 2.4
      vertex 64.2099 7.71246 6.4
      vertex 64.075 7.64593 6.4
    endloop
  endfacet
  facet normal 0.442314 -0.89686 0
    outer loop
      vertex 64.2099 7.71246 6.4
      vertex 64.075 7.64593 2.4
      vertex 64.2099 7.71246 2.4
    endloop
  endfacet
  facet normal 0.751765 0.659431 0
    outer loop
      vertex 63.8368 5.83683 6.4
      vertex 63.7376 5.94992 2.4
      vertex 63.7376 5.94992 6.4
    endloop
  endfacet
  facet normal 0.751765 0.659431 0
    outer loop
      vertex 63.7376 5.94992 2.4
      vertex 63.8368 5.83683 6.4
      vertex 63.8368 5.83683 2.4
    endloop
  endfacet
  facet normal -0.659361 -0.751827 0
    outer loop
      vertex 65.3501 7.56236 2.4
      vertex 65.4632 7.46317 6.4
      vertex 65.3501 7.56236 6.4
    endloop
  endfacet
  facet normal -0.659361 -0.751827 -0
    outer loop
      vertex 65.4632 7.46317 6.4
      vertex 65.3501 7.56236 2.4
      vertex 65.4632 7.46317 2.4
    endloop
  endfacet
  facet normal 0.195157 0.980772 -0
    outer loop
      vertex 64.4999 5.50984 2.4
      vertex 64.3524 5.53919 6.4
      vertex 64.4999 5.50984 6.4
    endloop
  endfacet
  facet normal 0.195157 0.980772 0
    outer loop
      vertex 64.3524 5.53919 6.4
      vertex 64.4999 5.50984 2.4
      vertex 64.3524 5.53919 2.4
    endloop
  endfacet
  facet normal -0.442314 0.89686 0
    outer loop
      vertex 65.225 5.65407 2.4
      vertex 65.0901 5.58754 6.4
      vertex 65.225 5.65407 6.4
    endloop
  endfacet
  facet normal -0.442314 0.89686 0
    outer loop
      vertex 65.0901 5.58754 6.4
      vertex 65.225 5.65407 2.4
      vertex 65.0901 5.58754 2.4
    endloop
  endfacet
  facet normal -0.195157 0.980772 0
    outer loop
      vertex 64.9476 5.53919 2.4
      vertex 64.8001 5.50984 6.4
      vertex 64.9476 5.53919 6.4
    endloop
  endfacet
  facet normal -0.195157 0.980772 0
    outer loop
      vertex 64.8001 5.50984 6.4
      vertex 64.9476 5.53919 2.4
      vertex 64.8001 5.50984 2.4
    endloop
  endfacet
  facet normal -0.997875 0.0651511 0
    outer loop
      vertex 65.7902 6.4999 2.4
      vertex 65.8 6.65 6.4
      vertex 65.8 6.65 2.4
    endloop
  endfacet
  facet normal -0.997875 0.0651511 0
    outer loop
      vertex 65.8 6.65 6.4
      vertex 65.7902 6.4999 2.4
      vertex 65.7902 6.4999 6.4
    endloop
  endfacet
  facet normal 0.997875 -0.0651511 0
    outer loop
      vertex 63.5 6.65 6.4
      vertex 63.5098 6.8001 2.4
      vertex 63.5098 6.8001 6.4
    endloop
  endfacet
  facet normal 0.997875 -0.0651511 0
    outer loop
      vertex 63.5098 6.8001 2.4
      vertex 63.5 6.65 6.4
      vertex 63.5 6.65 2.4
    endloop
  endfacet
  facet normal -0.831702 -0.555222 0
    outer loop
      vertex 65.6459 7.225 2.4
      vertex 65.5624 7.35008 6.4
      vertex 65.5624 7.35008 2.4
    endloop
  endfacet
  facet normal -0.831702 -0.555222 0
    outer loop
      vertex 65.5624 7.35008 6.4
      vertex 65.6459 7.225 2.4
      vertex 65.6459 7.225 6.4
    endloop
  endfacet
  facet normal -0.896689 -0.442662 0
    outer loop
      vertex 65.7125 7.09009 2.4
      vertex 65.6459 7.225 6.4
      vertex 65.6459 7.225 2.4
    endloop
  endfacet
  facet normal -0.896689 -0.442662 0
    outer loop
      vertex 65.6459 7.225 6.4
      vertex 65.7125 7.09009 2.4
      vertex 65.7125 7.09009 6.4
    endloop
  endfacet
  facet normal 0.947042 0.32111 0
    outer loop
      vertex 63.5875 6.20991 6.4
      vertex 63.5392 6.35236 2.4
      vertex 63.5392 6.35236 6.4
    endloop
  endfacet
  facet normal 0.947042 0.32111 0
    outer loop
      vertex 63.5392 6.35236 2.4
      vertex 63.5875 6.20991 6.4
      vertex 63.5875 6.20991 2.4
    endloop
  endfacet
  facet normal 0.442314 0.89686 -0
    outer loop
      vertex 64.2099 5.58754 2.4
      vertex 64.075 5.65407 6.4
      vertex 64.2099 5.58754 6.4
    endloop
  endfacet
  facet normal 0.442314 0.89686 0
    outer loop
      vertex 64.075 5.65407 6.4
      vertex 64.2099 5.58754 2.4
      vertex 64.075 5.65407 2.4
    endloop
  endfacet
  facet normal -0.751765 0.659431 0
    outer loop
      vertex 65.4632 5.83683 2.4
      vertex 65.5624 5.94992 6.4
      vertex 65.5624 5.94992 2.4
    endloop
  endfacet
  facet normal -0.751765 0.659431 0
    outer loop
      vertex 65.5624 5.94992 6.4
      vertex 65.4632 5.83683 2.4
      vertex 65.4632 5.83683 6.4
    endloop
  endfacet
  facet normal 0.0654159 -0.997858 0
    outer loop
      vertex 64.4999 7.79016 2.4
      vertex 64.65 7.8 6.4
      vertex 64.4999 7.79016 6.4
    endloop
  endfacet
  facet normal 0.0654159 -0.997858 0
    outer loop
      vertex 64.65 7.8 6.4
      vertex 64.4999 7.79016 2.4
      vertex 64.65 7.8 2.4
    endloop
  endfacet
  facet normal -0.980718 0.195426 0
    outer loop
      vertex 65.7608 6.35236 2.4
      vertex 65.7902 6.4999 6.4
      vertex 65.7902 6.4999 2.4
    endloop
  endfacet
  facet normal -0.980718 0.195426 0
    outer loop
      vertex 65.7902 6.4999 6.4
      vertex 65.7608 6.35236 2.4
      vertex 65.7608 6.35236 6.4
    endloop
  endfacet
  facet normal 0.896689 0.442662 0
    outer loop
      vertex 63.6541 6.075 6.4
      vertex 63.5875 6.20991 2.4
      vertex 63.5875 6.20991 6.4
    endloop
  endfacet
  facet normal 0.896689 0.442662 0
    outer loop
      vertex 63.5875 6.20991 2.4
      vertex 63.6541 6.075 6.4
      vertex 63.6541 6.075 2.4
    endloop
  endfacet
  facet normal 0.831702 -0.555222 0
    outer loop
      vertex 63.6541 7.225 6.4
      vertex 63.7376 7.35008 2.4
      vertex 63.7376 7.35008 6.4
    endloop
  endfacet
  facet normal 0.831702 -0.555222 0
    outer loop
      vertex 63.7376 7.35008 2.4
      vertex 63.6541 7.225 6.4
      vertex 63.6541 7.225 2.4
    endloop
  endfacet
  facet normal 0.659361 -0.751827 0
    outer loop
      vertex 63.8368 7.46317 2.4
      vertex 63.9499 7.56236 6.4
      vertex 63.8368 7.46317 6.4
    endloop
  endfacet
  facet normal 0.659361 -0.751827 0
    outer loop
      vertex 63.9499 7.56236 6.4
      vertex 63.8368 7.46317 2.4
      vertex 63.9499 7.56236 2.4
    endloop
  endfacet
  facet normal 0.555482 -0.831528 0
    outer loop
      vertex 63.9499 7.56236 2.4
      vertex 64.075 7.64593 6.4
      vertex 63.9499 7.56236 6.4
    endloop
  endfacet
  facet normal 0.555482 -0.831528 0
    outer loop
      vertex 64.075 7.64593 6.4
      vertex 63.9499 7.56236 2.4
      vertex 64.075 7.64593 2.4
    endloop
  endfacet
  facet normal -0.321307 0.946975 0
    outer loop
      vertex 65.0901 5.58754 2.4
      vertex 64.9476 5.53919 6.4
      vertex 65.0901 5.58754 6.4
    endloop
  endfacet
  facet normal -0.321307 0.946975 0
    outer loop
      vertex 64.9476 5.53919 6.4
      vertex 65.0901 5.58754 2.4
      vertex 64.9476 5.53919 2.4
    endloop
  endfacet
  facet normal 0.321307 -0.946975 0
    outer loop
      vertex 64.2099 7.71246 2.4
      vertex 64.3524 7.76081 6.4
      vertex 64.2099 7.71246 6.4
    endloop
  endfacet
  facet normal 0.321307 -0.946975 0
    outer loop
      vertex 64.3524 7.76081 6.4
      vertex 64.2099 7.71246 2.4
      vertex 64.3524 7.76081 2.4
    endloop
  endfacet
  facet normal 0.659361 0.751827 -0
    outer loop
      vertex 63.9499 5.73764 2.4
      vertex 63.8368 5.83683 6.4
      vertex 63.9499 5.73764 6.4
    endloop
  endfacet
  facet normal 0.659361 0.751827 0
    outer loop
      vertex 63.8368 5.83683 6.4
      vertex 63.9499 5.73764 2.4
      vertex 63.8368 5.83683 2.4
    endloop
  endfacet
  facet normal -0.659361 0.751827 0
    outer loop
      vertex 65.4632 5.83683 2.4
      vertex 65.3501 5.73764 6.4
      vertex 65.4632 5.83683 6.4
    endloop
  endfacet
  facet normal -0.659361 0.751827 0
    outer loop
      vertex 65.3501 5.73764 6.4
      vertex 65.4632 5.83683 2.4
      vertex 65.3501 5.73764 2.4
    endloop
  endfacet
  facet normal -0.0654159 0.997858 0
    outer loop
      vertex 64.8001 5.50984 2.4
      vertex 64.65 5.5 6.4
      vertex 64.8001 5.50984 6.4
    endloop
  endfacet
  facet normal -0.0654159 0.997858 0
    outer loop
      vertex 64.65 5.5 6.4
      vertex 64.8001 5.50984 2.4
      vertex 64.65 5.5 2.4
    endloop
  endfacet
  facet normal -0.555482 -0.831528 0
    outer loop
      vertex 65.225 7.64593 2.4
      vertex 65.3501 7.56236 6.4
      vertex 65.225 7.64593 6.4
    endloop
  endfacet
  facet normal -0.555482 -0.831528 -0
    outer loop
      vertex 65.3501 7.56236 6.4
      vertex 65.225 7.64593 2.4
      vertex 65.3501 7.56236 2.4
    endloop
  endfacet
  facet normal -0.555482 0.831528 0
    outer loop
      vertex 65.3501 5.73764 2.4
      vertex 65.225 5.65407 6.4
      vertex 65.3501 5.73764 6.4
    endloop
  endfacet
  facet normal -0.555482 0.831528 0
    outer loop
      vertex 65.225 5.65407 6.4
      vertex 65.3501 5.73764 2.4
      vertex 65.225 5.65407 2.4
    endloop
  endfacet
  facet normal 0.195157 -0.980772 0
    outer loop
      vertex 64.3524 7.76081 2.4
      vertex 64.4999 7.79016 6.4
      vertex 64.3524 7.76081 6.4
    endloop
  endfacet
  facet normal 0.195157 -0.980772 0
    outer loop
      vertex 64.4999 7.79016 6.4
      vertex 64.3524 7.76081 2.4
      vertex 64.4999 7.79016 2.4
    endloop
  endfacet
  facet normal -0.442314 -0.89686 0
    outer loop
      vertex 65.0901 7.71246 2.4
      vertex 65.225 7.64593 6.4
      vertex 65.0901 7.71246 6.4
    endloop
  endfacet
  facet normal -0.442314 -0.89686 -0
    outer loop
      vertex 65.225 7.64593 6.4
      vertex 65.0901 7.71246 2.4
      vertex 65.225 7.64593 2.4
    endloop
  endfacet
  facet normal 0.980718 0.195426 0
    outer loop
      vertex 63.5392 6.35236 6.4
      vertex 63.5098 6.4999 2.4
      vertex 63.5098 6.4999 6.4
    endloop
  endfacet
  facet normal 0.980718 0.195426 0
    outer loop
      vertex 63.5098 6.4999 2.4
      vertex 63.5392 6.35236 6.4
      vertex 63.5392 6.35236 2.4
    endloop
  endfacet
  facet normal 0.947042 -0.32111 0
    outer loop
      vertex 63.5392 6.94764 6.4
      vertex 63.5875 7.09009 2.4
      vertex 63.5875 7.09009 6.4
    endloop
  endfacet
  facet normal 0.947042 -0.32111 0
    outer loop
      vertex 63.5875 7.09009 2.4
      vertex 63.5392 6.94764 6.4
      vertex 63.5392 6.94764 2.4
    endloop
  endfacet
  facet normal -0.321307 -0.946975 0
    outer loop
      vertex 64.9476 7.76081 2.4
      vertex 65.0901 7.71246 6.4
      vertex 64.9476 7.76081 6.4
    endloop
  endfacet
  facet normal -0.321307 -0.946975 -0
    outer loop
      vertex 65.0901 7.71246 6.4
      vertex 64.9476 7.76081 2.4
      vertex 65.0901 7.71246 2.4
    endloop
  endfacet
  facet normal 0.896689 -0.442662 0
    outer loop
      vertex 63.5875 7.09009 6.4
      vertex 63.6541 7.225 2.4
      vertex 63.6541 7.225 6.4
    endloop
  endfacet
  facet normal 0.896689 -0.442662 0
    outer loop
      vertex 63.6541 7.225 2.4
      vertex 63.5875 7.09009 6.4
      vertex 63.5875 7.09009 2.4
    endloop
  endfacet
  facet normal -0.831702 0.555222 0
    outer loop
      vertex 65.5624 5.94992 2.4
      vertex 65.6459 6.075 6.4
      vertex 65.6459 6.075 2.4
    endloop
  endfacet
  facet normal -0.831702 0.555222 0
    outer loop
      vertex 65.6459 6.075 6.4
      vertex 65.5624 5.94992 2.4
      vertex 65.5624 5.94992 6.4
    endloop
  endfacet
  facet normal -0.947042 0.32111 0
    outer loop
      vertex 65.7125 6.20991 2.4
      vertex 65.7608 6.35236 6.4
      vertex 65.7608 6.35236 2.4
    endloop
  endfacet
  facet normal -0.947042 0.32111 0
    outer loop
      vertex 65.7608 6.35236 6.4
      vertex 65.7125 6.20991 2.4
      vertex 65.7125 6.20991 6.4
    endloop
  endfacet
  facet normal -0.195157 -0.980772 0
    outer loop
      vertex 64.8001 7.79016 2.4
      vertex 64.9476 7.76081 6.4
      vertex 64.8001 7.79016 6.4
    endloop
  endfacet
  facet normal -0.195157 -0.980772 -0
    outer loop
      vertex 64.9476 7.76081 6.4
      vertex 64.8001 7.79016 2.4
      vertex 64.9476 7.76081 2.4
    endloop
  endfacet
  facet normal 0.997875 0.0651511 0
    outer loop
      vertex 63.5098 6.4999 6.4
      vertex 63.5 6.65 2.4
      vertex 63.5 6.65 6.4
    endloop
  endfacet
  facet normal 0.997875 0.0651511 0
    outer loop
      vertex 63.5 6.65 2.4
      vertex 63.5098 6.4999 6.4
      vertex 63.5098 6.4999 2.4
    endloop
  endfacet
  facet normal 0.751765 -0.659431 0
    outer loop
      vertex 63.7376 7.35008 6.4
      vertex 63.8368 7.46317 2.4
      vertex 63.8368 7.46317 6.4
    endloop
  endfacet
  facet normal 0.751765 -0.659431 0
    outer loop
      vertex 63.8368 7.46317 2.4
      vertex 63.7376 7.35008 6.4
      vertex 63.7376 7.35008 2.4
    endloop
  endfacet
  facet normal -0.751765 -0.659431 0
    outer loop
      vertex 65.5624 7.35008 2.4
      vertex 65.4632 7.46317 6.4
      vertex 65.4632 7.46317 2.4
    endloop
  endfacet
  facet normal -0.751765 -0.659431 0
    outer loop
      vertex 65.4632 7.46317 6.4
      vertex 65.5624 7.35008 2.4
      vertex 65.5624 7.35008 6.4
    endloop
  endfacet
  facet normal -0.947042 -0.32111 0
    outer loop
      vertex 65.7608 6.94764 2.4
      vertex 65.7125 7.09009 6.4
      vertex 65.7125 7.09009 2.4
    endloop
  endfacet
  facet normal -0.947042 -0.32111 0
    outer loop
      vertex 65.7125 7.09009 6.4
      vertex 65.7608 6.94764 2.4
      vertex 65.7608 6.94764 6.4
    endloop
  endfacet
  facet normal 0.831702 0.555222 0
    outer loop
      vertex 63.7376 5.94992 6.4
      vertex 63.6541 6.075 2.4
      vertex 63.6541 6.075 6.4
    endloop
  endfacet
  facet normal 0.831702 0.555222 0
    outer loop
      vertex 63.6541 6.075 2.4
      vertex 63.7376 5.94992 6.4
      vertex 63.7376 5.94992 2.4
    endloop
  endfacet
  facet normal 0.0654159 0.997858 -0
    outer loop
      vertex 64.65 5.5 2.4
      vertex 64.4999 5.50984 6.4
      vertex 64.65 5.5 6.4
    endloop
  endfacet
  facet normal 0.0654159 0.997858 0
    outer loop
      vertex 64.4999 5.50984 6.4
      vertex 64.65 5.5 2.4
      vertex 64.4999 5.50984 2.4
    endloop
  endfacet
  facet normal -0.0654159 -0.997858 0
    outer loop
      vertex 64.65 7.8 2.4
      vertex 64.8001 7.79016 6.4
      vertex 64.65 7.8 6.4
    endloop
  endfacet
  facet normal -0.0654159 -0.997858 -0
    outer loop
      vertex 64.8001 7.79016 6.4
      vertex 64.65 7.8 2.4
      vertex 64.8001 7.79016 2.4
    endloop
  endfacet
  facet normal 0.321307 0.946975 -0
    outer loop
      vertex 64.3524 5.53919 2.4
      vertex 64.2099 5.58754 6.4
      vertex 64.3524 5.53919 6.4
    endloop
  endfacet
  facet normal 0.321307 0.946975 0
    outer loop
      vertex 64.2099 5.58754 6.4
      vertex 64.3524 5.53919 2.4
      vertex 64.2099 5.58754 2.4
    endloop
  endfacet
  facet normal 0.980718 -0.195426 0
    outer loop
      vertex 63.5098 6.8001 6.4
      vertex 63.5392 6.94764 2.4
      vertex 63.5392 6.94764 6.4
    endloop
  endfacet
  facet normal 0.980718 -0.195426 0
    outer loop
      vertex 63.5392 6.94764 2.4
      vertex 63.5098 6.8001 6.4
      vertex 63.5098 6.8001 2.4
    endloop
  endfacet
  facet normal 0.555482 0.831528 -0
    outer loop
      vertex 64.075 5.65407 2.4
      vertex 63.9499 5.73764 6.4
      vertex 64.075 5.65407 6.4
    endloop
  endfacet
  facet normal 0.555482 0.831528 0
    outer loop
      vertex 63.9499 5.73764 6.4
      vertex 64.075 5.65407 2.4
      vertex 63.9499 5.73764 2.4
    endloop
  endfacet
  facet normal -0.896689 0.442662 0
    outer loop
      vertex 65.6459 6.075 2.4
      vertex 65.7125 6.20991 6.4
      vertex 65.7125 6.20991 2.4
    endloop
  endfacet
  facet normal -0.896689 0.442662 0
    outer loop
      vertex 65.7125 6.20991 6.4
      vertex 65.6459 6.075 2.4
      vertex 65.6459 6.075 6.4
    endloop
  endfacet
  facet normal 0.980806 0.194985 0
    outer loop
      vertex 67.8722 56.0742 6.4
      vertex 67.7893 56.4912 2.4
      vertex 67.7893 56.4912 6.4
    endloop
  endfacet
  facet normal 0.980806 0.194985 0
    outer loop
      vertex 67.7893 56.4912 2.4
      vertex 67.8722 56.0742 6.4
      vertex 67.8722 56.0742 2.4
    endloop
  endfacet
  facet normal 0.997859 0.0653948 0
    outer loop
      vertex 67.9 55.65 6.4
      vertex 67.8722 56.0742 2.4
      vertex 67.8722 56.0742 6.4
    endloop
  endfacet
  facet normal 0.997859 0.0653948 0
    outer loop
      vertex 67.8722 56.0742 2.4
      vertex 67.9 55.65 6.4
      vertex 67.9 55.65 2.4
    endloop
  endfacet
  facet normal 0.94688 0.321586 0
    outer loop
      vertex 67.7893 56.4912 6.4
      vertex 67.6526 56.8937 2.4
      vertex 67.6526 56.8937 6.4
    endloop
  endfacet
  facet normal 0.94688 0.321586 0
    outer loop
      vertex 67.6526 56.8937 2.4
      vertex 67.7893 56.4912 6.4
      vertex 67.7893 56.4912 2.4
    endloop
  endfacet
  facet normal 0.896907 0.44222 0
    outer loop
      vertex 67.6526 56.8937 6.4
      vertex 67.4646 57.275 2.4
      vertex 67.4646 57.275 6.4
    endloop
  endfacet
  facet normal 0.896907 0.44222 0
    outer loop
      vertex 67.4646 57.275 2.4
      vertex 67.6526 56.8937 6.4
      vertex 67.6526 56.8937 2.4
    endloop
  endfacet
  facet normal 0.831471 0.555568 0
    outer loop
      vertex 67.4646 57.275 6.4
      vertex 67.2284 57.6285 2.4
      vertex 67.2284 57.6285 6.4
    endloop
  endfacet
  facet normal 0.831471 0.555568 0
    outer loop
      vertex 67.2284 57.6285 2.4
      vertex 67.4646 57.275 6.4
      vertex 67.4646 57.275 2.4
    endloop
  endfacet
  facet normal -0.44222 0.896907 0
    outer loop
      vertex 63.4063 58.6526 2.4
      vertex 63.025 58.4646 6.4
      vertex 63.4063 58.6526 6.4
    endloop
  endfacet
  facet normal -0.44222 0.896907 0
    outer loop
      vertex 63.025 58.4646 6.4
      vertex 63.4063 58.6526 2.4
      vertex 63.025 58.4646 2.4
    endloop
  endfacet
  facet normal 0.65937 0.751818 -0
    outer loop
      vertex 66.9481 57.9481 2.4
      vertex 66.6285 58.2284 6.4
      vertex 66.9481 57.9481 6.4
    endloop
  endfacet
  facet normal 0.65937 0.751818 0
    outer loop
      vertex 66.6285 58.2284 6.4
      vertex 66.9481 57.9481 2.4
      vertex 66.6285 58.2284 2.4
    endloop
  endfacet
  facet normal -0.0653948 0.997859 0
    outer loop
      vertex 64.65 58.9 2.4
      vertex 64.2258 58.8722 6.4
      vertex 64.65 58.9 6.4
    endloop
  endfacet
  facet normal -0.0653948 0.997859 0
    outer loop
      vertex 64.2258 58.8722 6.4
      vertex 64.65 58.9 2.4
      vertex 64.2258 58.8722 2.4
    endloop
  endfacet
  facet normal 0.0653948 -0.997859 0
    outer loop
      vertex 64.65 52.4 2.4
      vertex 65.0742 52.4278 6.4
      vertex 64.65 52.4 6.4
    endloop
  endfacet
  facet normal 0.0653948 -0.997859 0
    outer loop
      vertex 65.0742 52.4278 6.4
      vertex 64.65 52.4 2.4
      vertex 65.0742 52.4278 2.4
    endloop
  endfacet
  facet normal 0.44222 0.896907 -0
    outer loop
      vertex 66.275 58.4646 2.4
      vertex 65.8937 58.6526 6.4
      vertex 66.275 58.4646 6.4
    endloop
  endfacet
  facet normal 0.44222 0.896907 0
    outer loop
      vertex 65.8937 58.6526 6.4
      vertex 66.275 58.4646 2.4
      vertex 65.8937 58.6526 2.4
    endloop
  endfacet
  facet normal 0 0 -1
    outer loop
      vertex 65.8 55.65 2.4
      vertex 67.9 55.65 2.4
      vertex 67.8722 55.2258 2.4
    endloop
  endfacet
  facet normal 0 0 -1
    outer loop
      vertex 65.7902 55.4999 2.4
      vertex 67.8722 55.2258 2.4
      vertex 67.7893 54.8088 2.4
    endloop
  endfacet
  facet normal 0 0 -1
    outer loop
      vertex 67.9 55.65 2.4
      vertex 65.8 55.65 2.4
      vertex 67.8722 56.0742 2.4
    endloop
  endfacet
  facet normal 0 0 -1
    outer loop
      vertex 65.7608 55.3524 2.4
      vertex 67.7893 54.8088 2.4
      vertex 67.6526 54.4063 2.4
    endloop
  endfacet
  facet normal 0 0 -1
    outer loop
      vertex 65.7902 55.8001 2.4
      vertex 67.8722 56.0742 2.4
      vertex 65.8 55.65 2.4
    endloop
  endfacet
  facet normal 0 0 -1
    outer loop
      vertex 65.7125 55.2099 2.4
      vertex 67.6526 54.4063 2.4
      vertex 67.4646 54.025 2.4
    endloop
  endfacet
  facet normal -0 0 -1
    outer loop
      vertex 67.8722 56.0742 2.4
      vertex 65.7902 55.8001 2.4
      vertex 67.7893 56.4912 2.4
    endloop
  endfacet
  facet normal 0 0 -1
    outer loop
      vertex 65.6459 55.075 2.4
      vertex 67.4646 54.025 2.4
      vertex 67.2284 53.6715 2.4
    endloop
  endfacet
  facet normal 0 0 -1
    outer loop
      vertex 65.7608 55.9476 2.4
      vertex 67.7893 56.4912 2.4
      vertex 65.7902 55.8001 2.4
    endloop
  endfacet
  facet normal 0 0 -1
    outer loop
      vertex 65.5624 54.9499 2.4
      vertex 67.2284 53.6715 2.4
      vertex 66.9481 53.3519 2.4
    endloop
  endfacet
  facet normal -0 0 -1
    outer loop
      vertex 67.7893 56.4912 2.4
      vertex 65.7608 55.9476 2.4
      vertex 67.6526 56.8937 2.4
    endloop
  endfacet
  facet normal 0 0 -1
    outer loop
      vertex 65.4632 54.8368 2.4
      vertex 66.9481 53.3519 2.4
      vertex 66.6285 53.0716 2.4
    endloop
  endfacet
  facet normal 0 0 -1
    outer loop
      vertex 65.7125 56.0901 2.4
      vertex 67.6526 56.8937 2.4
      vertex 65.7608 55.9476 2.4
    endloop
  endfacet
  facet normal 0 0 -1
    outer loop
      vertex 65.3501 54.7376 2.4
      vertex 66.6285 53.0716 2.4
      vertex 66.275 52.8354 2.4
    endloop
  endfacet
  facet normal -0 0 -1
    outer loop
      vertex 67.6526 56.8937 2.4
      vertex 65.7125 56.0901 2.4
      vertex 67.4646 57.275 2.4
    endloop
  endfacet
  facet normal 0 0 -1
    outer loop
      vertex 65.225 54.6541 2.4
      vertex 66.275 52.8354 2.4
      vertex 65.8937 52.6474 2.4
    endloop
  endfacet
  facet normal 0 0 -1
    outer loop
      vertex 65.6459 56.225 2.4
      vertex 67.4646 57.275 2.4
      vertex 65.7125 56.0901 2.4
    endloop
  endfacet
  facet normal -0 0 -1
    outer loop
      vertex 67.4646 57.275 2.4
      vertex 65.6459 56.225 2.4
      vertex 67.2284 57.6285 2.4
    endloop
  endfacet
  facet normal 0 0 -1
    outer loop
      vertex 67.8722 55.2258 2.4
      vertex 65.7902 55.4999 2.4
      vertex 65.8 55.65 2.4
    endloop
  endfacet
  facet normal 0 0 -1
    outer loop
      vertex 67.7893 54.8088 2.4
      vertex 65.7608 55.3524 2.4
      vertex 65.7902 55.4999 2.4
    endloop
  endfacet
  facet normal 0 0 -1
    outer loop
      vertex 67.6526 54.4063 2.4
      vertex 65.7125 55.2099 2.4
      vertex 65.7608 55.3524 2.4
    endloop
  endfacet
  facet normal 0 0 -1
    outer loop
      vertex 67.4646 54.025 2.4
      vertex 65.6459 55.075 2.4
      vertex 65.7125 55.2099 2.4
    endloop
  endfacet
  facet normal 0 0 -1
    outer loop
      vertex 67.2284 53.6715 2.4
      vertex 65.5624 54.9499 2.4
      vertex 65.6459 55.075 2.4
    endloop
  endfacet
  facet normal 0 0 -1
    outer loop
      vertex 65.0901 54.5875 2.4
      vertex 65.8937 52.6474 2.4
      vertex 65.4912 52.5107 2.4
    endloop
  endfacet
  facet normal 0 0 -1
    outer loop
      vertex 66.9481 53.3519 2.4
      vertex 65.4632 54.8368 2.4
      vertex 65.5624 54.9499 2.4
    endloop
  endfacet
  facet normal 0 0 -1
    outer loop
      vertex 66.6285 53.0716 2.4
      vertex 65.3501 54.7376 2.4
      vertex 65.4632 54.8368 2.4
    endloop
  endfacet
  facet normal 0 0 -1
    outer loop
      vertex 66.275 52.8354 2.4
      vertex 65.225 54.6541 2.4
      vertex 65.3501 54.7376 2.4
    endloop
  endfacet
  facet normal 0 0 -1
    outer loop
      vertex 65.8937 52.6474 2.4
      vertex 65.0901 54.5875 2.4
      vertex 65.225 54.6541 2.4
    endloop
  endfacet
  facet normal 0 0 -1
    outer loop
      vertex 64.9476 54.5392 2.4
      vertex 65.4912 52.5107 2.4
      vertex 65.0742 52.4278 2.4
    endloop
  endfacet
  facet normal 0 0 -1
    outer loop
      vertex 65.4912 52.5107 2.4
      vertex 64.9476 54.5392 2.4
      vertex 65.0901 54.5875 2.4
    endloop
  endfacet
  facet normal 0 0 -1
    outer loop
      vertex 65.0742 52.4278 2.4
      vertex 64.8001 54.5098 2.4
      vertex 64.9476 54.5392 2.4
    endloop
  endfacet
  facet normal 0 0 -1
    outer loop
      vertex 64.65 52.4 2.4
      vertex 64.8001 54.5098 2.4
      vertex 65.0742 52.4278 2.4
    endloop
  endfacet
  facet normal 0 0 -1
    outer loop
      vertex 64.65 52.4 2.4
      vertex 64.65 54.5 2.4
      vertex 64.8001 54.5098 2.4
    endloop
  endfacet
  facet normal 0 0 -1
    outer loop
      vertex 64.65 52.4 2.4
      vertex 64.4999 54.5098 2.4
      vertex 64.65 54.5 2.4
    endloop
  endfacet
  facet normal 0 0 -1
    outer loop
      vertex 64.2258 52.4278 2.4
      vertex 64.4999 54.5098 2.4
      vertex 64.65 52.4 2.4
    endloop
  endfacet
  facet normal -0 0 -1
    outer loop
      vertex 64.4999 54.5098 2.4
      vertex 64.2258 52.4278 2.4
      vertex 64.3524 54.5392 2.4
    endloop
  endfacet
  facet normal 0 0 -1
    outer loop
      vertex 63.8088 52.5107 2.4
      vertex 64.3524 54.5392 2.4
      vertex 64.2258 52.4278 2.4
    endloop
  endfacet
  facet normal -0 0 -1
    outer loop
      vertex 64.3524 54.5392 2.4
      vertex 63.8088 52.5107 2.4
      vertex 64.2099 54.5875 2.4
    endloop
  endfacet
  facet normal 0 0 -1
    outer loop
      vertex 63.4063 52.6474 2.4
      vertex 64.2099 54.5875 2.4
      vertex 63.8088 52.5107 2.4
    endloop
  endfacet
  facet normal -0 0 -1
    outer loop
      vertex 64.2099 54.5875 2.4
      vertex 63.4063 52.6474 2.4
      vertex 64.075 54.6541 2.4
    endloop
  endfacet
  facet normal 0 0 -1
    outer loop
      vertex 63.025 52.8354 2.4
      vertex 64.075 54.6541 2.4
      vertex 63.4063 52.6474 2.4
    endloop
  endfacet
  facet normal -0 0 -1
    outer loop
      vertex 64.075 54.6541 2.4
      vertex 63.025 52.8354 2.4
      vertex 63.9499 54.7376 2.4
    endloop
  endfacet
  facet normal 0 0 -1
    outer loop
      vertex 62.6715 53.0716 2.4
      vertex 63.9499 54.7376 2.4
      vertex 63.025 52.8354 2.4
    endloop
  endfacet
  facet normal -0 0 -1
    outer loop
      vertex 63.9499 54.7376 2.4
      vertex 62.6715 53.0716 2.4
      vertex 63.8368 54.8368 2.4
    endloop
  endfacet
  facet normal 0 0 -1
    outer loop
      vertex 62.3519 53.3519 2.4
      vertex 63.8368 54.8368 2.4
      vertex 62.6715 53.0716 2.4
    endloop
  endfacet
  facet normal -0 0 -1
    outer loop
      vertex 63.8368 54.8368 2.4
      vertex 62.3519 53.3519 2.4
      vertex 63.7376 54.9499 2.4
    endloop
  endfacet
  facet normal -0 0 -1
    outer loop
      vertex 63.7376 54.9499 2.4
      vertex 62.0716 53.6715 2.4
      vertex 63.6541 55.075 2.4
    endloop
  endfacet
  facet normal 0 0 -1
    outer loop
      vertex 62.0716 53.6715 2.4
      vertex 63.7376 54.9499 2.4
      vertex 62.3519 53.3519 2.4
    endloop
  endfacet
  facet normal 0 0 -1
    outer loop
      vertex 65.5624 56.3501 2.4
      vertex 67.2284 57.6285 2.4
      vertex 65.6459 56.225 2.4
    endloop
  endfacet
  facet normal -0 0 -1
    outer loop
      vertex 67.2284 57.6285 2.4
      vertex 65.5624 56.3501 2.4
      vertex 66.9481 57.9481 2.4
    endloop
  endfacet
  facet normal 0 0 -1
    outer loop
      vertex 65.4632 56.4632 2.4
      vertex 66.9481 57.9481 2.4
      vertex 65.5624 56.3501 2.4
    endloop
  endfacet
  facet normal -0 0 -1
    outer loop
      vertex 66.9481 57.9481 2.4
      vertex 65.4632 56.4632 2.4
      vertex 66.6285 58.2284 2.4
    endloop
  endfacet
  facet normal 0 0 -1
    outer loop
      vertex 65.3501 56.5624 2.4
      vertex 66.6285 58.2284 2.4
      vertex 65.4632 56.4632 2.4
    endloop
  endfacet
  facet normal -0 0 -1
    outer loop
      vertex 66.6285 58.2284 2.4
      vertex 65.3501 56.5624 2.4
      vertex 66.275 58.4646 2.4
    endloop
  endfacet
  facet normal 0 0 -1
    outer loop
      vertex 65.225 56.6459 2.4
      vertex 66.275 58.4646 2.4
      vertex 65.3501 56.5624 2.4
    endloop
  endfacet
  facet normal -0 0 -1
    outer loop
      vertex 66.275 58.4646 2.4
      vertex 65.225 56.6459 2.4
      vertex 65.8937 58.6526 2.4
    endloop
  endfacet
  facet normal 0 0 -1
    outer loop
      vertex 65.0901 56.7125 2.4
      vertex 65.8937 58.6526 2.4
      vertex 65.225 56.6459 2.4
    endloop
  endfacet
  facet normal -0 0 -1
    outer loop
      vertex 65.8937 58.6526 2.4
      vertex 65.0901 56.7125 2.4
      vertex 65.4912 58.7893 2.4
    endloop
  endfacet
  facet normal 0 0 -1
    outer loop
      vertex 64.9476 56.7608 2.4
      vertex 65.4912 58.7893 2.4
      vertex 65.0901 56.7125 2.4
    endloop
  endfacet
  facet normal -0 0 -1
    outer loop
      vertex 65.4912 58.7893 2.4
      vertex 64.9476 56.7608 2.4
      vertex 65.0742 58.8722 2.4
    endloop
  endfacet
  facet normal 0 0 -1
    outer loop
      vertex 64.8001 56.7902 2.4
      vertex 65.0742 58.8722 2.4
      vertex 64.9476 56.7608 2.4
    endloop
  endfacet
  facet normal 0 0 -1
    outer loop
      vertex 64.65 56.8 2.4
      vertex 65.0742 58.8722 2.4
      vertex 64.8001 56.7902 2.4
    endloop
  endfacet
  facet normal 0 0 -1
    outer loop
      vertex 64.65 56.8 2.4
      vertex 64.65 58.9 2.4
      vertex 65.0742 58.8722 2.4
    endloop
  endfacet
  facet normal 0 0 -1
    outer loop
      vertex 64.4999 56.7902 2.4
      vertex 64.65 58.9 2.4
      vertex 64.65 56.8 2.4
    endloop
  endfacet
  facet normal 0 0 -1
    outer loop
      vertex 64.2258 58.8722 2.4
      vertex 64.4999 56.7902 2.4
      vertex 64.3524 56.7608 2.4
    endloop
  endfacet
  facet normal 0 0 -1
    outer loop
      vertex 64.4999 56.7902 2.4
      vertex 64.2258 58.8722 2.4
      vertex 64.65 58.9 2.4
    endloop
  endfacet
  facet normal 0 0 -1
    outer loop
      vertex 63.8088 58.7893 2.4
      vertex 64.3524 56.7608 2.4
      vertex 64.2099 56.7125 2.4
    endloop
  endfacet
  facet normal 0 0 -1
    outer loop
      vertex 63.4063 58.6526 2.4
      vertex 64.2099 56.7125 2.4
      vertex 64.075 56.6459 2.4
    endloop
  endfacet
  facet normal 0 0 -1
    outer loop
      vertex 63.025 58.4646 2.4
      vertex 64.075 56.6459 2.4
      vertex 63.9499 56.5624 2.4
    endloop
  endfacet
  facet normal 0 0 -1
    outer loop
      vertex 62.6715 58.2284 2.4
      vertex 63.9499 56.5624 2.4
      vertex 63.8368 56.4632 2.4
    endloop
  endfacet
  facet normal 0 0 -1
    outer loop
      vertex 64.3524 56.7608 2.4
      vertex 63.8088 58.7893 2.4
      vertex 64.2258 58.8722 2.4
    endloop
  endfacet
  facet normal 0 0 -1
    outer loop
      vertex 62.3519 57.9481 2.4
      vertex 63.8368 56.4632 2.4
      vertex 63.7376 56.3501 2.4
    endloop
  endfacet
  facet normal 0 0 -1
    outer loop
      vertex 62.0716 57.6285 2.4
      vertex 63.7376 56.3501 2.4
      vertex 63.6541 56.225 2.4
    endloop
  endfacet
  facet normal 0 0 -1
    outer loop
      vertex 61.8354 57.275 2.4
      vertex 63.6541 56.225 2.4
      vertex 63.5875 56.0901 2.4
    endloop
  endfacet
  facet normal 0 0 -1
    outer loop
      vertex 61.6474 56.8937 2.4
      vertex 63.5875 56.0901 2.4
      vertex 63.5392 55.9476 2.4
    endloop
  endfacet
  facet normal 0 0 -1
    outer loop
      vertex 61.5107 56.4912 2.4
      vertex 63.5392 55.9476 2.4
      vertex 63.5098 55.8001 2.4
    endloop
  endfacet
  facet normal 0 0 -1
    outer loop
      vertex 64.2099 56.7125 2.4
      vertex 63.4063 58.6526 2.4
      vertex 63.8088 58.7893 2.4
    endloop
  endfacet
  facet normal 0 0 -1
    outer loop
      vertex 61.4278 56.0742 2.4
      vertex 63.5098 55.8001 2.4
      vertex 63.5 55.65 2.4
    endloop
  endfacet
  facet normal 0 0 -1
    outer loop
      vertex 61.8354 54.025 2.4
      vertex 63.6541 55.075 2.4
      vertex 62.0716 53.6715 2.4
    endloop
  endfacet
  facet normal -0 0 -1
    outer loop
      vertex 63.6541 55.075 2.4
      vertex 61.8354 54.025 2.4
      vertex 63.5875 55.2099 2.4
    endloop
  endfacet
  facet normal 0 0 -1
    outer loop
      vertex 64.075 56.6459 2.4
      vertex 63.025 58.4646 2.4
      vertex 63.4063 58.6526 2.4
    endloop
  endfacet
  facet normal 0 0 -1
    outer loop
      vertex 61.6474 54.4063 2.4
      vertex 63.5875 55.2099 2.4
      vertex 61.8354 54.025 2.4
    endloop
  endfacet
  facet normal 0 0 -1
    outer loop
      vertex 63.9499 56.5624 2.4
      vertex 62.6715 58.2284 2.4
      vertex 63.025 58.4646 2.4
    endloop
  endfacet
  facet normal -0 0 -1
    outer loop
      vertex 63.5875 55.2099 2.4
      vertex 61.6474 54.4063 2.4
      vertex 63.5392 55.3524 2.4
    endloop
  endfacet
  facet normal 0 0 -1
    outer loop
      vertex 63.8368 56.4632 2.4
      vertex 62.3519 57.9481 2.4
      vertex 62.6715 58.2284 2.4
    endloop
  endfacet
  facet normal 0 0 -1
    outer loop
      vertex 61.5107 54.8088 2.4
      vertex 63.5392 55.3524 2.4
      vertex 61.6474 54.4063 2.4
    endloop
  endfacet
  facet normal 0 0 -1
    outer loop
      vertex 63.7376 56.3501 2.4
      vertex 62.0716 57.6285 2.4
      vertex 62.3519 57.9481 2.4
    endloop
  endfacet
  facet normal -0 0 -1
    outer loop
      vertex 63.5392 55.3524 2.4
      vertex 61.5107 54.8088 2.4
      vertex 63.5098 55.4999 2.4
    endloop
  endfacet
  facet normal 0 0 -1
    outer loop
      vertex 63.6541 56.225 2.4
      vertex 61.8354 57.275 2.4
      vertex 62.0716 57.6285 2.4
    endloop
  endfacet
  facet normal 0 0 -1
    outer loop
      vertex 61.4278 55.2258 2.4
      vertex 63.5098 55.4999 2.4
      vertex 61.5107 54.8088 2.4
    endloop
  endfacet
  facet normal 0 0 -1
    outer loop
      vertex 63.5875 56.0901 2.4
      vertex 61.6474 56.8937 2.4
      vertex 61.8354 57.275 2.4
    endloop
  endfacet
  facet normal -0 0 -1
    outer loop
      vertex 63.5098 55.4999 2.4
      vertex 61.4278 55.2258 2.4
      vertex 63.5 55.65 2.4
    endloop
  endfacet
  facet normal 0 0 -1
    outer loop
      vertex 63.5392 55.9476 2.4
      vertex 61.5107 56.4912 2.4
      vertex 61.6474 56.8937 2.4
    endloop
  endfacet
  facet normal 0 0 -1
    outer loop
      vertex 61.4 55.65 2.4
      vertex 63.5 55.65 2.4
      vertex 61.4278 55.2258 2.4
    endloop
  endfacet
  facet normal 0 0 -1
    outer loop
      vertex 63.5098 55.8001 2.4
      vertex 61.4278 56.0742 2.4
      vertex 61.5107 56.4912 2.4
    endloop
  endfacet
  facet normal 0 0 -1
    outer loop
      vertex 63.5 55.65 2.4
      vertex 61.4 55.65 2.4
      vertex 61.4278 56.0742 2.4
    endloop
  endfacet
  facet normal 0.751818 0.65937 0
    outer loop
      vertex 67.2284 57.6285 6.4
      vertex 66.9481 57.9481 2.4
      vertex 66.9481 57.9481 6.4
    endloop
  endfacet
  facet normal 0.751818 0.65937 0
    outer loop
      vertex 66.9481 57.9481 2.4
      vertex 67.2284 57.6285 6.4
      vertex 67.2284 57.6285 2.4
    endloop
  endfacet
  facet normal 0.980806 -0.194985 0
    outer loop
      vertex 67.7893 54.8088 6.4
      vertex 67.8722 55.2258 2.4
      vertex 67.8722 55.2258 6.4
    endloop
  endfacet
  facet normal 0.980806 -0.194985 0
    outer loop
      vertex 67.8722 55.2258 2.4
      vertex 67.7893 54.8088 6.4
      vertex 67.7893 54.8088 2.4
    endloop
  endfacet
  facet normal 0.555568 -0.831471 0
    outer loop
      vertex 66.275 52.8354 2.4
      vertex 66.6285 53.0716 6.4
      vertex 66.275 52.8354 6.4
    endloop
  endfacet
  facet normal 0.555568 -0.831471 0
    outer loop
      vertex 66.6285 53.0716 6.4
      vertex 66.275 52.8354 2.4
      vertex 66.6285 53.0716 2.4
    endloop
  endfacet
  facet normal -0.997859 0.0653948 0
    outer loop
      vertex 61.4 55.65 2.4
      vertex 61.4278 56.0742 6.4
      vertex 61.4278 56.0742 2.4
    endloop
  endfacet
  facet normal -0.997859 0.0653948 0
    outer loop
      vertex 61.4278 56.0742 6.4
      vertex 61.4 55.65 2.4
      vertex 61.4 55.65 6.4
    endloop
  endfacet
  facet normal -0.65937 0.751818 0
    outer loop
      vertex 62.6715 58.2284 2.4
      vertex 62.3519 57.9481 6.4
      vertex 62.6715 58.2284 6.4
    endloop
  endfacet
  facet normal -0.65937 0.751818 0
    outer loop
      vertex 62.3519 57.9481 6.4
      vertex 62.6715 58.2284 2.4
      vertex 62.3519 57.9481 2.4
    endloop
  endfacet
  facet normal -0.65937 -0.751818 0
    outer loop
      vertex 62.3519 53.3519 2.4
      vertex 62.6715 53.0716 6.4
      vertex 62.3519 53.3519 6.4
    endloop
  endfacet
  facet normal -0.65937 -0.751818 -0
    outer loop
      vertex 62.6715 53.0716 6.4
      vertex 62.3519 53.3519 2.4
      vertex 62.6715 53.0716 2.4
    endloop
  endfacet
  facet normal 0.831471 -0.555568 0
    outer loop
      vertex 67.2284 53.6715 6.4
      vertex 67.4646 54.025 2.4
      vertex 67.4646 54.025 6.4
    endloop
  endfacet
  facet normal 0.831471 -0.555568 0
    outer loop
      vertex 67.4646 54.025 2.4
      vertex 67.2284 53.6715 6.4
      vertex 67.2284 53.6715 2.4
    endloop
  endfacet
  facet normal -0.194985 -0.980806 0
    outer loop
      vertex 63.8088 52.5107 2.4
      vertex 64.2258 52.4278 6.4
      vertex 63.8088 52.5107 6.4
    endloop
  endfacet
  facet normal -0.194985 -0.980806 -0
    outer loop
      vertex 64.2258 52.4278 6.4
      vertex 63.8088 52.5107 2.4
      vertex 64.2258 52.4278 2.4
    endloop
  endfacet
  facet normal 0.751818 -0.65937 0
    outer loop
      vertex 66.9481 53.3519 6.4
      vertex 67.2284 53.6715 2.4
      vertex 67.2284 53.6715 6.4
    endloop
  endfacet
  facet normal 0.751818 -0.65937 0
    outer loop
      vertex 67.2284 53.6715 2.4
      vertex 66.9481 53.3519 6.4
      vertex 66.9481 53.3519 2.4
    endloop
  endfacet
  facet normal -0.980806 0.194985 0
    outer loop
      vertex 61.4278 56.0742 2.4
      vertex 61.5107 56.4912 6.4
      vertex 61.5107 56.4912 2.4
    endloop
  endfacet
  facet normal -0.980806 0.194985 0
    outer loop
      vertex 61.5107 56.4912 6.4
      vertex 61.4278 56.0742 2.4
      vertex 61.4278 56.0742 6.4
    endloop
  endfacet
  facet normal 0.94688 -0.321586 0
    outer loop
      vertex 67.6526 54.4063 6.4
      vertex 67.7893 54.8088 2.4
      vertex 67.7893 54.8088 6.4
    endloop
  endfacet
  facet normal 0.94688 -0.321586 0
    outer loop
      vertex 67.7893 54.8088 2.4
      vertex 67.6526 54.4063 6.4
      vertex 67.6526 54.4063 2.4
    endloop
  endfacet
  facet normal 0.555568 0.831471 -0
    outer loop
      vertex 66.6285 58.2284 2.4
      vertex 66.275 58.4646 6.4
      vertex 66.6285 58.2284 6.4
    endloop
  endfacet
  facet normal 0.555568 0.831471 0
    outer loop
      vertex 66.275 58.4646 6.4
      vertex 66.6285 58.2284 2.4
      vertex 66.275 58.4646 2.4
    endloop
  endfacet
  facet normal -0.321586 -0.94688 0
    outer loop
      vertex 63.4063 52.6474 2.4
      vertex 63.8088 52.5107 6.4
      vertex 63.4063 52.6474 6.4
    endloop
  endfacet
  facet normal -0.321586 -0.94688 -0
    outer loop
      vertex 63.8088 52.5107 6.4
      vertex 63.4063 52.6474 2.4
      vertex 63.8088 52.5107 2.4
    endloop
  endfacet
  facet normal -0.751818 0.65937 0
    outer loop
      vertex 62.0716 57.6285 2.4
      vertex 62.3519 57.9481 6.4
      vertex 62.3519 57.9481 2.4
    endloop
  endfacet
  facet normal -0.751818 0.65937 0
    outer loop
      vertex 62.3519 57.9481 6.4
      vertex 62.0716 57.6285 2.4
      vertex 62.0716 57.6285 6.4
    endloop
  endfacet
  facet normal 0.896907 -0.44222 0
    outer loop
      vertex 67.4646 54.025 6.4
      vertex 67.6526 54.4063 2.4
      vertex 67.6526 54.4063 6.4
    endloop
  endfacet
  facet normal 0.896907 -0.44222 0
    outer loop
      vertex 67.6526 54.4063 2.4
      vertex 67.4646 54.025 6.4
      vertex 67.4646 54.025 2.4
    endloop
  endfacet
  facet normal -0.997859 -0.0653948 0
    outer loop
      vertex 61.4278 55.2258 2.4
      vertex 61.4 55.65 6.4
      vertex 61.4 55.65 2.4
    endloop
  endfacet
  facet normal -0.997859 -0.0653948 0
    outer loop
      vertex 61.4 55.65 6.4
      vertex 61.4278 55.2258 2.4
      vertex 61.4278 55.2258 6.4
    endloop
  endfacet
  facet normal -0.751818 -0.65937 0
    outer loop
      vertex 62.3519 53.3519 2.4
      vertex 62.0716 53.6715 6.4
      vertex 62.0716 53.6715 2.4
    endloop
  endfacet
  facet normal -0.751818 -0.65937 0
    outer loop
      vertex 62.0716 53.6715 6.4
      vertex 62.3519 53.3519 2.4
      vertex 62.3519 53.3519 6.4
    endloop
  endfacet
  facet normal -0.321586 0.94688 0
    outer loop
      vertex 63.8088 58.7893 2.4
      vertex 63.4063 58.6526 6.4
      vertex 63.8088 58.7893 6.4
    endloop
  endfacet
  facet normal -0.321586 0.94688 0
    outer loop
      vertex 63.4063 58.6526 6.4
      vertex 63.8088 58.7893 2.4
      vertex 63.4063 58.6526 2.4
    endloop
  endfacet
  facet normal -0.94688 -0.321586 0
    outer loop
      vertex 61.6474 54.4063 2.4
      vertex 61.5107 54.8088 6.4
      vertex 61.5107 54.8088 2.4
    endloop
  endfacet
  facet normal -0.94688 -0.321586 0
    outer loop
      vertex 61.5107 54.8088 6.4
      vertex 61.6474 54.4063 2.4
      vertex 61.6474 54.4063 6.4
    endloop
  endfacet
  facet normal -0.896907 0.44222 0
    outer loop
      vertex 61.6474 56.8937 2.4
      vertex 61.8354 57.275 6.4
      vertex 61.8354 57.275 2.4
    endloop
  endfacet
  facet normal -0.896907 0.44222 0
    outer loop
      vertex 61.8354 57.275 6.4
      vertex 61.6474 56.8937 2.4
      vertex 61.6474 56.8937 6.4
    endloop
  endfacet
  facet normal 0.0653948 0.997859 -0
    outer loop
      vertex 65.0742 58.8722 2.4
      vertex 64.65 58.9 6.4
      vertex 65.0742 58.8722 6.4
    endloop
  endfacet
  facet normal 0.0653948 0.997859 0
    outer loop
      vertex 64.65 58.9 6.4
      vertex 65.0742 58.8722 2.4
      vertex 64.65 58.9 2.4
    endloop
  endfacet
  facet normal 0.997859 -0.0653948 0
    outer loop
      vertex 67.8722 55.2258 6.4
      vertex 67.9 55.65 2.4
      vertex 67.9 55.65 6.4
    endloop
  endfacet
  facet normal 0.997859 -0.0653948 0
    outer loop
      vertex 67.9 55.65 2.4
      vertex 67.8722 55.2258 6.4
      vertex 67.8722 55.2258 2.4
    endloop
  endfacet
  facet normal 0.321586 -0.94688 0
    outer loop
      vertex 65.4912 52.5107 2.4
      vertex 65.8937 52.6474 6.4
      vertex 65.4912 52.5107 6.4
    endloop
  endfacet
  facet normal 0.321586 -0.94688 0
    outer loop
      vertex 65.8937 52.6474 6.4
      vertex 65.4912 52.5107 2.4
      vertex 65.8937 52.6474 2.4
    endloop
  endfacet
  facet normal -0.194985 0.980806 0
    outer loop
      vertex 64.2258 58.8722 2.4
      vertex 63.8088 58.7893 6.4
      vertex 64.2258 58.8722 6.4
    endloop
  endfacet
  facet normal -0.194985 0.980806 0
    outer loop
      vertex 63.8088 58.7893 6.4
      vertex 64.2258 58.8722 2.4
      vertex 63.8088 58.7893 2.4
    endloop
  endfacet
  facet normal -0.555568 0.831471 0
    outer loop
      vertex 63.025 58.4646 2.4
      vertex 62.6715 58.2284 6.4
      vertex 63.025 58.4646 6.4
    endloop
  endfacet
  facet normal -0.555568 0.831471 0
    outer loop
      vertex 62.6715 58.2284 6.4
      vertex 63.025 58.4646 2.4
      vertex 62.6715 58.2284 2.4
    endloop
  endfacet
  facet normal -0.0653948 -0.997859 0
    outer loop
      vertex 64.2258 52.4278 2.4
      vertex 64.65 52.4 6.4
      vertex 64.2258 52.4278 6.4
    endloop
  endfacet
  facet normal -0.0653948 -0.997859 -0
    outer loop
      vertex 64.65 52.4 6.4
      vertex 64.2258 52.4278 2.4
      vertex 64.65 52.4 2.4
    endloop
  endfacet
  facet normal -0.94688 0.321586 0
    outer loop
      vertex 61.5107 56.4912 2.4
      vertex 61.6474 56.8937 6.4
      vertex 61.6474 56.8937 2.4
    endloop
  endfacet
  facet normal -0.94688 0.321586 0
    outer loop
      vertex 61.6474 56.8937 6.4
      vertex 61.5107 56.4912 2.4
      vertex 61.5107 56.4912 6.4
    endloop
  endfacet
  facet normal -0.980806 -0.194985 0
    outer loop
      vertex 61.5107 54.8088 2.4
      vertex 61.4278 55.2258 6.4
      vertex 61.4278 55.2258 2.4
    endloop
  endfacet
  facet normal -0.980806 -0.194985 0
    outer loop
      vertex 61.4278 55.2258 6.4
      vertex 61.5107 54.8088 2.4
      vertex 61.5107 54.8088 6.4
    endloop
  endfacet
  facet normal -0.831471 0.555568 0
    outer loop
      vertex 61.8354 57.275 2.4
      vertex 62.0716 57.6285 6.4
      vertex 62.0716 57.6285 2.4
    endloop
  endfacet
  facet normal -0.831471 0.555568 0
    outer loop
      vertex 62.0716 57.6285 6.4
      vertex 61.8354 57.275 2.4
      vertex 61.8354 57.275 6.4
    endloop
  endfacet
  facet normal 0.194985 -0.980806 0
    outer loop
      vertex 65.0742 52.4278 2.4
      vertex 65.4912 52.5107 6.4
      vertex 65.0742 52.4278 6.4
    endloop
  endfacet
  facet normal 0.194985 -0.980806 0
    outer loop
      vertex 65.4912 52.5107 6.4
      vertex 65.0742 52.4278 2.4
      vertex 65.4912 52.5107 2.4
    endloop
  endfacet
  facet normal 0.194985 0.980806 -0
    outer loop
      vertex 65.4912 58.7893 2.4
      vertex 65.0742 58.8722 6.4
      vertex 65.4912 58.7893 6.4
    endloop
  endfacet
  facet normal 0.194985 0.980806 0
    outer loop
      vertex 65.0742 58.8722 6.4
      vertex 65.4912 58.7893 2.4
      vertex 65.0742 58.8722 2.4
    endloop
  endfacet
  facet normal 0.65937 -0.751818 0
    outer loop
      vertex 66.6285 53.0716 2.4
      vertex 66.9481 53.3519 6.4
      vertex 66.6285 53.0716 6.4
    endloop
  endfacet
  facet normal 0.65937 -0.751818 0
    outer loop
      vertex 66.9481 53.3519 6.4
      vertex 66.6285 53.0716 2.4
      vertex 66.9481 53.3519 2.4
    endloop
  endfacet
  facet normal -0.896907 -0.44222 0
    outer loop
      vertex 61.8354 54.025 2.4
      vertex 61.6474 54.4063 6.4
      vertex 61.6474 54.4063 2.4
    endloop
  endfacet
  facet normal -0.896907 -0.44222 0
    outer loop
      vertex 61.6474 54.4063 6.4
      vertex 61.8354 54.025 2.4
      vertex 61.8354 54.025 6.4
    endloop
  endfacet
  facet normal 0.44222 -0.896907 0
    outer loop
      vertex 65.8937 52.6474 2.4
      vertex 66.275 52.8354 6.4
      vertex 65.8937 52.6474 6.4
    endloop
  endfacet
  facet normal 0.44222 -0.896907 0
    outer loop
      vertex 66.275 52.8354 6.4
      vertex 65.8937 52.6474 2.4
      vertex 66.275 52.8354 2.4
    endloop
  endfacet
  facet normal 0.321586 0.94688 -0
    outer loop
      vertex 65.8937 58.6526 2.4
      vertex 65.4912 58.7893 6.4
      vertex 65.8937 58.6526 6.4
    endloop
  endfacet
  facet normal 0.321586 0.94688 0
    outer loop
      vertex 65.4912 58.7893 6.4
      vertex 65.8937 58.6526 2.4
      vertex 65.4912 58.7893 2.4
    endloop
  endfacet
  facet normal -0.555568 -0.831471 0
    outer loop
      vertex 62.6715 53.0716 2.4
      vertex 63.025 52.8354 6.4
      vertex 62.6715 53.0716 6.4
    endloop
  endfacet
  facet normal -0.555568 -0.831471 -0
    outer loop
      vertex 63.025 52.8354 6.4
      vertex 62.6715 53.0716 2.4
      vertex 63.025 52.8354 2.4
    endloop
  endfacet
  facet normal -0.44222 -0.896907 0
    outer loop
      vertex 63.025 52.8354 2.4
      vertex 63.4063 52.6474 6.4
      vertex 63.025 52.8354 6.4
    endloop
  endfacet
  facet normal -0.44222 -0.896907 -0
    outer loop
      vertex 63.4063 52.6474 6.4
      vertex 63.025 52.8354 2.4
      vertex 63.4063 52.6474 2.4
    endloop
  endfacet
  facet normal -0.831471 -0.555568 0
    outer loop
      vertex 62.0716 53.6715 2.4
      vertex 61.8354 54.025 6.4
      vertex 61.8354 54.025 2.4
    endloop
  endfacet
  facet normal -0.831471 -0.555568 0
    outer loop
      vertex 61.8354 54.025 6.4
      vertex 62.0716 53.6715 2.4
      vertex 62.0716 53.6715 6.4
    endloop
  endfacet
  facet normal 0 0 1
    outer loop
      vertex 65.8 55.65 6.4
      vertex 67.9 55.65 6.4
      vertex 67.8722 56.0742 6.4
    endloop
  endfacet
  facet normal 0 0 1
    outer loop
      vertex 65.7902 55.8001 6.4
      vertex 67.8722 56.0742 6.4
      vertex 67.7893 56.4912 6.4
    endloop
  endfacet
  facet normal 0 0 1
    outer loop
      vertex 67.9 55.65 6.4
      vertex 65.8 55.65 6.4
      vertex 67.8722 55.2258 6.4
    endloop
  endfacet
  facet normal 0 0 1
    outer loop
      vertex 65.7608 55.9476 6.4
      vertex 67.7893 56.4912 6.4
      vertex 67.6526 56.8937 6.4
    endloop
  endfacet
  facet normal -0 0 1
    outer loop
      vertex 65.7902 55.4999 6.4
      vertex 67.8722 55.2258 6.4
      vertex 65.8 55.65 6.4
    endloop
  endfacet
  facet normal 0 0 1
    outer loop
      vertex 65.7125 56.0901 6.4
      vertex 67.6526 56.8937 6.4
      vertex 67.4646 57.275 6.4
    endloop
  endfacet
  facet normal 0 0 1
    outer loop
      vertex 67.8722 55.2258 6.4
      vertex 65.7902 55.4999 6.4
      vertex 67.7893 54.8088 6.4
    endloop
  endfacet
  facet normal 0 0 1
    outer loop
      vertex 65.6459 56.225 6.4
      vertex 67.4646 57.275 6.4
      vertex 67.2284 57.6285 6.4
    endloop
  endfacet
  facet normal -0 0 1
    outer loop
      vertex 65.7608 55.3524 6.4
      vertex 67.7893 54.8088 6.4
      vertex 65.7902 55.4999 6.4
    endloop
  endfacet
  facet normal 0 0 1
    outer loop
      vertex 65.5624 56.3501 6.4
      vertex 67.2284 57.6285 6.4
      vertex 66.9481 57.9481 6.4
    endloop
  endfacet
  facet normal 0 0 1
    outer loop
      vertex 67.7893 54.8088 6.4
      vertex 65.7608 55.3524 6.4
      vertex 67.6526 54.4063 6.4
    endloop
  endfacet
  facet normal 0 0 1
    outer loop
      vertex 65.4632 56.4632 6.4
      vertex 66.9481 57.9481 6.4
      vertex 66.6285 58.2284 6.4
    endloop
  endfacet
  facet normal -0 0 1
    outer loop
      vertex 65.7125 55.2099 6.4
      vertex 67.6526 54.4063 6.4
      vertex 65.7608 55.3524 6.4
    endloop
  endfacet
  facet normal 0 0 1
    outer loop
      vertex 65.3501 56.5624 6.4
      vertex 66.6285 58.2284 6.4
      vertex 66.275 58.4646 6.4
    endloop
  endfacet
  facet normal 0 0 1
    outer loop
      vertex 67.6526 54.4063 6.4
      vertex 65.7125 55.2099 6.4
      vertex 67.4646 54.025 6.4
    endloop
  endfacet
  facet normal 0 0 1
    outer loop
      vertex 65.225 56.6459 6.4
      vertex 66.275 58.4646 6.4
      vertex 65.8937 58.6526 6.4
    endloop
  endfacet
  facet normal -0 0 1
    outer loop
      vertex 65.6459 55.075 6.4
      vertex 67.4646 54.025 6.4
      vertex 65.7125 55.2099 6.4
    endloop
  endfacet
  facet normal 0 0 1
    outer loop
      vertex 67.4646 54.025 6.4
      vertex 65.6459 55.075 6.4
      vertex 67.2284 53.6715 6.4
    endloop
  endfacet
  facet normal 0 0 1
    outer loop
      vertex 67.8722 56.0742 6.4
      vertex 65.7902 55.8001 6.4
      vertex 65.8 55.65 6.4
    endloop
  endfacet
  facet normal 0 0 1
    outer loop
      vertex 67.7893 56.4912 6.4
      vertex 65.7608 55.9476 6.4
      vertex 65.7902 55.8001 6.4
    endloop
  endfacet
  facet normal 0 0 1
    outer loop
      vertex 67.6526 56.8937 6.4
      vertex 65.7125 56.0901 6.4
      vertex 65.7608 55.9476 6.4
    endloop
  endfacet
  facet normal 0 0 1
    outer loop
      vertex 67.4646 57.275 6.4
      vertex 65.6459 56.225 6.4
      vertex 65.7125 56.0901 6.4
    endloop
  endfacet
  facet normal 0 0 1
    outer loop
      vertex 67.2284 57.6285 6.4
      vertex 65.5624 56.3501 6.4
      vertex 65.6459 56.225 6.4
    endloop
  endfacet
  facet normal 0 0 1
    outer loop
      vertex 65.0901 56.7125 6.4
      vertex 65.8937 58.6526 6.4
      vertex 65.4912 58.7893 6.4
    endloop
  endfacet
  facet normal 0 0 1
    outer loop
      vertex 66.9481 57.9481 6.4
      vertex 65.4632 56.4632 6.4
      vertex 65.5624 56.3501 6.4
    endloop
  endfacet
  facet normal 0 0 1
    outer loop
      vertex 66.6285 58.2284 6.4
      vertex 65.3501 56.5624 6.4
      vertex 65.4632 56.4632 6.4
    endloop
  endfacet
  facet normal 0 0 1
    outer loop
      vertex 66.275 58.4646 6.4
      vertex 65.225 56.6459 6.4
      vertex 65.3501 56.5624 6.4
    endloop
  endfacet
  facet normal 0 0 1
    outer loop
      vertex 65.8937 58.6526 6.4
      vertex 65.0901 56.7125 6.4
      vertex 65.225 56.6459 6.4
    endloop
  endfacet
  facet normal 0 0 1
    outer loop
      vertex 64.9476 56.7608 6.4
      vertex 65.4912 58.7893 6.4
      vertex 65.0742 58.8722 6.4
    endloop
  endfacet
  facet normal 0 0 1
    outer loop
      vertex 65.4912 58.7893 6.4
      vertex 64.9476 56.7608 6.4
      vertex 65.0901 56.7125 6.4
    endloop
  endfacet
  facet normal 0 0 1
    outer loop
      vertex 65.0742 58.8722 6.4
      vertex 64.8001 56.7902 6.4
      vertex 64.9476 56.7608 6.4
    endloop
  endfacet
  facet normal 0 0 1
    outer loop
      vertex 64.65 58.9 6.4
      vertex 64.8001 56.7902 6.4
      vertex 65.0742 58.8722 6.4
    endloop
  endfacet
  facet normal 0 0 1
    outer loop
      vertex 64.65 58.9 6.4
      vertex 64.65 56.8 6.4
      vertex 64.8001 56.7902 6.4
    endloop
  endfacet
  facet normal 0 0 1
    outer loop
      vertex 64.65 58.9 6.4
      vertex 64.4999 56.7902 6.4
      vertex 64.65 56.8 6.4
    endloop
  endfacet
  facet normal -0 0 1
    outer loop
      vertex 64.2258 58.8722 6.4
      vertex 64.4999 56.7902 6.4
      vertex 64.65 58.9 6.4
    endloop
  endfacet
  facet normal 0 0 1
    outer loop
      vertex 64.4999 56.7902 6.4
      vertex 64.2258 58.8722 6.4
      vertex 64.3524 56.7608 6.4
    endloop
  endfacet
  facet normal -0 0 1
    outer loop
      vertex 63.8088 58.7893 6.4
      vertex 64.3524 56.7608 6.4
      vertex 64.2258 58.8722 6.4
    endloop
  endfacet
  facet normal 0 0 1
    outer loop
      vertex 64.3524 56.7608 6.4
      vertex 63.8088 58.7893 6.4
      vertex 64.2099 56.7125 6.4
    endloop
  endfacet
  facet normal -0 0 1
    outer loop
      vertex 63.4063 58.6526 6.4
      vertex 64.2099 56.7125 6.4
      vertex 63.8088 58.7893 6.4
    endloop
  endfacet
  facet normal 0 0 1
    outer loop
      vertex 64.2099 56.7125 6.4
      vertex 63.4063 58.6526 6.4
      vertex 64.075 56.6459 6.4
    endloop
  endfacet
  facet normal -0 0 1
    outer loop
      vertex 63.025 58.4646 6.4
      vertex 64.075 56.6459 6.4
      vertex 63.4063 58.6526 6.4
    endloop
  endfacet
  facet normal 0 0 1
    outer loop
      vertex 64.075 56.6459 6.4
      vertex 63.025 58.4646 6.4
      vertex 63.9499 56.5624 6.4
    endloop
  endfacet
  facet normal -0 0 1
    outer loop
      vertex 62.6715 58.2284 6.4
      vertex 63.9499 56.5624 6.4
      vertex 63.025 58.4646 6.4
    endloop
  endfacet
  facet normal 0 0 1
    outer loop
      vertex 63.9499 56.5624 6.4
      vertex 62.6715 58.2284 6.4
      vertex 63.8368 56.4632 6.4
    endloop
  endfacet
  facet normal -0 0 1
    outer loop
      vertex 62.3519 57.9481 6.4
      vertex 63.8368 56.4632 6.4
      vertex 62.6715 58.2284 6.4
    endloop
  endfacet
  facet normal 0 0 1
    outer loop
      vertex 63.8368 56.4632 6.4
      vertex 62.3519 57.9481 6.4
      vertex 63.7376 56.3501 6.4
    endloop
  endfacet
  facet normal 0 0 1
    outer loop
      vertex 63.7376 56.3501 6.4
      vertex 62.0716 57.6285 6.4
      vertex 63.6541 56.225 6.4
    endloop
  endfacet
  facet normal -0 0 1
    outer loop
      vertex 62.0716 57.6285 6.4
      vertex 63.7376 56.3501 6.4
      vertex 62.3519 57.9481 6.4
    endloop
  endfacet
  facet normal -0 0 1
    outer loop
      vertex 65.5624 54.9499 6.4
      vertex 67.2284 53.6715 6.4
      vertex 65.6459 55.075 6.4
    endloop
  endfacet
  facet normal 0 0 1
    outer loop
      vertex 67.2284 53.6715 6.4
      vertex 65.5624 54.9499 6.4
      vertex 66.9481 53.3519 6.4
    endloop
  endfacet
  facet normal -0 0 1
    outer loop
      vertex 65.4632 54.8368 6.4
      vertex 66.9481 53.3519 6.4
      vertex 65.5624 54.9499 6.4
    endloop
  endfacet
  facet normal 0 0 1
    outer loop
      vertex 66.9481 53.3519 6.4
      vertex 65.4632 54.8368 6.4
      vertex 66.6285 53.0716 6.4
    endloop
  endfacet
  facet normal -0 0 1
    outer loop
      vertex 65.3501 54.7376 6.4
      vertex 66.6285 53.0716 6.4
      vertex 65.4632 54.8368 6.4
    endloop
  endfacet
  facet normal 0 0 1
    outer loop
      vertex 66.6285 53.0716 6.4
      vertex 65.3501 54.7376 6.4
      vertex 66.275 52.8354 6.4
    endloop
  endfacet
  facet normal -0 0 1
    outer loop
      vertex 65.225 54.6541 6.4
      vertex 66.275 52.8354 6.4
      vertex 65.3501 54.7376 6.4
    endloop
  endfacet
  facet normal 0 0 1
    outer loop
      vertex 66.275 52.8354 6.4
      vertex 65.225 54.6541 6.4
      vertex 65.8937 52.6474 6.4
    endloop
  endfacet
  facet normal -0 0 1
    outer loop
      vertex 65.0901 54.5875 6.4
      vertex 65.8937 52.6474 6.4
      vertex 65.225 54.6541 6.4
    endloop
  endfacet
  facet normal 0 0 1
    outer loop
      vertex 65.8937 52.6474 6.4
      vertex 65.0901 54.5875 6.4
      vertex 65.4912 52.5107 6.4
    endloop
  endfacet
  facet normal -0 0 1
    outer loop
      vertex 64.9476 54.5392 6.4
      vertex 65.4912 52.5107 6.4
      vertex 65.0901 54.5875 6.4
    endloop
  endfacet
  facet normal 0 0 1
    outer loop
      vertex 65.4912 52.5107 6.4
      vertex 64.9476 54.5392 6.4
      vertex 65.0742 52.4278 6.4
    endloop
  endfacet
  facet normal -0 0 1
    outer loop
      vertex 64.8001 54.5098 6.4
      vertex 65.0742 52.4278 6.4
      vertex 64.9476 54.5392 6.4
    endloop
  endfacet
  facet normal -0 0 1
    outer loop
      vertex 64.65 54.5 6.4
      vertex 65.0742 52.4278 6.4
      vertex 64.8001 54.5098 6.4
    endloop
  endfacet
  facet normal 0 0 1
    outer loop
      vertex 64.65 54.5 6.4
      vertex 64.65 52.4 6.4
      vertex 65.0742 52.4278 6.4
    endloop
  endfacet
  facet normal 0 0 1
    outer loop
      vertex 64.4999 54.5098 6.4
      vertex 64.65 52.4 6.4
      vertex 64.65 54.5 6.4
    endloop
  endfacet
  facet normal 0 0 1
    outer loop
      vertex 64.2258 52.4278 6.4
      vertex 64.4999 54.5098 6.4
      vertex 64.3524 54.5392 6.4
    endloop
  endfacet
  facet normal 0 0 1
    outer loop
      vertex 64.4999 54.5098 6.4
      vertex 64.2258 52.4278 6.4
      vertex 64.65 52.4 6.4
    endloop
  endfacet
  facet normal 0 0 1
    outer loop
      vertex 63.8088 52.5107 6.4
      vertex 64.3524 54.5392 6.4
      vertex 64.2099 54.5875 6.4
    endloop
  endfacet
  facet normal 0 0 1
    outer loop
      vertex 63.4063 52.6474 6.4
      vertex 64.2099 54.5875 6.4
      vertex 64.075 54.6541 6.4
    endloop
  endfacet
  facet normal 0 0 1
    outer loop
      vertex 63.025 52.8354 6.4
      vertex 64.075 54.6541 6.4
      vertex 63.9499 54.7376 6.4
    endloop
  endfacet
  facet normal 0 0 1
    outer loop
      vertex 62.6715 53.0716 6.4
      vertex 63.9499 54.7376 6.4
      vertex 63.8368 54.8368 6.4
    endloop
  endfacet
  facet normal 0 0 1
    outer loop
      vertex 64.3524 54.5392 6.4
      vertex 63.8088 52.5107 6.4
      vertex 64.2258 52.4278 6.4
    endloop
  endfacet
  facet normal 0 0 1
    outer loop
      vertex 62.3519 53.3519 6.4
      vertex 63.8368 54.8368 6.4
      vertex 63.7376 54.9499 6.4
    endloop
  endfacet
  facet normal 0 0 1
    outer loop
      vertex 62.0716 53.6715 6.4
      vertex 63.7376 54.9499 6.4
      vertex 63.6541 55.075 6.4
    endloop
  endfacet
  facet normal 0 0 1
    outer loop
      vertex 61.8354 54.025 6.4
      vertex 63.6541 55.075 6.4
      vertex 63.5875 55.2099 6.4
    endloop
  endfacet
  facet normal 0 0 1
    outer loop
      vertex 61.6474 54.4063 6.4
      vertex 63.5875 55.2099 6.4
      vertex 63.5392 55.3524 6.4
    endloop
  endfacet
  facet normal 0 0 1
    outer loop
      vertex 61.5107 54.8088 6.4
      vertex 63.5392 55.3524 6.4
      vertex 63.5098 55.4999 6.4
    endloop
  endfacet
  facet normal 0 0 1
    outer loop
      vertex 64.2099 54.5875 6.4
      vertex 63.4063 52.6474 6.4
      vertex 63.8088 52.5107 6.4
    endloop
  endfacet
  facet normal 0 0 1
    outer loop
      vertex 61.4278 55.2258 6.4
      vertex 63.5098 55.4999 6.4
      vertex 63.5 55.65 6.4
    endloop
  endfacet
  facet normal -0 0 1
    outer loop
      vertex 61.8354 57.275 6.4
      vertex 63.6541 56.225 6.4
      vertex 62.0716 57.6285 6.4
    endloop
  endfacet
  facet normal 0 0 1
    outer loop
      vertex 63.6541 56.225 6.4
      vertex 61.8354 57.275 6.4
      vertex 63.5875 56.0901 6.4
    endloop
  endfacet
  facet normal 0 0 1
    outer loop
      vertex 64.075 54.6541 6.4
      vertex 63.025 52.8354 6.4
      vertex 63.4063 52.6474 6.4
    endloop
  endfacet
  facet normal -0 0 1
    outer loop
      vertex 61.6474 56.8937 6.4
      vertex 63.5875 56.0901 6.4
      vertex 61.8354 57.275 6.4
    endloop
  endfacet
  facet normal 0 0 1
    outer loop
      vertex 63.9499 54.7376 6.4
      vertex 62.6715 53.0716 6.4
      vertex 63.025 52.8354 6.4
    endloop
  endfacet
  facet normal 0 0 1
    outer loop
      vertex 63.5875 56.0901 6.4
      vertex 61.6474 56.8937 6.4
      vertex 63.5392 55.9476 6.4
    endloop
  endfacet
  facet normal 0 0 1
    outer loop
      vertex 63.8368 54.8368 6.4
      vertex 62.3519 53.3519 6.4
      vertex 62.6715 53.0716 6.4
    endloop
  endfacet
  facet normal -0 0 1
    outer loop
      vertex 61.5107 56.4912 6.4
      vertex 63.5392 55.9476 6.4
      vertex 61.6474 56.8937 6.4
    endloop
  endfacet
  facet normal 0 0 1
    outer loop
      vertex 63.7376 54.9499 6.4
      vertex 62.0716 53.6715 6.4
      vertex 62.3519 53.3519 6.4
    endloop
  endfacet
  facet normal 0 0 1
    outer loop
      vertex 63.5392 55.9476 6.4
      vertex 61.5107 56.4912 6.4
      vertex 63.5098 55.8001 6.4
    endloop
  endfacet
  facet normal 0 0 1
    outer loop
      vertex 63.6541 55.075 6.4
      vertex 61.8354 54.025 6.4
      vertex 62.0716 53.6715 6.4
    endloop
  endfacet
  facet normal -0 0 1
    outer loop
      vertex 61.4278 56.0742 6.4
      vertex 63.5098 55.8001 6.4
      vertex 61.5107 56.4912 6.4
    endloop
  endfacet
  facet normal 0 0 1
    outer loop
      vertex 63.5875 55.2099 6.4
      vertex 61.6474 54.4063 6.4
      vertex 61.8354 54.025 6.4
    endloop
  endfacet
  facet normal 0 0 1
    outer loop
      vertex 63.5098 55.8001 6.4
      vertex 61.4278 56.0742 6.4
      vertex 63.5 55.65 6.4
    endloop
  endfacet
  facet normal 0 0 1
    outer loop
      vertex 63.5392 55.3524 6.4
      vertex 61.5107 54.8088 6.4
      vertex 61.6474 54.4063 6.4
    endloop
  endfacet
  facet normal 0 0 1
    outer loop
      vertex 61.4 55.65 6.4
      vertex 63.5 55.65 6.4
      vertex 61.4278 56.0742 6.4
    endloop
  endfacet
  facet normal 0 0 1
    outer loop
      vertex 63.5098 55.4999 6.4
      vertex 61.4278 55.2258 6.4
      vertex 61.5107 54.8088 6.4
    endloop
  endfacet
  facet normal 0 0 1
    outer loop
      vertex 63.5 55.65 6.4
      vertex 61.4 55.65 6.4
      vertex 61.4278 55.2258 6.4
    endloop
  endfacet
  facet normal -0.980708 -0.195477 0
    outer loop
      vertex 65.7902 55.8001 2.4
      vertex 65.7608 55.9476 6.4
      vertex 65.7608 55.9476 2.4
    endloop
  endfacet
  facet normal -0.980708 -0.195477 0
    outer loop
      vertex 65.7608 55.9476 6.4
      vertex 65.7902 55.8001 2.4
      vertex 65.7902 55.8001 6.4
    endloop
  endfacet
  facet normal -0.997875 -0.0651511 0
    outer loop
      vertex 65.8 55.65 2.4
      vertex 65.7902 55.8001 6.4
      vertex 65.7902 55.8001 2.4
    endloop
  endfacet
  facet normal -0.997875 -0.0651511 0
    outer loop
      vertex 65.7902 55.8001 6.4
      vertex 65.8 55.65 2.4
      vertex 65.8 55.65 6.4
    endloop
  endfacet
  facet normal 0.442688 -0.896676 0
    outer loop
      vertex 64.075 56.6459 2.4
      vertex 64.2099 56.7125 6.4
      vertex 64.075 56.6459 6.4
    endloop
  endfacet
  facet normal 0.442688 -0.896676 0
    outer loop
      vertex 64.2099 56.7125 6.4
      vertex 64.075 56.6459 2.4
      vertex 64.2099 56.7125 2.4
    endloop
  endfacet
  facet normal 0.751794 0.659398 0
    outer loop
      vertex 63.8368 54.8368 6.4
      vertex 63.7376 54.9499 2.4
      vertex 63.7376 54.9499 6.4
    endloop
  endfacet
  facet normal 0.751794 0.659398 0
    outer loop
      vertex 63.7376 54.9499 2.4
      vertex 63.8368 54.8368 6.4
      vertex 63.8368 54.8368 2.4
    endloop
  endfacet
  facet normal -0.659398 -0.751794 0
    outer loop
      vertex 65.3501 56.5624 2.4
      vertex 65.4632 56.4632 6.4
      vertex 65.3501 56.5624 6.4
    endloop
  endfacet
  facet normal -0.659398 -0.751794 -0
    outer loop
      vertex 65.4632 56.4632 6.4
      vertex 65.3501 56.5624 2.4
      vertex 65.4632 56.4632 2.4
    endloop
  endfacet
  facet normal 0.195477 0.980708 -0
    outer loop
      vertex 64.4999 54.5098 2.4
      vertex 64.3524 54.5392 6.4
      vertex 64.4999 54.5098 6.4
    endloop
  endfacet
  facet normal 0.195477 0.980708 0
    outer loop
      vertex 64.3524 54.5392 6.4
      vertex 64.4999 54.5098 2.4
      vertex 64.3524 54.5392 2.4
    endloop
  endfacet
  facet normal -0.442688 0.896676 0
    outer loop
      vertex 65.225 54.6541 2.4
      vertex 65.0901 54.5875 6.4
      vertex 65.225 54.6541 6.4
    endloop
  endfacet
  facet normal -0.442688 0.896676 0
    outer loop
      vertex 65.0901 54.5875 6.4
      vertex 65.225 54.6541 2.4
      vertex 65.0901 54.5875 2.4
    endloop
  endfacet
  facet normal -0.195477 0.980708 0
    outer loop
      vertex 64.9476 54.5392 2.4
      vertex 64.8001 54.5098 6.4
      vertex 64.9476 54.5392 6.4
    endloop
  endfacet
  facet normal -0.195477 0.980708 0
    outer loop
      vertex 64.8001 54.5098 6.4
      vertex 64.9476 54.5392 2.4
      vertex 64.8001 54.5098 2.4
    endloop
  endfacet
  facet normal -0.997875 0.0651511 0
    outer loop
      vertex 65.7902 55.4999 2.4
      vertex 65.8 55.65 6.4
      vertex 65.8 55.65 2.4
    endloop
  endfacet
  facet normal -0.997875 0.0651511 0
    outer loop
      vertex 65.8 55.65 6.4
      vertex 65.7902 55.4999 2.4
      vertex 65.7902 55.4999 6.4
    endloop
  endfacet
  facet normal 0.997875 -0.0651511 0
    outer loop
      vertex 63.5 55.65 6.4
      vertex 63.5098 55.8001 2.4
      vertex 63.5098 55.8001 6.4
    endloop
  endfacet
  facet normal 0.997875 -0.0651511 0
    outer loop
      vertex 63.5098 55.8001 2.4
      vertex 63.5 55.65 6.4
      vertex 63.5 55.65 2.4
    endloop
  endfacet
  facet normal -0.831743 -0.55516 0
    outer loop
      vertex 65.6459 56.225 2.4
      vertex 65.5624 56.3501 6.4
      vertex 65.5624 56.3501 2.4
    endloop
  endfacet
  facet normal -0.831743 -0.55516 0
    outer loop
      vertex 65.5624 56.3501 6.4
      vertex 65.6459 56.225 2.4
      vertex 65.6459 56.225 6.4
    endloop
  endfacet
  facet normal -0.896676 -0.442688 0
    outer loop
      vertex 65.7125 56.0901 2.4
      vertex 65.6459 56.225 6.4
      vertex 65.6459 56.225 2.4
    endloop
  endfacet
  facet normal -0.896676 -0.442688 0
    outer loop
      vertex 65.6459 56.225 6.4
      vertex 65.7125 56.0901 2.4
      vertex 65.7125 56.0901 6.4
    endloop
  endfacet
  facet normal 0.947076 0.321009 0
    outer loop
      vertex 63.5875 55.2099 6.4
      vertex 63.5392 55.3524 2.4
      vertex 63.5392 55.3524 6.4
    endloop
  endfacet
  facet normal 0.947076 0.321009 0
    outer loop
      vertex 63.5392 55.3524 2.4
      vertex 63.5875 55.2099 6.4
      vertex 63.5875 55.2099 2.4
    endloop
  endfacet
  facet normal 0.442688 0.896676 -0
    outer loop
      vertex 64.2099 54.5875 2.4
      vertex 64.075 54.6541 6.4
      vertex 64.2099 54.5875 6.4
    endloop
  endfacet
  facet normal 0.442688 0.896676 0
    outer loop
      vertex 64.075 54.6541 6.4
      vertex 64.2099 54.5875 2.4
      vertex 64.075 54.6541 2.4
    endloop
  endfacet
  facet normal -0.751794 0.659398 0
    outer loop
      vertex 65.4632 54.8368 2.4
      vertex 65.5624 54.9499 6.4
      vertex 65.5624 54.9499 2.4
    endloop
  endfacet
  facet normal -0.751794 0.659398 0
    outer loop
      vertex 65.5624 54.9499 6.4
      vertex 65.4632 54.8368 2.4
      vertex 65.4632 54.8368 6.4
    endloop
  endfacet
  facet normal 0.0651511 -0.997875 0
    outer loop
      vertex 64.4999 56.7902 2.4
      vertex 64.65 56.8 6.4
      vertex 64.4999 56.7902 6.4
    endloop
  endfacet
  facet normal 0.0651511 -0.997875 0
    outer loop
      vertex 64.65 56.8 6.4
      vertex 64.4999 56.7902 2.4
      vertex 64.65 56.8 2.4
    endloop
  endfacet
  facet normal -0.980708 0.195477 0
    outer loop
      vertex 65.7608 55.3524 2.4
      vertex 65.7902 55.4999 6.4
      vertex 65.7902 55.4999 2.4
    endloop
  endfacet
  facet normal -0.980708 0.195477 0
    outer loop
      vertex 65.7902 55.4999 6.4
      vertex 65.7608 55.3524 2.4
      vertex 65.7608 55.3524 6.4
    endloop
  endfacet
  facet normal 0.896676 0.442688 0
    outer loop
      vertex 63.6541 55.075 6.4
      vertex 63.5875 55.2099 2.4
      vertex 63.5875 55.2099 6.4
    endloop
  endfacet
  facet normal 0.896676 0.442688 0
    outer loop
      vertex 63.5875 55.2099 2.4
      vertex 63.6541 55.075 6.4
      vertex 63.6541 55.075 2.4
    endloop
  endfacet
  facet normal 0.831743 -0.55516 0
    outer loop
      vertex 63.6541 56.225 6.4
      vertex 63.7376 56.3501 2.4
      vertex 63.7376 56.3501 6.4
    endloop
  endfacet
  facet normal 0.831743 -0.55516 0
    outer loop
      vertex 63.7376 56.3501 2.4
      vertex 63.6541 56.225 6.4
      vertex 63.6541 56.225 2.4
    endloop
  endfacet
  facet normal 0.659398 -0.751794 0
    outer loop
      vertex 63.8368 56.4632 2.4
      vertex 63.9499 56.5624 6.4
      vertex 63.8368 56.4632 6.4
    endloop
  endfacet
  facet normal 0.659398 -0.751794 0
    outer loop
      vertex 63.9499 56.5624 6.4
      vertex 63.8368 56.4632 2.4
      vertex 63.9499 56.5624 2.4
    endloop
  endfacet
  facet normal 0.55516 -0.831743 0
    outer loop
      vertex 63.9499 56.5624 2.4
      vertex 64.075 56.6459 6.4
      vertex 63.9499 56.5624 6.4
    endloop
  endfacet
  facet normal 0.55516 -0.831743 0
    outer loop
      vertex 64.075 56.6459 6.4
      vertex 63.9499 56.5624 2.4
      vertex 64.075 56.6459 2.4
    endloop
  endfacet
  facet normal -0.321009 0.947076 0
    outer loop
      vertex 65.0901 54.5875 2.4
      vertex 64.9476 54.5392 6.4
      vertex 65.0901 54.5875 6.4
    endloop
  endfacet
  facet normal -0.321009 0.947076 0
    outer loop
      vertex 64.9476 54.5392 6.4
      vertex 65.0901 54.5875 2.4
      vertex 64.9476 54.5392 2.4
    endloop
  endfacet
  facet normal 0.321009 -0.947076 0
    outer loop
      vertex 64.2099 56.7125 2.4
      vertex 64.3524 56.7608 6.4
      vertex 64.2099 56.7125 6.4
    endloop
  endfacet
  facet normal 0.321009 -0.947076 0
    outer loop
      vertex 64.3524 56.7608 6.4
      vertex 64.2099 56.7125 2.4
      vertex 64.3524 56.7608 2.4
    endloop
  endfacet
  facet normal 0.659398 0.751794 -0
    outer loop
      vertex 63.9499 54.7376 2.4
      vertex 63.8368 54.8368 6.4
      vertex 63.9499 54.7376 6.4
    endloop
  endfacet
  facet normal 0.659398 0.751794 0
    outer loop
      vertex 63.8368 54.8368 6.4
      vertex 63.9499 54.7376 2.4
      vertex 63.8368 54.8368 2.4
    endloop
  endfacet
  facet normal -0.659398 0.751794 0
    outer loop
      vertex 65.4632 54.8368 2.4
      vertex 65.3501 54.7376 6.4
      vertex 65.4632 54.8368 6.4
    endloop
  endfacet
  facet normal -0.659398 0.751794 0
    outer loop
      vertex 65.3501 54.7376 6.4
      vertex 65.4632 54.8368 2.4
      vertex 65.3501 54.7376 2.4
    endloop
  endfacet
  facet normal -0.0651511 0.997875 0
    outer loop
      vertex 64.8001 54.5098 2.4
      vertex 64.65 54.5 6.4
      vertex 64.8001 54.5098 6.4
    endloop
  endfacet
  facet normal -0.0651511 0.997875 0
    outer loop
      vertex 64.65 54.5 6.4
      vertex 64.8001 54.5098 2.4
      vertex 64.65 54.5 2.4
    endloop
  endfacet
  facet normal -0.55516 -0.831743 0
    outer loop
      vertex 65.225 56.6459 2.4
      vertex 65.3501 56.5624 6.4
      vertex 65.225 56.6459 6.4
    endloop
  endfacet
  facet normal -0.55516 -0.831743 -0
    outer loop
      vertex 65.3501 56.5624 6.4
      vertex 65.225 56.6459 2.4
      vertex 65.3501 56.5624 2.4
    endloop
  endfacet
  facet normal -0.55516 0.831743 0
    outer loop
      vertex 65.3501 54.7376 2.4
      vertex 65.225 54.6541 6.4
      vertex 65.3501 54.7376 6.4
    endloop
  endfacet
  facet normal -0.55516 0.831743 0
    outer loop
      vertex 65.225 54.6541 6.4
      vertex 65.3501 54.7376 2.4
      vertex 65.225 54.6541 2.4
    endloop
  endfacet
  facet normal 0.195477 -0.980708 0
    outer loop
      vertex 64.3524 56.7608 2.4
      vertex 64.4999 56.7902 6.4
      vertex 64.3524 56.7608 6.4
    endloop
  endfacet
  facet normal 0.195477 -0.980708 0
    outer loop
      vertex 64.4999 56.7902 6.4
      vertex 64.3524 56.7608 2.4
      vertex 64.4999 56.7902 2.4
    endloop
  endfacet
  facet normal -0.442688 -0.896676 0
    outer loop
      vertex 65.0901 56.7125 2.4
      vertex 65.225 56.6459 6.4
      vertex 65.0901 56.7125 6.4
    endloop
  endfacet
  facet normal -0.442688 -0.896676 -0
    outer loop
      vertex 65.225 56.6459 6.4
      vertex 65.0901 56.7125 2.4
      vertex 65.225 56.6459 2.4
    endloop
  endfacet
  facet normal 0.980708 0.195477 0
    outer loop
      vertex 63.5392 55.3524 6.4
      vertex 63.5098 55.4999 2.4
      vertex 63.5098 55.4999 6.4
    endloop
  endfacet
  facet normal 0.980708 0.195477 0
    outer loop
      vertex 63.5098 55.4999 2.4
      vertex 63.5392 55.3524 6.4
      vertex 63.5392 55.3524 2.4
    endloop
  endfacet
  facet normal 0.947076 -0.321009 0
    outer loop
      vertex 63.5392 55.9476 6.4
      vertex 63.5875 56.0901 2.4
      vertex 63.5875 56.0901 6.4
    endloop
  endfacet
  facet normal 0.947076 -0.321009 0
    outer loop
      vertex 63.5875 56.0901 2.4
      vertex 63.5392 55.9476 6.4
      vertex 63.5392 55.9476 2.4
    endloop
  endfacet
  facet normal -0.321009 -0.947076 0
    outer loop
      vertex 64.9476 56.7608 2.4
      vertex 65.0901 56.7125 6.4
      vertex 64.9476 56.7608 6.4
    endloop
  endfacet
  facet normal -0.321009 -0.947076 -0
    outer loop
      vertex 65.0901 56.7125 6.4
      vertex 64.9476 56.7608 2.4
      vertex 65.0901 56.7125 2.4
    endloop
  endfacet
  facet normal 0.896676 -0.442688 0
    outer loop
      vertex 63.5875 56.0901 6.4
      vertex 63.6541 56.225 2.4
      vertex 63.6541 56.225 6.4
    endloop
  endfacet
  facet normal 0.896676 -0.442688 0
    outer loop
      vertex 63.6541 56.225 2.4
      vertex 63.5875 56.0901 6.4
      vertex 63.5875 56.0901 2.4
    endloop
  endfacet
  facet normal -0.831743 0.55516 0
    outer loop
      vertex 65.5624 54.9499 2.4
      vertex 65.6459 55.075 6.4
      vertex 65.6459 55.075 2.4
    endloop
  endfacet
  facet normal -0.831743 0.55516 0
    outer loop
      vertex 65.6459 55.075 6.4
      vertex 65.5624 54.9499 2.4
      vertex 65.5624 54.9499 6.4
    endloop
  endfacet
  facet normal -0.947076 0.321009 0
    outer loop
      vertex 65.7125 55.2099 2.4
      vertex 65.7608 55.3524 6.4
      vertex 65.7608 55.3524 2.4
    endloop
  endfacet
  facet normal -0.947076 0.321009 0
    outer loop
      vertex 65.7608 55.3524 6.4
      vertex 65.7125 55.2099 2.4
      vertex 65.7125 55.2099 6.4
    endloop
  endfacet
  facet normal -0.195477 -0.980708 0
    outer loop
      vertex 64.8001 56.7902 2.4
      vertex 64.9476 56.7608 6.4
      vertex 64.8001 56.7902 6.4
    endloop
  endfacet
  facet normal -0.195477 -0.980708 -0
    outer loop
      vertex 64.9476 56.7608 6.4
      vertex 64.8001 56.7902 2.4
      vertex 64.9476 56.7608 2.4
    endloop
  endfacet
  facet normal 0.997875 0.0651511 0
    outer loop
      vertex 63.5098 55.4999 6.4
      vertex 63.5 55.65 2.4
      vertex 63.5 55.65 6.4
    endloop
  endfacet
  facet normal 0.997875 0.0651511 0
    outer loop
      vertex 63.5 55.65 2.4
      vertex 63.5098 55.4999 6.4
      vertex 63.5098 55.4999 2.4
    endloop
  endfacet
  facet normal 0.751794 -0.659398 0
    outer loop
      vertex 63.7376 56.3501 6.4
      vertex 63.8368 56.4632 2.4
      vertex 63.8368 56.4632 6.4
    endloop
  endfacet
  facet normal 0.751794 -0.659398 0
    outer loop
      vertex 63.8368 56.4632 2.4
      vertex 63.7376 56.3501 6.4
      vertex 63.7376 56.3501 2.4
    endloop
  endfacet
  facet normal -0.751794 -0.659398 0
    outer loop
      vertex 65.5624 56.3501 2.4
      vertex 65.4632 56.4632 6.4
      vertex 65.4632 56.4632 2.4
    endloop
  endfacet
  facet normal -0.751794 -0.659398 0
    outer loop
      vertex 65.4632 56.4632 6.4
      vertex 65.5624 56.3501 2.4
      vertex 65.5624 56.3501 6.4
    endloop
  endfacet
  facet normal -0.947076 -0.321009 0
    outer loop
      vertex 65.7608 55.9476 2.4
      vertex 65.7125 56.0901 6.4
      vertex 65.7125 56.0901 2.4
    endloop
  endfacet
  facet normal -0.947076 -0.321009 0
    outer loop
      vertex 65.7125 56.0901 6.4
      vertex 65.7608 55.9476 2.4
      vertex 65.7608 55.9476 6.4
    endloop
  endfacet
  facet normal 0.831743 0.55516 0
    outer loop
      vertex 63.7376 54.9499 6.4
      vertex 63.6541 55.075 2.4
      vertex 63.6541 55.075 6.4
    endloop
  endfacet
  facet normal 0.831743 0.55516 0
    outer loop
      vertex 63.6541 55.075 2.4
      vertex 63.7376 54.9499 6.4
      vertex 63.7376 54.9499 2.4
    endloop
  endfacet
  facet normal 0.0651511 0.997875 -0
    outer loop
      vertex 64.65 54.5 2.4
      vertex 64.4999 54.5098 6.4
      vertex 64.65 54.5 6.4
    endloop
  endfacet
  facet normal 0.0651511 0.997875 0
    outer loop
      vertex 64.4999 54.5098 6.4
      vertex 64.65 54.5 2.4
      vertex 64.4999 54.5098 2.4
    endloop
  endfacet
  facet normal -0.0651511 -0.997875 0
    outer loop
      vertex 64.65 56.8 2.4
      vertex 64.8001 56.7902 6.4
      vertex 64.65 56.8 6.4
    endloop
  endfacet
  facet normal -0.0651511 -0.997875 -0
    outer loop
      vertex 64.8001 56.7902 6.4
      vertex 64.65 56.8 2.4
      vertex 64.8001 56.7902 2.4
    endloop
  endfacet
  facet normal 0.321009 0.947076 -0
    outer loop
      vertex 64.3524 54.5392 2.4
      vertex 64.2099 54.5875 6.4
      vertex 64.3524 54.5392 6.4
    endloop
  endfacet
  facet normal 0.321009 0.947076 0
    outer loop
      vertex 64.2099 54.5875 6.4
      vertex 64.3524 54.5392 2.4
      vertex 64.2099 54.5875 2.4
    endloop
  endfacet
  facet normal 0.980708 -0.195477 0
    outer loop
      vertex 63.5098 55.8001 6.4
      vertex 63.5392 55.9476 2.4
      vertex 63.5392 55.9476 6.4
    endloop
  endfacet
  facet normal 0.980708 -0.195477 0
    outer loop
      vertex 63.5392 55.9476 2.4
      vertex 63.5098 55.8001 6.4
      vertex 63.5098 55.8001 2.4
    endloop
  endfacet
  facet normal 0.55516 0.831743 -0
    outer loop
      vertex 64.075 54.6541 2.4
      vertex 63.9499 54.7376 6.4
      vertex 64.075 54.6541 6.4
    endloop
  endfacet
  facet normal 0.55516 0.831743 0
    outer loop
      vertex 63.9499 54.7376 6.4
      vertex 64.075 54.6541 2.4
      vertex 63.9499 54.7376 2.4
    endloop
  endfacet
  facet normal -0.896676 0.442688 0
    outer loop
      vertex 65.6459 55.075 2.4
      vertex 65.7125 55.2099 6.4
      vertex 65.7125 55.2099 2.4
    endloop
  endfacet
  facet normal -0.896676 0.442688 0
    outer loop
      vertex 65.7125 55.2099 6.4
      vertex 65.6459 55.075 2.4
      vertex 65.6459 55.075 6.4
    endloop
  endfacet
endsolid OpenSCAD_Model
