solid OpenSCAD_Model
  facet normal 1 -0 0
    outer loop
      vertex 5.65 2.65 0
      vertex 5.65 26.15 -5
      vertex 5.65 26.15 0
    endloop
  endfacet
  facet normal 1 0 0
    outer loop
      vertex 5.65 26.15 -5
      vertex 5.65 2.65 0
      vertex 5.65 2.65 -5
    endloop
  endfacet
  facet normal 1 -0 0
    outer loop
      vertex 5.65 55.65 0
      vertex 5.65 56.65 -5
      vertex 5.65 56.65 0
    endloop
  endfacet
  facet normal 1 0 0
    outer loop
      vertex 5.65 56.65 -5
      vertex 5.65 55.65 0
      vertex 5.65 55.65 -5
    endloop
  endfacet
  facet normal 0 0 -1
    outer loop
      vertex 5.65 2.65 -5
      vertex 4.15 26.15 -5
      vertex 5.65 26.15 -5
    endloop
  endfacet
  facet normal 0 0 -1
    outer loop
      vertex 2.65 2.65 -5
      vertex 4.15 26.15 -5
      vertex 5.65 2.65 -5
    endloop
  endfacet
  facet normal -0 0 -1
    outer loop
      vertex 4.15 26.15 -5
      vertex 2.65 2.65 -5
      vertex 3.75842 26.1757 -5
    endloop
  endfacet
  facet normal -0 0 -1
    outer loop
      vertex 3.75842 26.1757 -5
      vertex 2.65 2.65 -5
      vertex 3.37354 26.2522 -5
    endloop
  endfacet
  facet normal -0 0 -1
    outer loop
      vertex 3.37354 26.2522 -5
      vertex 2.65 2.65 -5
      vertex 3.00195 26.3784 -5
    endloop
  endfacet
  facet normal -0 0 -1
    outer loop
      vertex 3.00195 26.3784 -5
      vertex 2.65 2.65 -5
      vertex 2.65 26.5519 -5
    endloop
  endfacet
  facet normal 0 0 -1
    outer loop
      vertex 5.65 55.65 -5
      vertex 4.15 55.65 -5
      vertex 5.65 56.65 -5
    endloop
  endfacet
  facet normal 0 0 -1
    outer loop
      vertex 5.65 56.65 -5
      vertex 88.65 59.65 -5
      vertex 88.65 56.65 -5
    endloop
  endfacet
  facet normal 0 0 -1
    outer loop
      vertex 3.75842 55.6243 -5
      vertex 5.65 56.65 -5
      vertex 4.15 55.65 -5
    endloop
  endfacet
  facet normal 0 0 -1
    outer loop
      vertex 2.65 59.65 -5
      vertex 3.75842 55.6243 -5
      vertex 3.37354 55.5478 -5
    endloop
  endfacet
  facet normal 0 0 -1
    outer loop
      vertex 2.65 59.65 -5
      vertex 3.37354 55.5478 -5
      vertex 3.00195 55.4216 -5
    endloop
  endfacet
  facet normal 0 0 -1
    outer loop
      vertex 5.65 56.65 -5
      vertex 2.65 59.65 -5
      vertex 88.65 59.65 -5
    endloop
  endfacet
  facet normal 0 0 -1
    outer loop
      vertex 3.75842 55.6243 -5
      vertex 2.65 59.65 -5
      vertex 5.65 56.65 -5
    endloop
  endfacet
  facet normal 0 0 -1
    outer loop
      vertex 2.65 59.65 -5
      vertex 3.00195 55.4216 -5
      vertex 2.65 55.2481 -5
    endloop
  endfacet
  facet normal -1 0 0
    outer loop
      vertex 2.65 2.65 -5
      vertex 2.65 26.5519 0
      vertex 2.65 26.5519 -5
    endloop
  endfacet
  facet normal -1 -0 0
    outer loop
      vertex 2.65 26.5519 0
      vertex 2.65 2.65 -5
      vertex 2.65 2.65 0
    endloop
  endfacet
  facet normal -1 0 0
    outer loop
      vertex 2.65 55.2481 -5
      vertex 2.65 59.65 0
      vertex 2.65 59.65 -5
    endloop
  endfacet
  facet normal -1 -0 0
    outer loop
      vertex 2.65 59.65 0
      vertex 2.65 55.2481 -5
      vertex 2.65 55.2481 0
    endloop
  endfacet
  facet normal 0 1 -0
    outer loop
      vertex 88.65 59.65 -5
      vertex 2.65 59.65 0
      vertex 88.65 59.65 0
    endloop
  endfacet
  facet normal 0 1 0
    outer loop
      vertex 2.65 59.65 0
      vertex 88.65 59.65 -5
      vertex 2.65 59.65 -5
    endloop
  endfacet
  facet normal 0 -1 0
    outer loop
      vertex 2.65 2.65 -5
      vertex 5.65 2.65 0
      vertex 2.65 2.65 0
    endloop
  endfacet
  facet normal 0 -1 -0
    outer loop
      vertex 5.65 2.65 0
      vertex 2.65 2.65 -5
      vertex 5.65 2.65 -5
    endloop
  endfacet
  facet normal 1 -0 0
    outer loop
      vertex 88.65 56.65 0
      vertex 88.65 59.65 -5
      vertex 88.65 59.65 0
    endloop
  endfacet
  facet normal 1 0 0
    outer loop
      vertex 88.65 59.65 -5
      vertex 88.65 56.65 0
      vertex 88.65 56.65 -5
    endloop
  endfacet
  facet normal 0 -1 0
    outer loop
      vertex 5.65 56.65 -5
      vertex 88.65 56.65 0
      vertex 5.65 56.65 0
    endloop
  endfacet
  facet normal 0 -1 -0
    outer loop
      vertex 88.65 56.65 0
      vertex 5.65 56.65 -5
      vertex 88.65 56.65 -5
    endloop
  endfacet
  facet normal -0.751827 0.65936 0
    outer loop
      vertex 0.723263 60.9307 0
      vertex 1.02513 61.2749 2.4
      vertex 1.02513 61.2749 0
    endloop
  endfacet
  facet normal -0.751827 0.65936 0
    outer loop
      vertex 1.02513 61.2749 2.4
      vertex 0.723263 60.9307 0
      vertex 0.723263 60.9307 2.4
    endloop
  endfacet
  facet normal 1 -0 0
    outer loop
      vertex 91.3 3.5 2.4
      vertex 91.3 58.8 0
      vertex 91.3 58.8 2.4
    endloop
  endfacet
  facet normal 1 0 0
    outer loop
      vertex 91.3 58.8 0
      vertex 91.3 3.5 2.4
      vertex 91.3 3.5 0
    endloop
  endfacet
  facet normal -0.980786 -0.195088 0
    outer loop
      vertex 0.119259 2.59413 0
      vertex 0.0299425 3.04316 2.4
      vertex 0.0299425 3.04316 0
    endloop
  endfacet
  facet normal -0.980786 -0.195088 0
    outer loop
      vertex 0.0299425 3.04316 2.4
      vertex 0.119259 2.59413 0
      vertex 0.119259 2.59413 2.4
    endloop
  endfacet
  facet normal 0.442314 0.89686 -0
    outer loop
      vertex 89.55 61.8311 0
      vertex 89.1394 62.0336 2.4
      vertex 89.55 61.8311 2.4
    endloop
  endfacet
  facet normal 0.442314 0.89686 0
    outer loop
      vertex 89.1394 62.0336 2.4
      vertex 89.55 61.8311 0
      vertex 89.1394 62.0336 0
    endloop
  endfacet
  facet normal 0.997865 0.0653156 0
    outer loop
      vertex 91.3 58.8 2.4
      vertex 91.2701 59.2568 0
      vertex 91.2701 59.2568 2.4
    endloop
  endfacet
  facet normal 0.997865 0.0653156 0
    outer loop
      vertex 91.2701 59.2568 0
      vertex 91.3 58.8 2.4
      vertex 91.3 58.8 0
    endloop
  endfacet
  facet normal 0.831425 -0.555637 0
    outer loop
      vertex 90.5767 1.36933 2.4
      vertex 90.8311 1.75 0
      vertex 90.8311 1.75 2.4
    endloop
  endfacet
  facet normal 0.831425 -0.555637 0
    outer loop
      vertex 90.8311 1.75 0
      vertex 90.5767 1.36933 2.4
      vertex 90.5767 1.36933 0
    endloop
  endfacet
  facet normal 0.442295 -0.89687 0
    outer loop
      vertex 89.1394 0.266421 0
      vertex 89.55 0.46891 2.4
      vertex 89.1394 0.266421 2.4
    endloop
  endfacet
  facet normal 0.442295 -0.89687 0
    outer loop
      vertex 89.55 0.46891 2.4
      vertex 89.1394 0.266421 0
      vertex 89.55 0.46891 0
    endloop
  endfacet
  facet normal -1 0 0
    outer loop
      vertex 0 3.5 0
      vertex 0 58.8 2.4
      vertex 0 58.8 0
    endloop
  endfacet
  facet normal -1 -0 0
    outer loop
      vertex 0 58.8 2.4
      vertex 0 3.5 0
      vertex 0 3.5 2.4
    endloop
  endfacet
  facet normal 0.659278 0.7519 -0
    outer loop
      vertex 90.2749 61.2749 0
      vertex 89.9307 61.5767 2.4
      vertex 90.2749 61.2749 2.4
    endloop
  endfacet
  facet normal 0.659278 0.7519 0
    outer loop
      vertex 89.9307 61.5767 2.4
      vertex 90.2749 61.2749 0
      vertex 89.9307 61.5767 0
    endloop
  endfacet
  facet normal 0.195059 -0.980792 0
    outer loop
      vertex 88.2568 0.0299425 0
      vertex 88.7059 0.119259 2.4
      vertex 88.2568 0.0299425 2.4
    endloop
  endfacet
  facet normal 0.195059 -0.980792 0
    outer loop
      vertex 88.7059 0.119259 2.4
      vertex 88.2568 0.0299425 0
      vertex 88.7059 0.119259 0
    endloop
  endfacet
  facet normal 0.94697 -0.321322 0
    outer loop
      vertex 91.0336 2.16061 2.4
      vertex 91.1807 2.59413 0
      vertex 91.1807 2.59413 2.4
    endloop
  endfacet
  facet normal 0.94697 -0.321322 0
    outer loop
      vertex 91.1807 2.59413 0
      vertex 91.0336 2.16061 2.4
      vertex 91.0336 2.16061 0
    endloop
  endfacet
  facet normal -0.0653099 0.997865 0
    outer loop
      vertex 3.5 62.3 0
      vertex 3.04316 62.2701 2.4
      vertex 3.5 62.3 2.4
    endloop
  endfacet
  facet normal -0.0653099 0.997865 0
    outer loop
      vertex 3.04316 62.2701 2.4
      vertex 3.5 62.3 0
      vertex 3.04316 62.2701 0
    endloop
  endfacet
  facet normal 0.831445 0.555607 0
    outer loop
      vertex 90.8311 60.55 2.4
      vertex 90.5767 60.9307 0
      vertex 90.5767 60.9307 2.4
    endloop
  endfacet
  facet normal 0.831445 0.555607 0
    outer loop
      vertex 90.5767 60.9307 0
      vertex 90.8311 60.55 2.4
      vertex 90.8311 60.55 0
    endloop
  endfacet
  facet normal 0.980751 -0.195263 0
    outer loop
      vertex 91.1807 2.59413 2.4
      vertex 91.2701 3.04316 0
      vertex 91.2701 3.04316 2.4
    endloop
  endfacet
  facet normal 0.980751 -0.195263 0
    outer loop
      vertex 91.2701 3.04316 0
      vertex 91.1807 2.59413 2.4
      vertex 91.1807 2.59413 0
    endloop
  endfacet
  facet normal 0.980757 0.195234 0
    outer loop
      vertex 91.2701 59.2568 2.4
      vertex 91.1807 59.7059 0
      vertex 91.1807 59.7059 2.4
    endloop
  endfacet
  facet normal 0.980757 0.195234 0
    outer loop
      vertex 91.1807 59.7059 0
      vertex 91.2701 59.2568 2.4
      vertex 91.2701 59.2568 0
    endloop
  endfacet
  facet normal -0.896874 -0.442286 0
    outer loop
      vertex 0.46891 1.75 0
      vertex 0.266421 2.16061 2.4
      vertex 0.266421 2.16061 0
    endloop
  endfacet
  facet normal -0.896874 -0.442286 0
    outer loop
      vertex 0.266421 2.16061 2.4
      vertex 0.46891 1.75 0
      vertex 0.46891 1.75 2.4
    endloop
  endfacet
  facet normal 0.65936 -0.751827 0
    outer loop
      vertex 89.9307 0.723263 0
      vertex 90.2749 1.02513 2.4
      vertex 89.9307 0.723263 2.4
    endloop
  endfacet
  facet normal 0.65936 -0.751827 0
    outer loop
      vertex 90.2749 1.02513 2.4
      vertex 89.9307 0.723263 0
      vertex 90.2749 1.02513 0
    endloop
  endfacet
  facet normal 0.997865 -0.0653099 0
    outer loop
      vertex 91.2701 3.04316 2.4
      vertex 91.3 3.5 0
      vertex 91.3 3.5 2.4
    endloop
  endfacet
  facet normal 0.997865 -0.0653099 0
    outer loop
      vertex 91.3 3.5 0
      vertex 91.2701 3.04316 2.4
      vertex 91.2701 3.04316 0
    endloop
  endfacet
  facet normal 0.555536 -0.831492 0
    outer loop
      vertex 89.55 0.46891 0
      vertex 89.9307 0.723263 2.4
      vertex 89.55 0.46891 2.4
    endloop
  endfacet
  facet normal 0.555536 -0.831492 0
    outer loop
      vertex 89.9307 0.723263 2.4
      vertex 89.55 0.46891 0
      vertex 89.9307 0.723263 0
    endloop
  endfacet
  facet normal 0 1 -0
    outer loop
      vertex 87.8 62.3 0
      vertex 3.5 62.3 2.4
      vertex 87.8 62.3 2.4
    endloop
  endfacet
  facet normal 0 1 0
    outer loop
      vertex 3.5 62.3 2.4
      vertex 87.8 62.3 0
      vertex 3.5 62.3 0
    endloop
  endfacet
  facet normal -0.321322 0.94697 0
    outer loop
      vertex 2.59413 62.1807 0
      vertex 2.16061 62.0336 2.4
      vertex 2.59413 62.1807 2.4
    endloop
  endfacet
  facet normal -0.321322 0.94697 0
    outer loop
      vertex 2.16061 62.0336 2.4
      vertex 2.59413 62.1807 0
      vertex 2.16061 62.0336 0
    endloop
  endfacet
  facet normal -0.980792 0.195059 0
    outer loop
      vertex 0.0299425 59.2568 0
      vertex 0.119259 59.7059 2.4
      vertex 0.119259 59.7059 0
    endloop
  endfacet
  facet normal -0.980792 0.195059 0
    outer loop
      vertex 0.119259 59.7059 2.4
      vertex 0.0299425 59.2568 0
      vertex 0.0299425 59.2568 2.4
    endloop
  endfacet
  facet normal 0.065408 -0.997859 0
    outer loop
      vertex 87.8 0 0
      vertex 88.2568 0.0299425 2.4
      vertex 87.8 0 2.4
    endloop
  endfacet
  facet normal 0.065408 -0.997859 0
    outer loop
      vertex 88.2568 0.0299425 2.4
      vertex 87.8 0 0
      vertex 88.2568 0.0299425 0
    endloop
  endfacet
  facet normal -0.659278 0.7519 0
    outer loop
      vertex 1.36933 61.5767 0
      vertex 1.02513 61.2749 2.4
      vertex 1.36933 61.5767 2.4
    endloop
  endfacet
  facet normal -0.659278 0.7519 0
    outer loop
      vertex 1.02513 61.2749 2.4
      vertex 1.36933 61.5767 0
      vertex 1.02513 61.2749 0
    endloop
  endfacet
  facet normal -0.997859 -0.0654023 0
    outer loop
      vertex 0.0299425 3.04316 0
      vertex 0 3.5 2.4
      vertex 0 3.5 0
    endloop
  endfacet
  facet normal -0.997859 -0.0654023 0
    outer loop
      vertex 0 3.5 2.4
      vertex 0.0299425 3.04316 0
      vertex 0.0299425 3.04316 2.4
    endloop
  endfacet
  facet normal 0.946966 0.321335 0
    outer loop
      vertex 91.1807 59.7059 2.4
      vertex 91.0336 60.1394 0
      vertex 91.0336 60.1394 2.4
    endloop
  endfacet
  facet normal 0.946966 0.321335 0
    outer loop
      vertex 91.0336 60.1394 0
      vertex 91.1807 59.7059 2.4
      vertex 91.1807 59.7059 0
    endloop
  endfacet
  facet normal 0.89686 0.442314 0
    outer loop
      vertex 91.0336 60.1394 2.4
      vertex 90.8311 60.55 0
      vertex 90.8311 60.55 2.4
    endloop
  endfacet
  facet normal 0.89686 0.442314 0
    outer loop
      vertex 90.8311 60.55 0
      vertex 91.0336 60.1394 2.4
      vertex 91.0336 60.1394 0
    endloop
  endfacet
  facet normal 0 -1 0
    outer loop
      vertex 3.5 0 0
      vertex 87.8 0 2.4
      vertex 3.5 0 2.4
    endloop
  endfacet
  facet normal 0 -1 -0
    outer loop
      vertex 87.8 0 2.4
      vertex 3.5 0 0
      vertex 87.8 0 0
    endloop
  endfacet
  facet normal -0.89687 0.442295 0
    outer loop
      vertex 0.266421 60.1394 0
      vertex 0.46891 60.55 2.4
      vertex 0.46891 60.55 0
    endloop
  endfacet
  facet normal -0.89687 0.442295 0
    outer loop
      vertex 0.46891 60.55 2.4
      vertex 0.266421 60.1394 0
      vertex 0.266421 60.1394 2.4
    endloop
  endfacet
  facet normal 0.7519 -0.659278 0
    outer loop
      vertex 90.2749 1.02513 2.4
      vertex 90.5767 1.36933 0
      vertex 90.5767 1.36933 2.4
    endloop
  endfacet
  facet normal 0.7519 -0.659278 0
    outer loop
      vertex 90.5767 1.36933 0
      vertex 90.2749 1.02513 2.4
      vertex 90.2749 1.02513 0
    endloop
  endfacet
  facet normal 0.195234 0.980757 -0
    outer loop
      vertex 88.7059 62.1807 0
      vertex 88.2568 62.2701 2.4
      vertex 88.7059 62.1807 2.4
    endloop
  endfacet
  facet normal 0.195234 0.980757 0
    outer loop
      vertex 88.2568 62.2701 2.4
      vertex 88.7059 62.1807 0
      vertex 88.2568 62.2701 0
    endloop
  endfacet
  facet normal 0.896864 -0.442305 0
    outer loop
      vertex 90.8311 1.75 2.4
      vertex 91.0336 2.16061 0
      vertex 91.0336 2.16061 2.4
    endloop
  endfacet
  facet normal 0.896864 -0.442305 0
    outer loop
      vertex 91.0336 2.16061 0
      vertex 90.8311 1.75 2.4
      vertex 90.8311 1.75 0
    endloop
  endfacet
  facet normal -0.555566 -0.831472 0
    outer loop
      vertex 1.36933 0.723263 0
      vertex 1.75 0.46891 2.4
      vertex 1.36933 0.723263 2.4
    endloop
  endfacet
  facet normal -0.555566 -0.831472 -0
    outer loop
      vertex 1.75 0.46891 2.4
      vertex 1.36933 0.723263 0
      vertex 1.75 0.46891 0
    endloop
  endfacet
  facet normal 0.321456 -0.946924 0
    outer loop
      vertex 88.7059 0.119259 0
      vertex 89.1394 0.266421 2.4
      vertex 88.7059 0.119259 2.4
    endloop
  endfacet
  facet normal 0.321456 -0.946924 0
    outer loop
      vertex 89.1394 0.266421 2.4
      vertex 88.7059 0.119259 0
      vertex 89.1394 0.266421 0
    endloop
  endfacet
  facet normal 0.7519 0.659278 0
    outer loop
      vertex 90.5767 60.9307 2.4
      vertex 90.2749 61.2749 0
      vertex 90.2749 61.2749 2.4
    endloop
  endfacet
  facet normal 0.7519 0.659278 0
    outer loop
      vertex 90.2749 61.2749 0
      vertex 90.5767 60.9307 2.4
      vertex 90.5767 60.9307 0
    endloop
  endfacet
  facet normal 0.555607 0.831445 -0
    outer loop
      vertex 89.9307 61.5767 0
      vertex 89.55 61.8311 2.4
      vertex 89.9307 61.5767 2.4
    endloop
  endfacet
  facet normal 0.555607 0.831445 0
    outer loop
      vertex 89.55 61.8311 2.4
      vertex 89.9307 61.5767 0
      vertex 89.55 61.8311 0
    endloop
  endfacet
  facet normal -0.321443 -0.946929 0
    outer loop
      vertex 2.16061 0.266421 0
      vertex 2.59413 0.119259 2.4
      vertex 2.16061 0.266421 2.4
    endloop
  endfacet
  facet normal -0.321443 -0.946929 -0
    outer loop
      vertex 2.59413 0.119259 2.4
      vertex 2.16061 0.266421 0
      vertex 2.59413 0.119259 0
    endloop
  endfacet
  facet normal -0.195263 0.980751 0
    outer loop
      vertex 3.04316 62.2701 0
      vertex 2.59413 62.1807 2.4
      vertex 3.04316 62.2701 2.4
    endloop
  endfacet
  facet normal -0.195263 0.980751 0
    outer loop
      vertex 2.59413 62.1807 2.4
      vertex 3.04316 62.2701 0
      vertex 2.59413 62.1807 0
    endloop
  endfacet
  facet normal 0.321335 0.946966 -0
    outer loop
      vertex 89.1394 62.0336 0
      vertex 88.7059 62.1807 2.4
      vertex 89.1394 62.0336 2.4
    endloop
  endfacet
  facet normal 0.321335 0.946966 0
    outer loop
      vertex 88.7059 62.1807 2.4
      vertex 89.1394 62.0336 0
      vertex 88.7059 62.1807 0
    endloop
  endfacet
  facet normal 0 0 1
    outer loop
      vertex 44.0154 8.43495 2.4
      vertex 39.9846 8.43495 2.4
      vertex 40 8.2 2.4
    endloop
  endfacet
  facet normal 0 0 1
    outer loop
      vertex 39.1 9.75885 2.4
      vertex 40.3038 14.0148 2.4
      vertex 39.9841 14.0037 2.4
    endloop
  endfacet
  facet normal 0 0 1
    outer loop
      vertex 40.5979 14.0332 2.4
      vertex 39.9387 8.66587 2.4
      vertex 39.9846 8.43495 2.4
    endloop
  endfacet
  facet normal 0 0 1
    outer loop
      vertex 40.5979 14.0332 2.4
      vertex 39.863 8.88883 2.4
      vertex 39.9387 8.66587 2.4
    endloop
  endfacet
  facet normal 0 0 1
    outer loop
      vertex 40.5979 14.0332 2.4
      vertex 39.7588 9.1 2.4
      vertex 39.863 8.88883 2.4
    endloop
  endfacet
  facet normal 0 0 1
    outer loop
      vertex 38.8888 9.86298 2.4
      vertex 39.9841 14.0037 2.4
      vertex 39.6388 14 2.4
    endloop
  endfacet
  facet normal 0 0 1
    outer loop
      vertex 40.5979 14.0332 2.4
      vertex 39.628 9.29577 2.4
      vertex 39.7588 9.1 2.4
    endloop
  endfacet
  facet normal 0 0 1
    outer loop
      vertex 40.5979 14.0332 2.4
      vertex 39.4728 9.47279 2.4
      vertex 39.628 9.29577 2.4
    endloop
  endfacet
  facet normal 0 0 1
    outer loop
      vertex 40.5979 14.0332 2.4
      vertex 39.2958 9.62804 2.4
      vertex 39.4728 9.47279 2.4
    endloop
  endfacet
  facet normal 0 0 1
    outer loop
      vertex 40.3038 14.0148 2.4
      vertex 39.1 9.75885 2.4
      vertex 39.2958 9.62804 2.4
    endloop
  endfacet
  facet normal 0 0 1
    outer loop
      vertex 39.9841 14.0037 2.4
      vertex 38.8888 9.86298 2.4
      vertex 39.1 9.75885 2.4
    endloop
  endfacet
  facet normal 0 0 1
    outer loop
      vertex 39.6388 14 2.4
      vertex 38.6659 9.93867 2.4
      vertex 38.8888 9.86298 2.4
    endloop
  endfacet
  facet normal 0 0 1
    outer loop
      vertex 39.6388 14 2.4
      vertex 38.4349 9.9846 2.4
      vertex 38.6659 9.93867 2.4
    endloop
  endfacet
  facet normal -0 0 1
    outer loop
      vertex 38.1246 14 2.4
      vertex 38.4349 9.9846 2.4
      vertex 39.6388 14 2.4
    endloop
  endfacet
  facet normal 0 0 1
    outer loop
      vertex 38.4349 9.9846 2.4
      vertex 38.1246 14 2.4
      vertex 38.2 10 2.4
    endloop
  endfacet
  facet normal -0 0 1
    outer loop
      vertex 37.5243 14 2.4
      vertex 38.2 10 2.4
      vertex 38.1246 14 2.4
    endloop
  endfacet
  facet normal -0 0 1
    outer loop
      vertex 36.0808 14 2.4
      vertex 38.2 10 2.4
      vertex 37.5243 14 2.4
    endloop
  endfacet
  facet normal 0 0 1
    outer loop
      vertex 36.0808 14 2.4
      vertex 33.8 10 2.4
      vertex 38.2 10 2.4
    endloop
  endfacet
  facet normal 0 0 1
    outer loop
      vertex 33.1307 14 2.4
      vertex 36.0808 14 2.4
      vertex 35.7303 15.0137 2.4
    endloop
  endfacet
  facet normal 0 0 1
    outer loop
      vertex 36.0808 14 2.4
      vertex 33.1307 14 2.4
      vertex 33.8 10 2.4
    endloop
  endfacet
  facet normal 0 0 1
    outer loop
      vertex 33.1307 14 2.4
      vertex 35.7303 15.0137 2.4
      vertex 33.485 15.0137 2.4
    endloop
  endfacet
  facet normal 0 0 1
    outer loop
      vertex 33.8 10 2.4
      vertex 33.1307 14 2.4
      vertex 33.5651 9.9846 2.4
    endloop
  endfacet
  facet normal 0 0 1
    outer loop
      vertex 33.5651 9.9846 2.4
      vertex 33.1307 14 2.4
      vertex 33.3341 9.93867 2.4
    endloop
  endfacet
  facet normal 0 0 1
    outer loop
      vertex 33.1307 14 2.4
      vertex 33.1112 9.86298 2.4
      vertex 33.3341 9.93867 2.4
    endloop
  endfacet
  facet normal -0 0 1
    outer loop
      vertex 31.6873 14 2.4
      vertex 33.1112 9.86298 2.4
      vertex 33.1307 14 2.4
    endloop
  endfacet
  facet normal 0 0 1
    outer loop
      vertex 33.1112 9.86298 2.4
      vertex 31.6873 14 2.4
      vertex 32.9 9.75885 2.4
    endloop
  endfacet
  facet normal 0 0 1
    outer loop
      vertex 32.9 9.75885 2.4
      vertex 31.6873 14 2.4
      vertex 32.7042 9.62804 2.4
    endloop
  endfacet
  facet normal 0 0 1
    outer loop
      vertex 32.7042 9.62804 2.4
      vertex 31.6873 14 2.4
      vertex 32.5272 9.47279 2.4
    endloop
  endfacet
  facet normal 0 0 1
    outer loop
      vertex 32.5272 9.47279 2.4
      vertex 31.6873 14 2.4
      vertex 32.372 9.29577 2.4
    endloop
  endfacet
  facet normal 0 0 1
    outer loop
      vertex 27.628 9.29577 2.4
      vertex 32.372 9.29577 2.4
      vertex 31.6873 14 2.4
    endloop
  endfacet
  facet normal 0 0 1
    outer loop
      vertex 32.372 9.29577 2.4
      vertex 27.628 9.29577 2.4
      vertex 32.2412 9.1 2.4
    endloop
  endfacet
  facet normal 0 -0 1
    outer loop
      vertex 27.9387 8.66587 2.4
      vertex 32.0613 8.66587 2.4
      vertex 27.863 8.88883 2.4
    endloop
  endfacet
  facet normal 0 0 1
    outer loop
      vertex 32.137 8.88883 2.4
      vertex 27.863 8.88883 2.4
      vertex 32.0613 8.66587 2.4
    endloop
  endfacet
  facet normal 0 -0 1
    outer loop
      vertex 27.863 8.88883 2.4
      vertex 32.137 8.88883 2.4
      vertex 27.7588 9.1 2.4
    endloop
  endfacet
  facet normal 0 -0 1
    outer loop
      vertex 27.7588 9.1 2.4
      vertex 32.2412 9.1 2.4
      vertex 27.628 9.29577 2.4
    endloop
  endfacet
  facet normal 0 0 1
    outer loop
      vertex 49.1543 18.0728 2.4
      vertex 47.8712 15.0701 2.4
      vertex 49.1543 14 2.4
    endloop
  endfacet
  facet normal 0 0 1
    outer loop
      vertex 56.0154 8.43495 2.4
      vertex 51.9846 8.43495 2.4
      vertex 52 8.2 2.4
    endloop
  endfacet
  facet normal 0 0 1
    outer loop
      vertex 52.176 14.6467 2.4
      vertex 51.9387 8.66587 2.4
      vertex 51.9846 8.43495 2.4
    endloop
  endfacet
  facet normal 0 0 1
    outer loop
      vertex 50.5118 14 2.4
      vertex 52.0429 14.8489 2.4
      vertex 51.9339 15.0758 2.4
    endloop
  endfacet
  facet normal 0 0 1
    outer loop
      vertex 52.176 14.6467 2.4
      vertex 51.863 8.88883 2.4
      vertex 51.9387 8.66587 2.4
    endloop
  endfacet
  facet normal 0 0 1
    outer loop
      vertex 50.5118 14 2.4
      vertex 51.9339 15.0758 2.4
      vertex 51.8492 15.3274 2.4
    endloop
  endfacet
  facet normal 0 0 1
    outer loop
      vertex 50.5118 14 2.4
      vertex 51.8492 15.3274 2.4
      vertex 51.7887 15.6036 2.4
    endloop
  endfacet
  facet normal 0 0 1
    outer loop
      vertex 52.176 14.6467 2.4
      vertex 51.7588 9.1 2.4
      vertex 51.863 8.88883 2.4
    endloop
  endfacet
  facet normal 0 0 1
    outer loop
      vertex 50.5118 14 2.4
      vertex 51.7887 15.6036 2.4
      vertex 51.7524 15.9045 2.4
    endloop
  endfacet
  facet normal 0 0 1
    outer loop
      vertex 50.5118 14 2.4
      vertex 51.7524 15.9045 2.4
      vertex 51.7403 16.2301 2.4
    endloop
  endfacet
  facet normal 0 0 1
    outer loop
      vertex 52.176 14.6467 2.4
      vertex 51.628 9.29577 2.4
      vertex 51.7588 9.1 2.4
    endloop
  endfacet
  facet normal 0 0 1
    outer loop
      vertex 55.1045 16.2301 2.4
      vertex 53.1762 16.2301 2.4
      vertex 53.1808 16.0409 2.4
    endloop
  endfacet
  facet normal 0 0 1
    outer loop
      vertex 50.8888 9.86298 2.4
      vertex 50.5118 14 2.4
      vertex 50.6659 9.93867 2.4
    endloop
  endfacet
  facet normal 0 0 1
    outer loop
      vertex 50.5118 14 2.4
      vertex 50.4349 9.9846 2.4
      vertex 50.6659 9.93867 2.4
    endloop
  endfacet
  facet normal 0 0 1
    outer loop
      vertex 50.5118 14 2.4
      vertex 50.2 10 2.4
      vertex 50.4349 9.9846 2.4
    endloop
  endfacet
  facet normal -0 0 1
    outer loop
      vertex 49.1543 14 2.4
      vertex 50.2 10 2.4
      vertex 50.5118 14 2.4
    endloop
  endfacet
  facet normal 0 0 1
    outer loop
      vertex 45.6782 14 2.4
      vertex 49.1543 14 2.4
      vertex 47.8712 15.0701 2.4
    endloop
  endfacet
  facet normal 0 0 1
    outer loop
      vertex 45.6782 14 2.4
      vertex 47.8712 15.0701 2.4
      vertex 46.9612 15.0701 2.4
    endloop
  endfacet
  facet normal 0 -0 1
    outer loop
      vertex 45.8 10 2.4
      vertex 49.1543 14 2.4
      vertex 45.6782 14 2.4
    endloop
  endfacet
  facet normal 0 0 1
    outer loop
      vertex 45.6782 14 2.4
      vertex 46.9612 15.0701 2.4
      vertex 45.6782 18.0728 2.4
    endloop
  endfacet
  facet normal 0 0 1
    outer loop
      vertex 49.1543 14 2.4
      vertex 45.8 10 2.4
      vertex 50.2 10 2.4
    endloop
  endfacet
  facet normal 0 0 1
    outer loop
      vertex 45.6782 14 2.4
      vertex 45.5651 9.9846 2.4
      vertex 45.8 10 2.4
    endloop
  endfacet
  facet normal 0 0 1
    outer loop
      vertex 45.6782 14 2.4
      vertex 45.3341 9.93867 2.4
      vertex 45.5651 9.9846 2.4
    endloop
  endfacet
  facet normal -0 0 1
    outer loop
      vertex 44.3169 14 2.4
      vertex 45.3341 9.93867 2.4
      vertex 45.6782 14 2.4
    endloop
  endfacet
  facet normal 0 0 1
    outer loop
      vertex 45.3341 9.93867 2.4
      vertex 44.3169 14 2.4
      vertex 45.1112 9.86298 2.4
    endloop
  endfacet
  facet normal 0 0 1
    outer loop
      vertex 45.1112 9.86298 2.4
      vertex 44.3169 14 2.4
      vertex 44.9 9.75885 2.4
    endloop
  endfacet
  facet normal 0 0 1
    outer loop
      vertex 44.9 9.75885 2.4
      vertex 44.3169 14 2.4
      vertex 44.7042 9.62804 2.4
    endloop
  endfacet
  facet normal 0 0 1
    outer loop
      vertex 44.7042 9.62804 2.4
      vertex 44.3169 14 2.4
      vertex 44.5272 9.47279 2.4
    endloop
  endfacet
  facet normal 0 0 1
    outer loop
      vertex 44.5272 9.47279 2.4
      vertex 44.3169 14 2.4
      vertex 44.372 9.29577 2.4
    endloop
  endfacet
  facet normal 0 0 1
    outer loop
      vertex 44.372 9.29577 2.4
      vertex 44.3169 14 2.4
      vertex 44.2412 9.1 2.4
    endloop
  endfacet
  facet normal -0 0 1
    outer loop
      vertex 59.2338 18.4845 2.4
      vertex 61.5275 17.4461 2.4
      vertex 61.673 18.4845 2.4
    endloop
  endfacet
  facet normal 0 0 1
    outer loop
      vertex 61.5275 17.4461 2.4
      vertex 59.2338 18.4845 2.4
      vertex 59.2338 17.4461 2.4
    endloop
  endfacet
  facet normal 0 0 1
    outer loop
      vertex 69.5602 13.9094 2.4
      vertex 63.9846 8.43495 2.4
      vertex 64 8.2 2.4
    endloop
  endfacet
  facet normal 0 0 1
    outer loop
      vertex 67.8851 14.2905 2.4
      vertex 63.9387 8.66587 2.4
      vertex 63.9846 8.43495 2.4
    endloop
  endfacet
  facet normal 0 0 1
    outer loop
      vertex 67.8851 14.2905 2.4
      vertex 63.863 8.88883 2.4
      vertex 63.9387 8.66587 2.4
    endloop
  endfacet
  facet normal 0 0 1
    outer loop
      vertex 67.8851 14.2905 2.4
      vertex 63.7588 9.1 2.4
      vertex 63.863 8.88883 2.4
    endloop
  endfacet
  facet normal 0 0 1
    outer loop
      vertex 67.8851 14.2905 2.4
      vertex 63.628 9.29577 2.4
      vertex 63.7588 9.1 2.4
    endloop
  endfacet
  facet normal 0 0 1
    outer loop
      vertex 64.3296 14 2.4
      vertex 63.4728 9.47279 2.4
      vertex 63.628 9.29577 2.4
    endloop
  endfacet
  facet normal 0 0 1
    outer loop
      vertex 64.3296 14 2.4
      vertex 63.2958 9.62804 2.4
      vertex 63.4728 9.47279 2.4
    endloop
  endfacet
  facet normal 0 0 1
    outer loop
      vertex 64.3296 14 2.4
      vertex 63.1 9.75885 2.4
      vertex 63.2958 9.62804 2.4
    endloop
  endfacet
  facet normal 0 0 1
    outer loop
      vertex 62.8888 9.86298 2.4
      vertex 64.3296 14 2.4
      vertex 62.8937 14 2.4
    endloop
  endfacet
  facet normal 0 0 1
    outer loop
      vertex 64.3296 14 2.4
      vertex 62.8888 9.86298 2.4
      vertex 63.1 9.75885 2.4
    endloop
  endfacet
  facet normal -0 0 1
    outer loop
      vertex 64.3296 18.4845 2.4
      vertex 66.6234 17.4461 2.4
      vertex 66.7688 18.4845 2.4
    endloop
  endfacet
  facet normal 0 0 1
    outer loop
      vertex 66.6234 17.4461 2.4
      vertex 64.3296 18.4845 2.4
      vertex 64.3296 17.4461 2.4
    endloop
  endfacet
  facet normal 0 0 1
    outer loop
      vertex 70.5523 16.0178 2.4
      vertex 70.8465 15.5367 2.4
      vertex 70.843 15.6088 2.4
    endloop
  endfacet
  facet normal 0 0 1
    outer loop
      vertex 70.6214 15.9791 2.4
      vertex 70.843 15.6088 2.4
      vertex 70.8326 15.6761 2.4
    endloop
  endfacet
  facet normal 0 -0 1
    outer loop
      vertex 70.5966 15.0893 2.4
      vertex 70.8465 15.5367 2.4
      vertex 70.5523 16.0178 2.4
    endloop
  endfacet
  facet normal 0 0 1
    outer loop
      vertex 70.6214 15.9791 2.4
      vertex 70.8326 15.6761 2.4
      vertex 70.8153 15.7384 2.4
    endloop
  endfacet
  facet normal 0 0 1
    outer loop
      vertex 70.843 15.6088 2.4
      vertex 70.6214 15.9791 2.4
      vertex 70.5523 16.0178 2.4
    endloop
  endfacet
  facet normal 0 0 1
    outer loop
      vertex 70.6214 15.9791 2.4
      vertex 70.8153 15.7384 2.4
      vertex 70.7911 15.7959 2.4
    endloop
  endfacet
  facet normal 0 0 1
    outer loop
      vertex 70.8465 15.5367 2.4
      vertex 70.5966 15.0893 2.4
      vertex 70.8414 15.4563 2.4
    endloop
  endfacet
  facet normal 0 0 1
    outer loop
      vertex 70.6214 15.9791 2.4
      vertex 70.7911 15.7959 2.4
      vertex 70.7599 15.8486 2.4
    endloop
  endfacet
  facet normal 0 0 1
    outer loop
      vertex 70.6214 15.9791 2.4
      vertex 70.7599 15.8486 2.4
      vertex 70.7218 15.8963 2.4
    endloop
  endfacet
  facet normal 0 0 1
    outer loop
      vertex 70.8261 15.3815 2.4
      vertex 70.6629 15.1368 2.4
      vertex 70.8006 15.3121 2.4
    endloop
  endfacet
  facet normal 0 0 1
    outer loop
      vertex 70.6214 15.9791 2.4
      vertex 70.7218 15.8963 2.4
      vertex 70.6768 15.9392 2.4
    endloop
  endfacet
  facet normal 0 0 1
    outer loop
      vertex 70.8006 15.3121 2.4
      vertex 70.719 15.1898 2.4
      vertex 70.7649 15.2482 2.4
    endloop
  endfacet
  facet normal 0 0 1
    outer loop
      vertex 70.8006 15.3121 2.4
      vertex 70.6629 15.1368 2.4
      vertex 70.719 15.1898 2.4
    endloop
  endfacet
  facet normal 0 0 1
    outer loop
      vertex 70.8414 15.4563 2.4
      vertex 70.6629 15.1368 2.4
      vertex 70.8261 15.3815 2.4
    endloop
  endfacet
  facet normal 0 0 1
    outer loop
      vertex 70.8414 15.4563 2.4
      vertex 70.5966 15.0893 2.4
      vertex 70.6629 15.1368 2.4
    endloop
  endfacet
  facet normal 0 0 1
    outer loop
      vertex 70.5523 16.0178 2.4
      vertex 70.5207 15.0478 2.4
      vertex 70.5966 15.0893 2.4
    endloop
  endfacet
  facet normal 0 0 1
    outer loop
      vertex 70.4693 16.0552 2.4
      vertex 70.5207 15.0478 2.4
      vertex 70.5523 16.0178 2.4
    endloop
  endfacet
  facet normal 0 0 1
    outer loop
      vertex 70.4693 16.0552 2.4
      vertex 70.4358 15.0126 2.4
      vertex 70.5207 15.0478 2.4
    endloop
  endfacet
  facet normal 0 0 1
    outer loop
      vertex 70.3726 16.0914 2.4
      vertex 70.4358 15.0126 2.4
      vertex 70.4693 16.0552 2.4
    endloop
  endfacet
  facet normal 0 0 1
    outer loop
      vertex 70.3726 16.0914 2.4
      vertex 70.342 14.9839 2.4
      vertex 70.4358 15.0126 2.4
    endloop
  endfacet
  facet normal 0 0 1
    outer loop
      vertex 70.2392 14.9615 2.4
      vertex 70.3726 16.0914 2.4
      vertex 70.2622 16.1264 2.4
    endloop
  endfacet
  facet normal 0 0 1
    outer loop
      vertex 70.3726 16.0914 2.4
      vertex 70.2392 14.9615 2.4
      vertex 70.342 14.9839 2.4
    endloop
  endfacet
  facet normal 0 0 1
    outer loop
      vertex 70.1274 14.9456 2.4
      vertex 70.2622 16.1264 2.4
      vertex 70.1379 16.1602 2.4
    endloop
  endfacet
  facet normal 0 0 1
    outer loop
      vertex 70.2622 16.1264 2.4
      vertex 70.1274 14.9456 2.4
      vertex 70.2392 14.9615 2.4
    endloop
  endfacet
  facet normal 0 0 1
    outer loop
      vertex 70.1379 16.1602 2.4
      vertex 70.0066 14.936 2.4
      vertex 70.1274 14.9456 2.4
    endloop
  endfacet
  facet normal 0 0 1
    outer loop
      vertex 69.9999 16.1927 2.4
      vertex 70.0066 14.936 2.4
      vertex 70.1379 16.1602 2.4
    endloop
  endfacet
  facet normal 0 0 1
    outer loop
      vertex 69.9999 16.1927 2.4
      vertex 69.8768 14.9328 2.4
      vertex 70.0066 14.936 2.4
    endloop
  endfacet
  facet normal 0 0 1
    outer loop
      vertex 69.9999 16.1927 2.4
      vertex 69.7439 14.9357 2.4
      vertex 69.8768 14.9328 2.4
    endloop
  endfacet
  facet normal 0 0 1
    outer loop
      vertex 69.9999 16.1927 2.4
      vertex 69.6096 14.9445 2.4
      vertex 69.7439 14.9357 2.4
    endloop
  endfacet
  facet normal 0 0 1
    outer loop
      vertex 69.9999 16.1927 2.4
      vertex 69.4739 14.9592 2.4
      vertex 69.6096 14.9445 2.4
    endloop
  endfacet
  facet normal 0 0 1
    outer loop
      vertex 69.4442 16.3158 2.4
      vertex 69.4739 14.9592 2.4
      vertex 69.9999 16.1927 2.4
    endloop
  endfacet
  facet normal 0 0 1
    outer loop
      vertex 69.4442 16.3158 2.4
      vertex 69.3367 14.9796 2.4
      vertex 69.4739 14.9592 2.4
    endloop
  endfacet
  facet normal 0 0 1
    outer loop
      vertex 69.0579 15.0382 2.4
      vertex 69.4442 16.3158 2.4
      vertex 69.2146 16.3713 2.4
    endloop
  endfacet
  facet normal 0 0 1
    outer loop
      vertex 69.4442 16.3158 2.4
      vertex 69.198 15.006 2.4
      vertex 69.3367 14.9796 2.4
    endloop
  endfacet
  facet normal 0 0 1
    outer loop
      vertex 69.4442 16.3158 2.4
      vertex 69.0579 15.0382 2.4
      vertex 69.198 15.006 2.4
    endloop
  endfacet
  facet normal 0 0 1
    outer loop
      vertex 68.7734 15.1201 2.4
      vertex 69.2146 16.3713 2.4
      vertex 69.0035 16.4355 2.4
    endloop
  endfacet
  facet normal 0 0 1
    outer loop
      vertex 69.2146 16.3713 2.4
      vertex 68.9164 15.0763 2.4
      vertex 69.0579 15.0382 2.4
    endloop
  endfacet
  facet normal 0 0 1
    outer loop
      vertex 68.4831 15.2249 2.4
      vertex 69.0035 16.4355 2.4
      vertex 68.8106 16.5084 2.4
    endloop
  endfacet
  facet normal 0 0 1
    outer loop
      vertex 69.2146 16.3713 2.4
      vertex 68.7734 15.1201 2.4
      vertex 68.9164 15.0763 2.4
    endloop
  endfacet
  facet normal 0 0 1
    outer loop
      vertex 68.187 15.3526 2.4
      vertex 68.8106 16.5084 2.4
      vertex 68.6361 16.5899 2.4
    endloop
  endfacet
  facet normal 0 0 1
    outer loop
      vertex 69.0035 16.4355 2.4
      vertex 68.629 15.1697 2.4
      vertex 68.7734 15.1201 2.4
    endloop
  endfacet
  facet normal 0 0 1
    outer loop
      vertex 69.0035 16.4355 2.4
      vertex 68.4831 15.2249 2.4
      vertex 68.629 15.1697 2.4
    endloop
  endfacet
  facet normal 0 0 1
    outer loop
      vertex 67.8851 15.503 2.4
      vertex 68.6361 16.5899 2.4
      vertex 68.48 16.6802 2.4
    endloop
  endfacet
  facet normal 0 0 1
    outer loop
      vertex 67.8851 15.503 2.4
      vertex 68.48 16.6802 2.4
      vertex 68.3421 16.7791 2.4
    endloop
  endfacet
  facet normal 0 0 1
    outer loop
      vertex 68.8106 16.5084 2.4
      vertex 68.3358 15.2859 2.4
      vertex 68.4831 15.2249 2.4
    endloop
  endfacet
  facet normal 0 0 1
    outer loop
      vertex 67.8851 15.503 2.4
      vertex 68.3421 16.7791 2.4
      vertex 68.2227 16.8867 2.4
    endloop
  endfacet
  facet normal 0 0 1
    outer loop
      vertex 68.8106 16.5084 2.4
      vertex 68.187 15.3526 2.4
      vertex 68.3358 15.2859 2.4
    endloop
  endfacet
  facet normal 0 0 1
    outer loop
      vertex 66.6234 16.3619 2.4
      vertex 68.2227 16.8867 2.4
      vertex 68.1202 17.0042 2.4
    endloop
  endfacet
  facet normal 0 0 1
    outer loop
      vertex 68.6361 16.5899 2.4
      vertex 68.0368 15.425 2.4
      vertex 68.187 15.3526 2.4
    endloop
  endfacet
  facet normal 0 0 1
    outer loop
      vertex 66.6234 16.3619 2.4
      vertex 68.1202 17.0042 2.4
      vertex 68.0336 17.1329 2.4
    endloop
  endfacet
  facet normal 0 0 1
    outer loop
      vertex 66.6234 16.3619 2.4
      vertex 68.0336 17.1329 2.4
      vertex 67.9627 17.2726 2.4
    endloop
  endfacet
  facet normal 0 0 1
    outer loop
      vertex 66.6234 16.3619 2.4
      vertex 67.9627 17.2726 2.4
      vertex 67.9075 17.4235 2.4
    endloop
  endfacet
  facet normal 0 0 1
    outer loop
      vertex 68.6361 16.5899 2.4
      vertex 67.8851 15.503 2.4
      vertex 68.0368 15.425 2.4
    endloop
  endfacet
  facet normal 0 0 1
    outer loop
      vertex 68.2227 16.8867 2.4
      vertex 66.6234 16.3619 2.4
      vertex 67.8851 15.503 2.4
    endloop
  endfacet
  facet normal 0 0 1
    outer loop
      vertex 66.6234 16.3619 2.4
      vertex 67.9075 17.4235 2.4
      vertex 67.8681 17.5855 2.4
    endloop
  endfacet
  facet normal -0 0 1
    outer loop
      vertex 84.2387 14.3341 2.4
      vertex 91.3 3.5 2.4
      vertex 84.2846 14.5651 2.4
    endloop
  endfacet
  facet normal 0 0 1
    outer loop
      vertex 91.3 3.5 2.4
      vertex 84.2846 8.43495 2.4
      vertex 84.3 8.2 2.4
    endloop
  endfacet
  facet normal -0 0 1
    outer loop
      vertex 84.163 14.1112 2.4
      vertex 91.3 3.5 2.4
      vertex 84.2387 14.3341 2.4
    endloop
  endfacet
  facet normal 0 0 1
    outer loop
      vertex 91.3 3.5 2.4
      vertex 84.2387 8.66587 2.4
      vertex 84.2846 8.43495 2.4
    endloop
  endfacet
  facet normal -0 0 1
    outer loop
      vertex 84.163 8.88883 2.4
      vertex 91.3 3.5 2.4
      vertex 84.163 14.1112 2.4
    endloop
  endfacet
  facet normal 0 0 1
    outer loop
      vertex 91.3 3.5 2.4
      vertex 84.163 8.88883 2.4
      vertex 84.2387 8.66587 2.4
    endloop
  endfacet
  facet normal -0 0 1
    outer loop
      vertex 84.0588 13.9 2.4
      vertex 84.163 8.88883 2.4
      vertex 84.163 14.1112 2.4
    endloop
  endfacet
  facet normal 0 0 1
    outer loop
      vertex 84.0588 13.9 2.4
      vertex 84.0588 9.1 2.4
      vertex 84.163 8.88883 2.4
    endloop
  endfacet
  facet normal -0 0 1
    outer loop
      vertex 83.928 13.7042 2.4
      vertex 84.0588 9.1 2.4
      vertex 84.0588 13.9 2.4
    endloop
  endfacet
  facet normal 0 0 1
    outer loop
      vertex 83.928 13.7042 2.4
      vertex 83.928 9.29577 2.4
      vertex 84.0588 9.1 2.4
    endloop
  endfacet
  facet normal -0 0 1
    outer loop
      vertex 83.7728 13.5272 2.4
      vertex 83.928 9.29577 2.4
      vertex 83.928 13.7042 2.4
    endloop
  endfacet
  facet normal 0 0 1
    outer loop
      vertex 83.7728 13.5272 2.4
      vertex 83.7728 9.47279 2.4
      vertex 83.928 9.29577 2.4
    endloop
  endfacet
  facet normal -0 0 1
    outer loop
      vertex 83.5958 13.372 2.4
      vertex 83.7728 9.47279 2.4
      vertex 83.7728 13.5272 2.4
    endloop
  endfacet
  facet normal 0 0 1
    outer loop
      vertex 83.5958 13.372 2.4
      vertex 83.5958 9.62804 2.4
      vertex 83.7728 9.47279 2.4
    endloop
  endfacet
  facet normal -0 0 1
    outer loop
      vertex 83.4 13.2412 2.4
      vertex 83.5958 9.62804 2.4
      vertex 83.5958 13.372 2.4
    endloop
  endfacet
  facet normal 0 0 1
    outer loop
      vertex 83.4 13.2412 2.4
      vertex 83.4 9.75885 2.4
      vertex 83.5958 9.62804 2.4
    endloop
  endfacet
  facet normal -0 0 1
    outer loop
      vertex 83.1888 13.137 2.4
      vertex 83.4 9.75885 2.4
      vertex 83.4 13.2412 2.4
    endloop
  endfacet
  facet normal 0 0 1
    outer loop
      vertex 83.1888 13.137 2.4
      vertex 83.1888 9.86298 2.4
      vertex 83.4 9.75885 2.4
    endloop
  endfacet
  facet normal -0 0 1
    outer loop
      vertex 82.9659 13.0613 2.4
      vertex 83.1888 9.86298 2.4
      vertex 83.1888 13.137 2.4
    endloop
  endfacet
  facet normal 0 0 1
    outer loop
      vertex 82.9659 13.0613 2.4
      vertex 82.9659 9.93867 2.4
      vertex 83.1888 9.86298 2.4
    endloop
  endfacet
  facet normal -0 0 1
    outer loop
      vertex 82.7349 13.0154 2.4
      vertex 82.9659 9.93867 2.4
      vertex 82.9659 13.0613 2.4
    endloop
  endfacet
  facet normal 0 0 1
    outer loop
      vertex 82.7349 13.0154 2.4
      vertex 82.7349 9.9846 2.4
      vertex 82.9659 9.93867 2.4
    endloop
  endfacet
  facet normal -0 0 1
    outer loop
      vertex 82.5 13 2.4
      vertex 82.7349 9.9846 2.4
      vertex 82.7349 13.0154 2.4
    endloop
  endfacet
  facet normal 0 0 1
    outer loop
      vertex 82.5 13 2.4
      vertex 82.5 10 2.4
      vertex 82.7349 9.9846 2.4
    endloop
  endfacet
  facet normal -0 0 1
    outer loop
      vertex 77.1 13 2.4
      vertex 82.5 10 2.4
      vertex 82.5 13 2.4
    endloop
  endfacet
  facet normal 0 0 1
    outer loop
      vertex 77.1 13 2.4
      vertex 77.1 10 2.4
      vertex 82.5 10 2.4
    endloop
  endfacet
  facet normal 0 0 1
    outer loop
      vertex 76.8651 13.0154 2.4
      vertex 77.1 10 2.4
      vertex 77.1 13 2.4
    endloop
  endfacet
  facet normal 0 0 1
    outer loop
      vertex 76.8651 13.0154 2.4
      vertex 76.8651 9.9846 2.4
      vertex 77.1 10 2.4
    endloop
  endfacet
  facet normal 0 0 1
    outer loop
      vertex 76.6341 13.0613 2.4
      vertex 76.8651 9.9846 2.4
      vertex 76.8651 13.0154 2.4
    endloop
  endfacet
  facet normal 0 0 1
    outer loop
      vertex 76.6341 13.0613 2.4
      vertex 76.6341 9.93867 2.4
      vertex 76.8651 9.9846 2.4
    endloop
  endfacet
  facet normal 0 0 1
    outer loop
      vertex 76.4112 13.137 2.4
      vertex 76.6341 9.93867 2.4
      vertex 76.6341 13.0613 2.4
    endloop
  endfacet
  facet normal 0 0 1
    outer loop
      vertex 76.4112 13.137 2.4
      vertex 76.4112 9.86298 2.4
      vertex 76.6341 9.93867 2.4
    endloop
  endfacet
  facet normal 0 0 1
    outer loop
      vertex 76.2 13.2412 2.4
      vertex 76.4112 9.86298 2.4
      vertex 76.4112 13.137 2.4
    endloop
  endfacet
  facet normal 0 0 1
    outer loop
      vertex 76.2 13.2412 2.4
      vertex 76.2 9.75885 2.4
      vertex 76.4112 9.86298 2.4
    endloop
  endfacet
  facet normal 0 0 1
    outer loop
      vertex 76.0042 13.372 2.4
      vertex 76.2 9.75885 2.4
      vertex 76.2 13.2412 2.4
    endloop
  endfacet
  facet normal 0 0 1
    outer loop
      vertex 76.0042 13.372 2.4
      vertex 76.0042 9.62804 2.4
      vertex 76.2 9.75885 2.4
    endloop
  endfacet
  facet normal 0 0 1
    outer loop
      vertex 75.8272 13.5272 2.4
      vertex 76.0042 9.62804 2.4
      vertex 76.0042 13.372 2.4
    endloop
  endfacet
  facet normal 0 0 1
    outer loop
      vertex 75.8272 13.5272 2.4
      vertex 75.8272 9.47279 2.4
      vertex 76.0042 9.62804 2.4
    endloop
  endfacet
  facet normal 0 0 1
    outer loop
      vertex 75.672 13.7042 2.4
      vertex 75.8272 9.47279 2.4
      vertex 75.8272 13.5272 2.4
    endloop
  endfacet
  facet normal 0 0 1
    outer loop
      vertex 75.672 13.7042 2.4
      vertex 75.672 9.29577 2.4
      vertex 75.8272 9.47279 2.4
    endloop
  endfacet
  facet normal 0 0 1
    outer loop
      vertex 71.6838 14.3403 2.4
      vertex 75.672 13.7042 2.4
      vertex 75.5412 13.9 2.4
    endloop
  endfacet
  facet normal 0 0 1
    outer loop
      vertex 75.672 13.7042 2.4
      vertex 71.516 14.2211 2.4
      vertex 75.672 9.29577 2.4
    endloop
  endfacet
  facet normal 0 0 1
    outer loop
      vertex 71.8288 14.4784 2.4
      vertex 75.5412 13.9 2.4
      vertex 75.437 14.1112 2.4
    endloop
  endfacet
  facet normal -0 0 1
    outer loop
      vertex 71.3246 14.1202 2.4
      vertex 75.672 9.29577 2.4
      vertex 71.516 14.2211 2.4
    endloop
  endfacet
  facet normal 0 0 1
    outer loop
      vertex 71.9515 14.6357 2.4
      vertex 75.437 14.1112 2.4
      vertex 75.3613 14.3341 2.4
    endloop
  endfacet
  facet normal 0 0 1
    outer loop
      vertex 75.672 9.29577 2.4
      vertex 71.3246 14.1202 2.4
      vertex 75.5412 9.1 2.4
    endloop
  endfacet
  facet normal 0 0 1
    outer loop
      vertex 72.0518 14.8122 2.4
      vertex 75.3613 14.3341 2.4
      vertex 75.3154 14.5651 2.4
    endloop
  endfacet
  facet normal 0 0 1
    outer loop
      vertex 75.672 13.7042 2.4
      vertex 71.6838 14.3403 2.4
      vertex 71.516 14.2211 2.4
    endloop
  endfacet
  facet normal 0 0 1
    outer loop
      vertex 72.1299 15.0081 2.4
      vertex 75.3154 14.5651 2.4
      vertex 75.3 14.8 2.4
    endloop
  endfacet
  facet normal -0 0 1
    outer loop
      vertex 71.1097 14.0376 2.4
      vertex 75.5412 9.1 2.4
      vertex 71.3246 14.1202 2.4
    endloop
  endfacet
  facet normal -0 0 1
    outer loop
      vertex 84.2846 15.4349 2.4
      vertex 91.3 3.5 2.4
      vertex 84.2846 21.5651 2.4
    endloop
  endfacet
  facet normal 0 0 1
    outer loop
      vertex 91.3 3.5 2.4
      vertex 84.2846 15.4349 2.4
      vertex 84.3 15.2 2.4
    endloop
  endfacet
  facet normal -0 0 1
    outer loop
      vertex 84.2387 21.3341 2.4
      vertex 84.2846 15.4349 2.4
      vertex 84.2846 21.5651 2.4
    endloop
  endfacet
  facet normal 0 0 1
    outer loop
      vertex 84.2387 21.3341 2.4
      vertex 84.2387 15.6659 2.4
      vertex 84.2846 15.4349 2.4
    endloop
  endfacet
  facet normal -0 0 1
    outer loop
      vertex 84.163 21.1112 2.4
      vertex 84.2387 15.6659 2.4
      vertex 84.2387 21.3341 2.4
    endloop
  endfacet
  facet normal 0 0 1
    outer loop
      vertex 84.163 21.1112 2.4
      vertex 84.163 15.8888 2.4
      vertex 84.2387 15.6659 2.4
    endloop
  endfacet
  facet normal -0 0 1
    outer loop
      vertex 84.0588 20.9 2.4
      vertex 84.163 15.8888 2.4
      vertex 84.163 21.1112 2.4
    endloop
  endfacet
  facet normal 0 0 1
    outer loop
      vertex 84.0588 20.9 2.4
      vertex 84.0588 16.1 2.4
      vertex 84.163 15.8888 2.4
    endloop
  endfacet
  facet normal -0 0 1
    outer loop
      vertex 83.928 20.7042 2.4
      vertex 84.0588 16.1 2.4
      vertex 84.0588 20.9 2.4
    endloop
  endfacet
  facet normal 0 0 1
    outer loop
      vertex 83.928 20.7042 2.4
      vertex 83.928 16.2958 2.4
      vertex 84.0588 16.1 2.4
    endloop
  endfacet
  facet normal -0 0 1
    outer loop
      vertex 83.7728 20.5272 2.4
      vertex 83.928 16.2958 2.4
      vertex 83.928 20.7042 2.4
    endloop
  endfacet
  facet normal 0 0 1
    outer loop
      vertex 83.7728 20.5272 2.4
      vertex 83.7728 16.4728 2.4
      vertex 83.928 16.2958 2.4
    endloop
  endfacet
  facet normal -0 0 1
    outer loop
      vertex 83.5958 20.372 2.4
      vertex 83.7728 16.4728 2.4
      vertex 83.7728 20.5272 2.4
    endloop
  endfacet
  facet normal 0 0 1
    outer loop
      vertex 83.5958 20.372 2.4
      vertex 83.5958 16.628 2.4
      vertex 83.7728 16.4728 2.4
    endloop
  endfacet
  facet normal -0 0 1
    outer loop
      vertex 83.4 20.2412 2.4
      vertex 83.5958 16.628 2.4
      vertex 83.5958 20.372 2.4
    endloop
  endfacet
  facet normal 0 0 1
    outer loop
      vertex 83.4 20.2412 2.4
      vertex 83.4 16.7588 2.4
      vertex 83.5958 16.628 2.4
    endloop
  endfacet
  facet normal -0 0 1
    outer loop
      vertex 83.1888 20.137 2.4
      vertex 83.4 16.7588 2.4
      vertex 83.4 20.2412 2.4
    endloop
  endfacet
  facet normal 0 0 1
    outer loop
      vertex 83.1888 20.137 2.4
      vertex 83.1888 16.863 2.4
      vertex 83.4 16.7588 2.4
    endloop
  endfacet
  facet normal -0 0 1
    outer loop
      vertex 82.9659 20.0613 2.4
      vertex 83.1888 16.863 2.4
      vertex 83.1888 20.137 2.4
    endloop
  endfacet
  facet normal 0 0 1
    outer loop
      vertex 82.9659 20.0613 2.4
      vertex 82.9659 16.9387 2.4
      vertex 83.1888 16.863 2.4
    endloop
  endfacet
  facet normal -0 0 1
    outer loop
      vertex 82.7349 20.0154 2.4
      vertex 82.9659 16.9387 2.4
      vertex 82.9659 20.0613 2.4
    endloop
  endfacet
  facet normal 0 0 1
    outer loop
      vertex 82.7349 20.0154 2.4
      vertex 82.7349 16.9846 2.4
      vertex 82.9659 16.9387 2.4
    endloop
  endfacet
  facet normal -0 0 1
    outer loop
      vertex 82.5 20 2.4
      vertex 82.7349 16.9846 2.4
      vertex 82.7349 20.0154 2.4
    endloop
  endfacet
  facet normal 0 0 1
    outer loop
      vertex 82.5 20 2.4
      vertex 82.5 17 2.4
      vertex 82.7349 16.9846 2.4
    endloop
  endfacet
  facet normal -0 0 1
    outer loop
      vertex 77.1 20 2.4
      vertex 82.5 17 2.4
      vertex 82.5 20 2.4
    endloop
  endfacet
  facet normal 0 0 1
    outer loop
      vertex 77.1 20 2.4
      vertex 77.1 17 2.4
      vertex 82.5 17 2.4
    endloop
  endfacet
  facet normal 0 0 1
    outer loop
      vertex 76.8651 20.0154 2.4
      vertex 77.1 17 2.4
      vertex 77.1 20 2.4
    endloop
  endfacet
  facet normal 0 0 1
    outer loop
      vertex 76.8651 20.0154 2.4
      vertex 76.8651 16.9846 2.4
      vertex 77.1 17 2.4
    endloop
  endfacet
  facet normal 0 0 1
    outer loop
      vertex 76.6341 20.0613 2.4
      vertex 76.8651 16.9846 2.4
      vertex 76.8651 20.0154 2.4
    endloop
  endfacet
  facet normal 0 0 1
    outer loop
      vertex 76.6341 20.0613 2.4
      vertex 76.6341 16.9387 2.4
      vertex 76.8651 16.9846 2.4
    endloop
  endfacet
  facet normal 0 0 1
    outer loop
      vertex 76.4112 20.137 2.4
      vertex 76.6341 16.9387 2.4
      vertex 76.6341 20.0613 2.4
    endloop
  endfacet
  facet normal 0 0 1
    outer loop
      vertex 76.4112 20.137 2.4
      vertex 76.4112 16.863 2.4
      vertex 76.6341 16.9387 2.4
    endloop
  endfacet
  facet normal 0 0 1
    outer loop
      vertex 76.2 20.2412 2.4
      vertex 76.4112 16.863 2.4
      vertex 76.4112 20.137 2.4
    endloop
  endfacet
  facet normal 0 0 1
    outer loop
      vertex 76.2 20.2412 2.4
      vertex 76.2 16.7588 2.4
      vertex 76.4112 16.863 2.4
    endloop
  endfacet
  facet normal 0 0 1
    outer loop
      vertex 76.0042 20.372 2.4
      vertex 76.2 16.7588 2.4
      vertex 76.2 20.2412 2.4
    endloop
  endfacet
  facet normal 0 0 1
    outer loop
      vertex 76.0042 20.372 2.4
      vertex 76.0042 16.628 2.4
      vertex 76.2 16.7588 2.4
    endloop
  endfacet
  facet normal 0 0 1
    outer loop
      vertex 71.8647 18.2134 2.4
      vertex 76.0042 20.372 2.4
      vertex 75.8272 20.5272 2.4
    endloop
  endfacet
  facet normal 0 0 1
    outer loop
      vertex 76.0042 20.372 2.4
      vertex 71.8647 18.2134 2.4
      vertex 76.0042 16.628 2.4
    endloop
  endfacet
  facet normal 0 0 1
    outer loop
      vertex 71.8647 19.3943 2.4
      vertex 75.8272 20.5272 2.4
      vertex 75.672 20.7042 2.4
    endloop
  endfacet
  facet normal 0 0 1
    outer loop
      vertex 76.0042 16.628 2.4
      vertex 71.8647 18.2134 2.4
      vertex 75.8272 16.4728 2.4
    endloop
  endfacet
  facet normal 0 0 1
    outer loop
      vertex 71.8647 19.3943 2.4
      vertex 75.672 20.7042 2.4
      vertex 75.5412 20.9 2.4
    endloop
  endfacet
  facet normal 0 0 1
    outer loop
      vertex 75.8272 16.4728 2.4
      vertex 71.8647 18.2134 2.4
      vertex 75.672 16.2958 2.4
    endloop
  endfacet
  facet normal 0 0 1
    outer loop
      vertex 71.8647 19.3943 2.4
      vertex 75.5412 20.9 2.4
      vertex 75.437 21.1112 2.4
    endloop
  endfacet
  facet normal -0 -0 1
    outer loop
      vertex 72.0304 16.5491 2.4
      vertex 75.672 16.2958 2.4
      vertex 71.8647 18.2134 2.4
    endloop
  endfacet
  facet normal 0 0 1
    outer loop
      vertex 71.8647 19.3943 2.4
      vertex 75.437 21.1112 2.4
      vertex 75.3613 21.3341 2.4
    endloop
  endfacet
  facet normal -0 -0 1
    outer loop
      vertex 72.1023 16.4077 2.4
      vertex 75.672 16.2958 2.4
      vertex 72.0304 16.5491 2.4
    endloop
  endfacet
  facet normal 0 0 1
    outer loop
      vertex 71.8647 19.3943 2.4
      vertex 75.3613 21.3341 2.4
      vertex 75.3154 21.5651 2.4
    endloop
  endfacet
  facet normal 0 0 1
    outer loop
      vertex 75.672 16.2958 2.4
      vertex 72.1023 16.4077 2.4
      vertex 75.5412 16.1 2.4
    endloop
  endfacet
  facet normal 0 0 1
    outer loop
      vertex 71.8647 19.3943 2.4
      vertex 75.3154 21.5651 2.4
      vertex 75.3 21.8 2.4
    endloop
  endfacet
  facet normal -0 -0 1
    outer loop
      vertex 72.1583 16.2532 2.4
      vertex 75.5412 16.1 2.4
      vertex 72.1023 16.4077 2.4
    endloop
  endfacet
  facet normal -0 0 1
    outer loop
      vertex 84.2846 22.4349 2.4
      vertex 91.3 3.5 2.4
      vertex 84.2846 28.5651 2.4
    endloop
  endfacet
  facet normal 0 0 1
    outer loop
      vertex 91.3 3.5 2.4
      vertex 84.2846 22.4349 2.4
      vertex 84.3 22.2 2.4
    endloop
  endfacet
  facet normal -0 0 1
    outer loop
      vertex 84.2387 28.3341 2.4
      vertex 84.2846 22.4349 2.4
      vertex 84.2846 28.5651 2.4
    endloop
  endfacet
  facet normal 0 0 1
    outer loop
      vertex 84.2387 28.3341 2.4
      vertex 84.2387 22.6659 2.4
      vertex 84.2846 22.4349 2.4
    endloop
  endfacet
  facet normal -0 0 1
    outer loop
      vertex 84.163 28.1112 2.4
      vertex 84.2387 22.6659 2.4
      vertex 84.2387 28.3341 2.4
    endloop
  endfacet
  facet normal 0 0 1
    outer loop
      vertex 84.163 28.1112 2.4
      vertex 84.163 22.8888 2.4
      vertex 84.2387 22.6659 2.4
    endloop
  endfacet
  facet normal -0 0 1
    outer loop
      vertex 84.0588 27.9 2.4
      vertex 84.163 22.8888 2.4
      vertex 84.163 28.1112 2.4
    endloop
  endfacet
  facet normal 0 0 1
    outer loop
      vertex 84.0588 27.9 2.4
      vertex 84.0588 23.1 2.4
      vertex 84.163 22.8888 2.4
    endloop
  endfacet
  facet normal -0 0 1
    outer loop
      vertex 83.928 27.7042 2.4
      vertex 84.0588 23.1 2.4
      vertex 84.0588 27.9 2.4
    endloop
  endfacet
  facet normal 0 0 1
    outer loop
      vertex 83.928 27.7042 2.4
      vertex 83.928 23.2958 2.4
      vertex 84.0588 23.1 2.4
    endloop
  endfacet
  facet normal -0 0 1
    outer loop
      vertex 83.7728 27.5272 2.4
      vertex 83.928 23.2958 2.4
      vertex 83.928 27.7042 2.4
    endloop
  endfacet
  facet normal 0 0 1
    outer loop
      vertex 83.7728 27.5272 2.4
      vertex 83.7728 23.4728 2.4
      vertex 83.928 23.2958 2.4
    endloop
  endfacet
  facet normal -0 0 1
    outer loop
      vertex 83.5958 27.372 2.4
      vertex 83.7728 23.4728 2.4
      vertex 83.7728 27.5272 2.4
    endloop
  endfacet
  facet normal 0 0 1
    outer loop
      vertex 83.5958 27.372 2.4
      vertex 83.5958 23.628 2.4
      vertex 83.7728 23.4728 2.4
    endloop
  endfacet
  facet normal -0 0 1
    outer loop
      vertex 83.4 27.2412 2.4
      vertex 83.5958 23.628 2.4
      vertex 83.5958 27.372 2.4
    endloop
  endfacet
  facet normal 0 0 1
    outer loop
      vertex 83.4 27.2412 2.4
      vertex 83.4 23.7588 2.4
      vertex 83.5958 23.628 2.4
    endloop
  endfacet
  facet normal -0 0 1
    outer loop
      vertex 83.1888 27.137 2.4
      vertex 83.4 23.7588 2.4
      vertex 83.4 27.2412 2.4
    endloop
  endfacet
  facet normal 0 0 1
    outer loop
      vertex 83.1888 27.137 2.4
      vertex 83.1888 23.863 2.4
      vertex 83.4 23.7588 2.4
    endloop
  endfacet
  facet normal -0 0 1
    outer loop
      vertex 82.9659 27.0613 2.4
      vertex 83.1888 23.863 2.4
      vertex 83.1888 27.137 2.4
    endloop
  endfacet
  facet normal 0 0 1
    outer loop
      vertex 82.9659 27.0613 2.4
      vertex 82.9659 23.9387 2.4
      vertex 83.1888 23.863 2.4
    endloop
  endfacet
  facet normal -0 0 1
    outer loop
      vertex 82.7349 27.0154 2.4
      vertex 82.9659 23.9387 2.4
      vertex 82.9659 27.0613 2.4
    endloop
  endfacet
  facet normal 0 0 1
    outer loop
      vertex 82.7349 27.0154 2.4
      vertex 82.7349 23.9846 2.4
      vertex 82.9659 23.9387 2.4
    endloop
  endfacet
  facet normal -0 0 1
    outer loop
      vertex 82.5 27 2.4
      vertex 82.7349 23.9846 2.4
      vertex 82.7349 27.0154 2.4
    endloop
  endfacet
  facet normal 0 0 1
    outer loop
      vertex 82.5 27 2.4
      vertex 82.5 24 2.4
      vertex 82.7349 23.9846 2.4
    endloop
  endfacet
  facet normal -0 0 1
    outer loop
      vertex 77.1 27 2.4
      vertex 82.5 24 2.4
      vertex 82.5 27 2.4
    endloop
  endfacet
  facet normal 0 0 1
    outer loop
      vertex 77.1 27 2.4
      vertex 77.1 24 2.4
      vertex 82.5 24 2.4
    endloop
  endfacet
  facet normal 0 0 1
    outer loop
      vertex 76.8651 27.0154 2.4
      vertex 77.1 24 2.4
      vertex 77.1 27 2.4
    endloop
  endfacet
  facet normal 0 0 1
    outer loop
      vertex 76.8651 27.0154 2.4
      vertex 76.8651 23.9846 2.4
      vertex 77.1 24 2.4
    endloop
  endfacet
  facet normal 0 0 1
    outer loop
      vertex 76.6341 27.0613 2.4
      vertex 76.8651 23.9846 2.4
      vertex 76.8651 27.0154 2.4
    endloop
  endfacet
  facet normal 0 0 1
    outer loop
      vertex 76.6341 27.0613 2.4
      vertex 76.6341 23.9387 2.4
      vertex 76.8651 23.9846 2.4
    endloop
  endfacet
  facet normal 0 0 1
    outer loop
      vertex 76.4112 27.137 2.4
      vertex 76.6341 23.9387 2.4
      vertex 76.6341 27.0613 2.4
    endloop
  endfacet
  facet normal 0 0 1
    outer loop
      vertex 76.4112 27.137 2.4
      vertex 76.4112 23.863 2.4
      vertex 76.6341 23.9387 2.4
    endloop
  endfacet
  facet normal 0 0 1
    outer loop
      vertex 76.2 27.2412 2.4
      vertex 76.4112 23.863 2.4
      vertex 76.4112 27.137 2.4
    endloop
  endfacet
  facet normal 0 0 1
    outer loop
      vertex 76.2 27.2412 2.4
      vertex 76.2 23.7588 2.4
      vertex 76.4112 23.863 2.4
    endloop
  endfacet
  facet normal 0 0 1
    outer loop
      vertex 76.0042 27.372 2.4
      vertex 76.2 23.7588 2.4
      vertex 76.2 27.2412 2.4
    endloop
  endfacet
  facet normal 0 0 1
    outer loop
      vertex 76.0042 27.372 2.4
      vertex 76.0042 23.628 2.4
      vertex 76.2 23.7588 2.4
    endloop
  endfacet
  facet normal 0 0 1
    outer loop
      vertex 75.8272 27.5272 2.4
      vertex 76.0042 23.628 2.4
      vertex 76.0042 27.372 2.4
    endloop
  endfacet
  facet normal 0 0 1
    outer loop
      vertex 75.8272 27.5272 2.4
      vertex 75.8272 23.4728 2.4
      vertex 76.0042 23.628 2.4
    endloop
  endfacet
  facet normal 0 0 1
    outer loop
      vertex 75.672 27.7042 2.4
      vertex 75.8272 23.4728 2.4
      vertex 75.8272 27.5272 2.4
    endloop
  endfacet
  facet normal 0 0 1
    outer loop
      vertex 75.672 27.7042 2.4
      vertex 75.672 23.2958 2.4
      vertex 75.8272 23.4728 2.4
    endloop
  endfacet
  facet normal 0 0 1
    outer loop
      vertex 70.7481 27.65 2.4
      vertex 75.672 27.7042 2.4
      vertex 75.5412 27.9 2.4
    endloop
  endfacet
  facet normal 0 0 1
    outer loop
      vertex 75.672 27.7042 2.4
      vertex 70.5301 27.3237 2.4
      vertex 75.672 23.2958 2.4
    endloop
  endfacet
  facet normal -0 0 1
    outer loop
      vertex 70.9216 28.0019 2.4
      vertex 75.5412 27.9 2.4
      vertex 75.437 28.1112 2.4
    endloop
  endfacet
  facet normal 0 0 1
    outer loop
      vertex 75.672 23.2958 2.4
      vertex 70.5301 27.3237 2.4
      vertex 75.5412 23.1 2.4
    endloop
  endfacet
  facet normal 0 0 1
    outer loop
      vertex 71.0478 28.3735 2.4
      vertex 75.437 28.1112 2.4
      vertex 75.3613 28.3341 2.4
    endloop
  endfacet
  facet normal -0 0 1
    outer loop
      vertex 70.2713 27.0287 2.4
      vertex 75.5412 23.1 2.4
      vertex 70.5301 27.3237 2.4
    endloop
  endfacet
  facet normal -0 0 1
    outer loop
      vertex 71.0478 28.3735 2.4
      vertex 75.3613 28.3341 2.4
      vertex 75.3154 28.5651 2.4
    endloop
  endfacet
  facet normal 0 0 1
    outer loop
      vertex 75.672 27.7042 2.4
      vertex 70.7481 27.65 2.4
      vertex 70.5301 27.3237 2.4
    endloop
  endfacet
  facet normal -0 0 1
    outer loop
      vertex 71.1243 28.7584 2.4
      vertex 75.3154 28.5651 2.4
      vertex 75.3 28.8 2.4
    endloop
  endfacet
  facet normal 0 0 1
    outer loop
      vertex 75.5412 23.1 2.4
      vertex 70.2713 27.0287 2.4
      vertex 75.437 22.8888 2.4
    endloop
  endfacet
  facet normal 0 0 1
    outer loop
      vertex 87.8 62.3 2.4
      vertex 91.3 58.8 2.4
      vertex 91.2701 59.2568 2.4
    endloop
  endfacet
  facet normal 0 0 1
    outer loop
      vertex 91.3 58.8 2.4
      vertex 84.3 29.2 2.4
      vertex 91.3 3.5 2.4
    endloop
  endfacet
  facet normal 0 0 1
    outer loop
      vertex 87.8 62.3 2.4
      vertex 91.2701 59.2568 2.4
      vertex 91.1807 59.7059 2.4
    endloop
  endfacet
  facet normal -0 0 1
    outer loop
      vertex 84.3 28.8 2.4
      vertex 91.3 3.5 2.4
      vertex 84.3 29.2 2.4
    endloop
  endfacet
  facet normal 0 0 1
    outer loop
      vertex 87.8 62.3 2.4
      vertex 91.1807 59.7059 2.4
      vertex 91.0336 60.1394 2.4
    endloop
  endfacet
  facet normal -0 0 1
    outer loop
      vertex 84.2846 28.5651 2.4
      vertex 91.3 3.5 2.4
      vertex 84.3 28.8 2.4
    endloop
  endfacet
  facet normal 0 0 1
    outer loop
      vertex 87.8 62.3 2.4
      vertex 91.0336 60.1394 2.4
      vertex 90.8311 60.55 2.4
    endloop
  endfacet
  facet normal -0 0 1
    outer loop
      vertex 84.3 21.8 2.4
      vertex 91.3 3.5 2.4
      vertex 84.3 22.2 2.4
    endloop
  endfacet
  facet normal 0 0 1
    outer loop
      vertex 87.8 62.3 2.4
      vertex 90.8311 60.55 2.4
      vertex 90.5767 60.9307 2.4
    endloop
  endfacet
  facet normal -0 0 1
    outer loop
      vertex 84.2846 21.5651 2.4
      vertex 91.3 3.5 2.4
      vertex 84.3 21.8 2.4
    endloop
  endfacet
  facet normal 0 0 1
    outer loop
      vertex 87.8 62.3 2.4
      vertex 90.5767 60.9307 2.4
      vertex 90.2749 61.2749 2.4
    endloop
  endfacet
  facet normal -0 0 1
    outer loop
      vertex 84.3 14.8 2.4
      vertex 91.3 3.5 2.4
      vertex 84.3 15.2 2.4
    endloop
  endfacet
  facet normal 0 0 1
    outer loop
      vertex 87.8 62.3 2.4
      vertex 90.2749 61.2749 2.4
      vertex 89.9307 61.5767 2.4
    endloop
  endfacet
  facet normal -0 0 1
    outer loop
      vertex 84.2846 14.5651 2.4
      vertex 91.3 3.5 2.4
      vertex 84.3 14.8 2.4
    endloop
  endfacet
  facet normal 0 0 1
    outer loop
      vertex 87.8 62.3 2.4
      vertex 89.9307 61.5767 2.4
      vertex 89.55 61.8311 2.4
    endloop
  endfacet
  facet normal -0 0 1
    outer loop
      vertex 84.3 7.8 2.4
      vertex 91.3 3.5 2.4
      vertex 84.3 8.2 2.4
    endloop
  endfacet
  facet normal 0 0 1
    outer loop
      vertex 87.8 62.3 2.4
      vertex 89.55 61.8311 2.4
      vertex 89.1394 62.0336 2.4
    endloop
  endfacet
  facet normal -0 0 1
    outer loop
      vertex 84.2846 7.56505 2.4
      vertex 91.3 3.5 2.4
      vertex 84.3 7.8 2.4
    endloop
  endfacet
  facet normal 0 0 1
    outer loop
      vertex 87.8 62.3 2.4
      vertex 89.1394 62.0336 2.4
      vertex 88.7059 62.1807 2.4
    endloop
  endfacet
  facet normal -0 0 1
    outer loop
      vertex 84.2387 7.33413 2.4
      vertex 91.3 3.5 2.4
      vertex 84.2846 7.56505 2.4
    endloop
  endfacet
  facet normal 0 0 1
    outer loop
      vertex 87.8 62.3 2.4
      vertex 88.7059 62.1807 2.4
      vertex 88.2568 62.2701 2.4
    endloop
  endfacet
  facet normal -0 0 1
    outer loop
      vertex 84.163 7.11117 2.4
      vertex 91.3 3.5 2.4
      vertex 84.2387 7.33413 2.4
    endloop
  endfacet
  facet normal 0 0 1
    outer loop
      vertex 91.3 58.8 2.4
      vertex 87.8 62.3 2.4
      vertex 71.15 52.65 2.4
    endloop
  endfacet
  facet normal -0 0 1
    outer loop
      vertex 84.0588 6.9 2.4
      vertex 91.3 3.5 2.4
      vertex 84.163 7.11117 2.4
    endloop
  endfacet
  facet normal -0 0 1
    outer loop
      vertex 83.928 6.70423 2.4
      vertex 91.3 3.5 2.4
      vertex 84.0588 6.9 2.4
    endloop
  endfacet
  facet normal 0 0 1
    outer loop
      vertex 91.3 58.8 2.4
      vertex 84.2846 29.4349 2.4
      vertex 84.3 29.2 2.4
    endloop
  endfacet
  facet normal 0 0 1
    outer loop
      vertex 91.3 58.8 2.4
      vertex 84.2387 29.6659 2.4
      vertex 84.2846 29.4349 2.4
    endloop
  endfacet
  facet normal 0 0 1
    outer loop
      vertex 91.3 58.8 2.4
      vertex 84.163 29.8888 2.4
      vertex 84.2387 29.6659 2.4
    endloop
  endfacet
  facet normal 0 0 1
    outer loop
      vertex 91.3 58.8 2.4
      vertex 84.0588 30.1 2.4
      vertex 84.163 29.8888 2.4
    endloop
  endfacet
  facet normal 0 0 1
    outer loop
      vertex 91.3 58.8 2.4
      vertex 83.928 30.2958 2.4
      vertex 84.0588 30.1 2.4
    endloop
  endfacet
  facet normal 0 0 1
    outer loop
      vertex 91.3 58.8 2.4
      vertex 83.7728 30.4728 2.4
      vertex 83.928 30.2958 2.4
    endloop
  endfacet
  facet normal 0 0 1
    outer loop
      vertex 91.3 58.8 2.4
      vertex 83.5958 30.628 2.4
      vertex 83.7728 30.4728 2.4
    endloop
  endfacet
  facet normal 0 0 1
    outer loop
      vertex 91.3 58.8 2.4
      vertex 83.4 30.7588 2.4
      vertex 83.5958 30.628 2.4
    endloop
  endfacet
  facet normal 0 0 1
    outer loop
      vertex 91.3 58.8 2.4
      vertex 83.1888 30.863 2.4
      vertex 83.4 30.7588 2.4
    endloop
  endfacet
  facet normal 0 0 1
    outer loop
      vertex 91.3 58.8 2.4
      vertex 82.9659 30.9387 2.4
      vertex 83.1888 30.863 2.4
    endloop
  endfacet
  facet normal 0 0 1
    outer loop
      vertex 91.3 58.8 2.4
      vertex 82.7349 30.9846 2.4
      vertex 82.9659 30.9387 2.4
    endloop
  endfacet
  facet normal 0 0 1
    outer loop
      vertex 91.3 58.8 2.4
      vertex 71.15 52.65 2.4
      vertex 82.7349 30.9846 2.4
    endloop
  endfacet
  facet normal 0 0 1
    outer loop
      vertex 82.7349 30.9846 2.4
      vertex 71.15 52.65 2.4
      vertex 82.5 31 2.4
    endloop
  endfacet
  facet normal 0 0 1
    outer loop
      vertex 82.5 31 2.4
      vertex 71.15 52.65 2.4
      vertex 77.1 31 2.4
    endloop
  endfacet
  facet normal 0 0 1
    outer loop
      vertex 77.1 31 2.4
      vertex 71.15 52.65 2.4
      vertex 76.8651 30.9846 2.4
    endloop
  endfacet
  facet normal 0 0 1
    outer loop
      vertex 76.8651 30.9846 2.4
      vertex 71.15 52.65 2.4
      vertex 76.6341 30.9387 2.4
    endloop
  endfacet
  facet normal 0 0 1
    outer loop
      vertex 76.6341 30.9387 2.4
      vertex 71.15 52.65 2.4
      vertex 76.4112 30.863 2.4
    endloop
  endfacet
  facet normal 0 0 1
    outer loop
      vertex 76.4112 30.863 2.4
      vertex 71.15 52.65 2.4
      vertex 76.2 30.7588 2.4
    endloop
  endfacet
  facet normal 0 0 1
    outer loop
      vertex 71.15 29.15 2.4
      vertex 76.2 30.7588 2.4
      vertex 71.15 52.65 2.4
    endloop
  endfacet
  facet normal 0 0 1
    outer loop
      vertex 76.2 30.7588 2.4
      vertex 71.15 29.15 2.4
      vertex 76.0042 30.628 2.4
    endloop
  endfacet
  facet normal 0 0 1
    outer loop
      vertex 76.0042 30.628 2.4
      vertex 71.15 29.15 2.4
      vertex 75.8272 30.4728 2.4
    endloop
  endfacet
  facet normal 0 0 1
    outer loop
      vertex 75.8272 30.4728 2.4
      vertex 71.15 29.15 2.4
      vertex 75.672 30.2958 2.4
    endloop
  endfacet
  facet normal -0 0 1
    outer loop
      vertex 71.15 29.15 2.4
      vertex 75.3 28.8 2.4
      vertex 75.3 29.2 2.4
    endloop
  endfacet
  facet normal -0 0 1
    outer loop
      vertex 69.9763 26.7699 2.4
      vertex 75.437 22.8888 2.4
      vertex 70.2713 27.0287 2.4
    endloop
  endfacet
  facet normal 0 0 1
    outer loop
      vertex 75.437 22.8888 2.4
      vertex 69.9763 26.7699 2.4
      vertex 75.3613 22.6659 2.4
    endloop
  endfacet
  facet normal 0 0 1
    outer loop
      vertex 75.8272 20.5272 2.4
      vertex 71.8647 19.3943 2.4
      vertex 71.8647 18.2134 2.4
    endloop
  endfacet
  facet normal 0 0 1
    outer loop
      vertex 75.5412 16.1 2.4
      vertex 72.1583 16.2532 2.4
      vertex 75.437 15.8888 2.4
    endloop
  endfacet
  facet normal -0 0 1
    outer loop
      vertex 72.2191 15.4575 2.4
      vertex 75.3154 15.4349 2.4
      vertex 72.2302 15.711 2.4
    endloop
  endfacet
  facet normal -0 0 1
    outer loop
      vertex 72.1856 15.2231 2.4
      vertex 75.3 15.2 2.4
      vertex 72.2191 15.4575 2.4
    endloop
  endfacet
  facet normal 0 0 1
    outer loop
      vertex 71.15 29.15 2.4
      vertex 75.3 29.2 2.4
      vertex 75.3154 29.4349 2.4
    endloop
  endfacet
  facet normal 0 0 1
    outer loop
      vertex 71.15 29.15 2.4
      vertex 75.3154 29.4349 2.4
      vertex 75.3613 29.6659 2.4
    endloop
  endfacet
  facet normal 0 0 1
    outer loop
      vertex 75.3 15.2 2.4
      vertex 72.1856 15.2231 2.4
      vertex 75.3 14.8 2.4
    endloop
  endfacet
  facet normal 0 0 1
    outer loop
      vertex 75.3154 15.4349 2.4
      vertex 72.2191 15.4575 2.4
      vertex 75.3 15.2 2.4
    endloop
  endfacet
  facet normal 0 0 1
    outer loop
      vertex 75.437 15.8888 2.4
      vertex 72.1983 16.0856 2.4
      vertex 75.3613 15.6659 2.4
    endloop
  endfacet
  facet normal 0 0 1
    outer loop
      vertex 75.3613 15.6659 2.4
      vertex 72.2302 15.711 2.4
      vertex 75.3154 15.4349 2.4
    endloop
  endfacet
  facet normal -0 -0 1
    outer loop
      vertex 72.2223 15.9048 2.4
      vertex 75.3613 15.6659 2.4
      vertex 72.1983 16.0856 2.4
    endloop
  endfacet
  facet normal -0 -0 1
    outer loop
      vertex 72.2302 15.711 2.4
      vertex 75.3613 15.6659 2.4
      vertex 72.2223 15.9048 2.4
    endloop
  endfacet
  facet normal -0 -0 1
    outer loop
      vertex 72.1983 16.0856 2.4
      vertex 75.437 15.8888 2.4
      vertex 72.1583 16.2532 2.4
    endloop
  endfacet
  facet normal 0 0 1
    outer loop
      vertex 71.15 29.15 2.4
      vertex 75.3613 29.6659 2.4
      vertex 75.437 29.8888 2.4
    endloop
  endfacet
  facet normal 0 0 1
    outer loop
      vertex 75.3613 22.6659 2.4
      vertex 69.65 26.5519 2.4
      vertex 75.3154 22.4349 2.4
    endloop
  endfacet
  facet normal 0 -0 1
    outer loop
      vertex 71.0006 19.5805 2.4
      vertex 75.3154 22.4349 2.4
      vertex 69.65 26.5519 2.4
    endloop
  endfacet
  facet normal 0 -0 1
    outer loop
      vertex 71.1412 19.5565 2.4
      vertex 75.3154 22.4349 2.4
      vertex 71.0006 19.5805 2.4
    endloop
  endfacet
  facet normal 0 0 1
    outer loop
      vertex 75.672 30.2958 2.4
      vertex 71.15 29.15 2.4
      vertex 75.5412 30.1 2.4
    endloop
  endfacet
  facet normal 0 0 1
    outer loop
      vertex 75.3154 28.5651 2.4
      vertex 71.1243 28.7584 2.4
      vertex 71.0478 28.3735 2.4
    endloop
  endfacet
  facet normal 0 0 1
    outer loop
      vertex 75.5412 30.1 2.4
      vertex 71.15 29.15 2.4
      vertex 75.437 29.8888 2.4
    endloop
  endfacet
  facet normal 0 0 1
    outer loop
      vertex 87.8 62.3 2.4
      vertex 71.1243 53.0416 2.4
      vertex 71.15 52.65 2.4
    endloop
  endfacet
  facet normal 0 0 1
    outer loop
      vertex 87.8 62.3 2.4
      vertex 71.0478 53.4265 2.4
      vertex 71.1243 53.0416 2.4
    endloop
  endfacet
  facet normal 0 0 1
    outer loop
      vertex 87.8 62.3 2.4
      vertex 70.9216 53.798 2.4
      vertex 71.0478 53.4265 2.4
    endloop
  endfacet
  facet normal 0 0 1
    outer loop
      vertex 87.8 62.3 2.4
      vertex 70.7481 54.15 2.4
      vertex 70.9216 53.798 2.4
    endloop
  endfacet
  facet normal 0 0 1
    outer loop
      vertex 87.8 62.3 2.4
      vertex 70.5301 54.4763 2.4
      vertex 70.7481 54.15 2.4
    endloop
  endfacet
  facet normal 0 0 1
    outer loop
      vertex 87.8 62.3 2.4
      vertex 70.2713 54.7713 2.4
      vertex 70.5301 54.4763 2.4
    endloop
  endfacet
  facet normal 0 0 1
    outer loop
      vertex 87.8 62.3 2.4
      vertex 69.9763 55.0301 2.4
      vertex 70.2713 54.7713 2.4
    endloop
  endfacet
  facet normal 0 0 1
    outer loop
      vertex 87.8 62.3 2.4
      vertex 69.65 55.2481 2.4
      vertex 69.9763 55.0301 2.4
    endloop
  endfacet
  facet normal 0 0 1
    outer loop
      vertex 87.8 62.3 2.4
      vertex 69.298 55.4216 2.4
      vertex 69.65 55.2481 2.4
    endloop
  endfacet
  facet normal 0 0 1
    outer loop
      vertex 87.8 62.3 2.4
      vertex 68.9265 55.5478 2.4
      vertex 69.298 55.4216 2.4
    endloop
  endfacet
  facet normal 0 0 1
    outer loop
      vertex 87.8 62.3 2.4
      vertex 68.5416 55.6243 2.4
      vertex 68.9265 55.5478 2.4
    endloop
  endfacet
  facet normal 0 0 1
    outer loop
      vertex 87.8 62.3 2.4
      vertex 68.15 55.65 2.4
      vertex 68.5416 55.6243 2.4
    endloop
  endfacet
  facet normal -0 0 1
    outer loop
      vertex 3.5 62.3 2.4
      vertex 68.15 55.65 2.4
      vertex 87.8 62.3 2.4
    endloop
  endfacet
  facet normal 0 0 1
    outer loop
      vertex 68.15 55.65 2.4
      vertex 3.5 62.3 2.4
      vertex 4.15 55.65 2.4
    endloop
  endfacet
  facet normal 0 0 1
    outer loop
      vertex 4.15 55.65 2.4
      vertex 3.5 62.3 2.4
      vertex 3.75842 55.6243 2.4
    endloop
  endfacet
  facet normal -0 0 1
    outer loop
      vertex 3.04316 62.2701 2.4
      vertex 3.75842 55.6243 2.4
      vertex 3.5 62.3 2.4
    endloop
  endfacet
  facet normal -0 0 1
    outer loop
      vertex 2.59413 62.1807 2.4
      vertex 3.75842 55.6243 2.4
      vertex 3.04316 62.2701 2.4
    endloop
  endfacet
  facet normal -0 0 1
    outer loop
      vertex 2.16061 62.0336 2.4
      vertex 3.75842 55.6243 2.4
      vertex 2.59413 62.1807 2.4
    endloop
  endfacet
  facet normal -0 0 1
    outer loop
      vertex 1.75 61.8311 2.4
      vertex 3.75842 55.6243 2.4
      vertex 2.16061 62.0336 2.4
    endloop
  endfacet
  facet normal -0 0 1
    outer loop
      vertex 1.36933 61.5767 2.4
      vertex 3.75842 55.6243 2.4
      vertex 1.75 61.8311 2.4
    endloop
  endfacet
  facet normal 0 0 1
    outer loop
      vertex 3.00195 55.4216 2.4
      vertex 0 58.8 2.4
      vertex 2.65 55.2481 2.4
    endloop
  endfacet
  facet normal -0 0 1
    outer loop
      vertex 1.02513 61.2749 2.4
      vertex 3.75842 55.6243 2.4
      vertex 1.36933 61.5767 2.4
    endloop
  endfacet
  facet normal 0 0 1
    outer loop
      vertex 2.65 55.2481 2.4
      vertex 0 58.8 2.4
      vertex 2.32372 55.0301 2.4
    endloop
  endfacet
  facet normal 0 0 1
    outer loop
      vertex 2.32372 55.0301 2.4
      vertex 0 58.8 2.4
      vertex 2.02868 54.7713 2.4
    endloop
  endfacet
  facet normal 0 0 1
    outer loop
      vertex 3.37354 55.5478 2.4
      vertex 0 58.8 2.4
      vertex 3.00195 55.4216 2.4
    endloop
  endfacet
  facet normal 0 0 1
    outer loop
      vertex 2.02868 54.7713 2.4
      vertex 0 58.8 2.4
      vertex 1.76994 54.4763 2.4
    endloop
  endfacet
  facet normal 0 0 1
    outer loop
      vertex 1.76994 54.4763 2.4
      vertex 0 58.8 2.4
      vertex 1.55192 54.15 2.4
    endloop
  endfacet
  facet normal -0 0 1
    outer loop
      vertex 0.723263 60.9307 2.4
      vertex 3.75842 55.6243 2.4
      vertex 1.02513 61.2749 2.4
    endloop
  endfacet
  facet normal 0 0 1
    outer loop
      vertex 1.55192 54.15 2.4
      vertex 0 58.8 2.4
      vertex 1.37836 53.798 2.4
    endloop
  endfacet
  facet normal 0 0 1
    outer loop
      vertex 1.37836 53.798 2.4
      vertex 0 58.8 2.4
      vertex 1.25222 53.4265 2.4
    endloop
  endfacet
  facet normal 0 0 1
    outer loop
      vertex 1.25222 53.4265 2.4
      vertex 0 58.8 2.4
      vertex 1.17566 53.0416 2.4
    endloop
  endfacet
  facet normal 0 0 1
    outer loop
      vertex 1.17566 53.0416 2.4
      vertex 0 58.8 2.4
      vertex 1.15 52.65 2.4
    endloop
  endfacet
  facet normal -0 0 1
    outer loop
      vertex 0.46891 60.55 2.4
      vertex 3.75842 55.6243 2.4
      vertex 0.723263 60.9307 2.4
    endloop
  endfacet
  facet normal 0 -0 1
    outer loop
      vertex 87.8 0 2.4
      vertex 91.3 3.5 2.4
      vertex 83.928 6.70423 2.4
    endloop
  endfacet
  facet normal 0 0 1
    outer loop
      vertex 91.3 3.5 2.4
      vertex 87.8 0 2.4
      vertex 91.2701 3.04316 2.4
    endloop
  endfacet
  facet normal 0 0 1
    outer loop
      vertex 91.2701 3.04316 2.4
      vertex 87.8 0 2.4
      vertex 91.1807 2.59413 2.4
    endloop
  endfacet
  facet normal 0 0 1
    outer loop
      vertex 91.1807 2.59413 2.4
      vertex 87.8 0 2.4
      vertex 91.0336 2.16061 2.4
    endloop
  endfacet
  facet normal 0 0 1
    outer loop
      vertex 91.0336 2.16061 2.4
      vertex 87.8 0 2.4
      vertex 90.8311 1.75 2.4
    endloop
  endfacet
  facet normal 0 0 1
    outer loop
      vertex 90.8311 1.75 2.4
      vertex 87.8 0 2.4
      vertex 90.5767 1.36933 2.4
    endloop
  endfacet
  facet normal 0 0 1
    outer loop
      vertex 90.5767 1.36933 2.4
      vertex 87.8 0 2.4
      vertex 90.2749 1.02513 2.4
    endloop
  endfacet
  facet normal 0 0 1
    outer loop
      vertex 90.2749 1.02513 2.4
      vertex 87.8 0 2.4
      vertex 89.9307 0.723263 2.4
    endloop
  endfacet
  facet normal 0 0 1
    outer loop
      vertex 89.55 0.46891 2.4
      vertex 87.8 0 2.4
      vertex 89.1394 0.266421 2.4
    endloop
  endfacet
  facet normal 0 0 1
    outer loop
      vertex 89.1394 0.266421 2.4
      vertex 87.8 0 2.4
      vertex 88.7059 0.119259 2.4
    endloop
  endfacet
  facet normal 0 0 1
    outer loop
      vertex 88.7059 0.119259 2.4
      vertex 87.8 0 2.4
      vertex 88.2568 0.0299425 2.4
    endloop
  endfacet
  facet normal 0 0 1
    outer loop
      vertex 89.9307 0.723263 2.4
      vertex 87.8 0 2.4
      vertex 89.55 0.46891 2.4
    endloop
  endfacet
  facet normal -0 0 1
    outer loop
      vertex 83.7728 6.52721 2.4
      vertex 87.8 0 2.4
      vertex 83.928 6.70423 2.4
    endloop
  endfacet
  facet normal -0 0 1
    outer loop
      vertex 83.5958 6.37196 2.4
      vertex 87.8 0 2.4
      vertex 83.7728 6.52721 2.4
    endloop
  endfacet
  facet normal -0 0 1
    outer loop
      vertex 83.4 6.24115 2.4
      vertex 87.8 0 2.4
      vertex 83.5958 6.37196 2.4
    endloop
  endfacet
  facet normal -0 0 1
    outer loop
      vertex 83.1888 6.13702 2.4
      vertex 87.8 0 2.4
      vertex 83.4 6.24115 2.4
    endloop
  endfacet
  facet normal -0 0 1
    outer loop
      vertex 82.9659 6.06133 2.4
      vertex 87.8 0 2.4
      vertex 83.1888 6.13702 2.4
    endloop
  endfacet
  facet normal -0 0 1
    outer loop
      vertex 82.7349 6.0154 2.4
      vertex 87.8 0 2.4
      vertex 82.9659 6.06133 2.4
    endloop
  endfacet
  facet normal -0 0 1
    outer loop
      vertex 82.5 6 2.4
      vertex 87.8 0 2.4
      vertex 82.7349 6.0154 2.4
    endloop
  endfacet
  facet normal -0 0 1
    outer loop
      vertex 77.1 6 2.4
      vertex 87.8 0 2.4
      vertex 82.5 6 2.4
    endloop
  endfacet
  facet normal 0 0 1
    outer loop
      vertex 76.8651 6.0154 2.4
      vertex 87.8 0 2.4
      vertex 77.1 6 2.4
    endloop
  endfacet
  facet normal 0 0 1
    outer loop
      vertex 76.6341 6.06133 2.4
      vertex 87.8 0 2.4
      vertex 76.8651 6.0154 2.4
    endloop
  endfacet
  facet normal 0 0 1
    outer loop
      vertex 62.6659 6.06133 2.4
      vertex 76.6341 6.06133 2.4
      vertex 76.4112 6.13702 2.4
    endloop
  endfacet
  facet normal 0 0 1
    outer loop
      vertex 62.8888 6.13702 2.4
      vertex 76.4112 6.13702 2.4
      vertex 76.2 6.24115 2.4
    endloop
  endfacet
  facet normal -0 0 1
    outer loop
      vertex 72.1299 15.0081 2.4
      vertex 75.3 14.8 2.4
      vertex 72.1856 15.2231 2.4
    endloop
  endfacet
  facet normal 0 0 1
    outer loop
      vertex 75.3154 14.5651 2.4
      vertex 72.1299 15.0081 2.4
      vertex 72.0518 14.8122 2.4
    endloop
  endfacet
  facet normal 0 0 1
    outer loop
      vertex 75.3613 14.3341 2.4
      vertex 72.0518 14.8122 2.4
      vertex 71.9515 14.6357 2.4
    endloop
  endfacet
  facet normal 0 0 1
    outer loop
      vertex 75.437 14.1112 2.4
      vertex 71.9515 14.6357 2.4
      vertex 71.8288 14.4784 2.4
    endloop
  endfacet
  facet normal 0 0 1
    outer loop
      vertex 75.5412 13.9 2.4
      vertex 71.8288 14.4784 2.4
      vertex 71.6838 14.3403 2.4
    endloop
  endfacet
  facet normal 0 0 1
    outer loop
      vertex 75.5412 9.1 2.4
      vertex 71.1097 14.0376 2.4
      vertex 75.437 8.88883 2.4
    endloop
  endfacet
  facet normal -0 0 1
    outer loop
      vertex 70.8712 13.9734 2.4
      vertex 75.437 8.88883 2.4
      vertex 71.1097 14.0376 2.4
    endloop
  endfacet
  facet normal 0 0 1
    outer loop
      vertex 75.437 8.88883 2.4
      vertex 70.8712 13.9734 2.4
      vertex 75.3613 8.66587 2.4
    endloop
  endfacet
  facet normal -0 0 1
    outer loop
      vertex 70.6093 13.9276 2.4
      vertex 75.3613 8.66587 2.4
      vertex 70.8712 13.9734 2.4
    endloop
  endfacet
  facet normal 0 0 1
    outer loop
      vertex 75.3613 8.66587 2.4
      vertex 70.6093 13.9276 2.4
      vertex 75.3154 8.43495 2.4
    endloop
  endfacet
  facet normal -0 0 1
    outer loop
      vertex 70.3238 13.9001 2.4
      vertex 75.3154 8.43495 2.4
      vertex 70.6093 13.9276 2.4
    endloop
  endfacet
  facet normal -0 0 1
    outer loop
      vertex 70.0148 13.8909 2.4
      vertex 75.3154 8.43495 2.4
      vertex 70.3238 13.9001 2.4
    endloop
  endfacet
  facet normal 0 0 1
    outer loop
      vertex 75.3154 8.43495 2.4
      vertex 70.0148 13.8909 2.4
      vertex 75.3 8.2 2.4
    endloop
  endfacet
  facet normal 0 0 1
    outer loop
      vertex 69.8634 13.8929 2.4
      vertex 75.3 8.2 2.4
      vertex 70.0148 13.8909 2.4
    endloop
  endfacet
  facet normal 0 0 1
    outer loop
      vertex 64 8.2 2.4
      vertex 75.3 8.2 2.4
      vertex 69.8634 13.8929 2.4
    endloop
  endfacet
  facet normal 0 0 1
    outer loop
      vertex 75.3 8.2 2.4
      vertex 64 8.2 2.4
      vertex 75.3 7.8 2.4
    endloop
  endfacet
  facet normal 0 0 1
    outer loop
      vertex 64 7.8 2.4
      vertex 75.3 7.8 2.4
      vertex 64 8.2 2.4
    endloop
  endfacet
  facet normal 0 0 1
    outer loop
      vertex 75.3 7.8 2.4
      vertex 64 7.8 2.4
      vertex 75.3154 7.56505 2.4
    endloop
  endfacet
  facet normal 0 0 1
    outer loop
      vertex 63.9846 7.56505 2.4
      vertex 75.3154 7.56505 2.4
      vertex 64 7.8 2.4
    endloop
  endfacet
  facet normal 0 0 1
    outer loop
      vertex 75.3154 7.56505 2.4
      vertex 63.9846 7.56505 2.4
      vertex 75.3613 7.33413 2.4
    endloop
  endfacet
  facet normal 0 0 1
    outer loop
      vertex 64 8.2 2.4
      vertex 69.8634 13.8929 2.4
      vertex 69.7118 13.8991 2.4
    endloop
  endfacet
  facet normal 0 0 1
    outer loop
      vertex 64 8.2 2.4
      vertex 69.7118 13.8991 2.4
      vertex 69.5602 13.9094 2.4
    endloop
  endfacet
  facet normal 0 0 1
    outer loop
      vertex 63.9846 8.43495 2.4
      vertex 69.5602 13.9094 2.4
      vertex 69.4083 13.9238 2.4
    endloop
  endfacet
  facet normal 0 0 1
    outer loop
      vertex 63.9846 8.43495 2.4
      vertex 69.4083 13.9238 2.4
      vertex 69.2563 13.9423 2.4
    endloop
  endfacet
  facet normal 0 0 1
    outer loop
      vertex 63.9387 7.33413 2.4
      vertex 75.3613 7.33413 2.4
      vertex 63.9846 7.56505 2.4
    endloop
  endfacet
  facet normal 0 0 1
    outer loop
      vertex 63.9846 8.43495 2.4
      vertex 69.2563 13.9423 2.4
      vertex 69.1041 13.965 2.4
    endloop
  endfacet
  facet normal 0 0 1
    outer loop
      vertex 63.9846 8.43495 2.4
      vertex 69.1041 13.965 2.4
      vertex 68.9518 13.9917 2.4
    endloop
  endfacet
  facet normal 0 0 1
    outer loop
      vertex 63.9846 8.43495 2.4
      vertex 68.9518 13.9917 2.4
      vertex 68.7994 14.0225 2.4
    endloop
  endfacet
  facet normal 0 0 1
    outer loop
      vertex 63.9846 8.43495 2.4
      vertex 68.7994 14.0225 2.4
      vertex 68.647 14.0572 2.4
    endloop
  endfacet
  facet normal 0 0 1
    outer loop
      vertex 63.9846 8.43495 2.4
      vertex 68.647 14.0572 2.4
      vertex 68.4947 14.0959 2.4
    endloop
  endfacet
  facet normal 0 0 1
    outer loop
      vertex 63.9846 8.43495 2.4
      vertex 68.4947 14.0959 2.4
      vertex 68.3423 14.1386 2.4
    endloop
  endfacet
  facet normal 0 0 1
    outer loop
      vertex 63.9846 8.43495 2.4
      vertex 68.3423 14.1386 2.4
      vertex 68.1899 14.1853 2.4
    endloop
  endfacet
  facet normal 0 0 1
    outer loop
      vertex 63.9846 8.43495 2.4
      vertex 68.1899 14.1853 2.4
      vertex 68.0375 14.2359 2.4
    endloop
  endfacet
  facet normal 0 0 1
    outer loop
      vertex 63.9846 8.43495 2.4
      vertex 68.0375 14.2359 2.4
      vertex 67.8851 14.2905 2.4
    endloop
  endfacet
  facet normal 0 0 1
    outer loop
      vertex 66.6234 17.4461 2.4
      vertex 67.8681 17.5855 2.4
      vertex 67.8445 17.7586 2.4
    endloop
  endfacet
  facet normal 0 0 1
    outer loop
      vertex 66.6234 17.4461 2.4
      vertex 67.8445 17.7586 2.4
      vertex 67.8366 17.9428 2.4
    endloop
  endfacet
  facet normal 0 0 1
    outer loop
      vertex 67.8476 18.1728 2.4
      vertex 66.7688 18.4845 2.4
      vertex 67.8366 17.9428 2.4
    endloop
  endfacet
  facet normal 0 0 1
    outer loop
      vertex 66.6234 17.4461 2.4
      vertex 67.8366 17.9428 2.4
      vertex 66.7688 18.4845 2.4
    endloop
  endfacet
  facet normal 0 0 1
    outer loop
      vertex 67.8681 17.5855 2.4
      vertex 66.6234 17.4461 2.4
      vertex 66.6234 16.3619 2.4
    endloop
  endfacet
  facet normal 0 0 1
    outer loop
      vertex 67.8851 15.503 2.4
      vertex 66.6234 16.3619 2.4
      vertex 67.8851 14.2905 2.4
    endloop
  endfacet
  facet normal 0 0 1
    outer loop
      vertex 64.3296 14 2.4
      vertex 66.6234 16.3619 2.4
      vertex 64.3296 16.3619 2.4
    endloop
  endfacet
  facet normal 0 0 1
    outer loop
      vertex 66.6234 16.3619 2.4
      vertex 64.3296 14 2.4
      vertex 67.8851 14.2905 2.4
    endloop
  endfacet
  facet normal 0 0 1
    outer loop
      vertex 63.628 9.29577 2.4
      vertex 67.8851 14.2905 2.4
      vertex 64.3296 14 2.4
    endloop
  endfacet
  facet normal 0 0 1
    outer loop
      vertex 75.3613 7.33413 2.4
      vertex 63.9387 7.33413 2.4
      vertex 75.437 7.11117 2.4
    endloop
  endfacet
  facet normal 0 0 1
    outer loop
      vertex 63.863 7.11117 2.4
      vertex 75.437 7.11117 2.4
      vertex 63.9387 7.33413 2.4
    endloop
  endfacet
  facet normal 0 0 1
    outer loop
      vertex 75.437 7.11117 2.4
      vertex 63.863 7.11117 2.4
      vertex 75.5412 6.9 2.4
    endloop
  endfacet
  facet normal 0 0 1
    outer loop
      vertex 63.7588 6.9 2.4
      vertex 75.5412 6.9 2.4
      vertex 63.863 7.11117 2.4
    endloop
  endfacet
  facet normal 0 0 1
    outer loop
      vertex 75.5412 6.9 2.4
      vertex 63.7588 6.9 2.4
      vertex 75.672 6.70423 2.4
    endloop
  endfacet
  facet normal 0 0 1
    outer loop
      vertex 63.628 6.70423 2.4
      vertex 75.672 6.70423 2.4
      vertex 63.7588 6.9 2.4
    endloop
  endfacet
  facet normal 0 0 1
    outer loop
      vertex 75.672 6.70423 2.4
      vertex 63.628 6.70423 2.4
      vertex 75.8272 6.52721 2.4
    endloop
  endfacet
  facet normal 0 0 1
    outer loop
      vertex 63.4728 6.52721 2.4
      vertex 75.8272 6.52721 2.4
      vertex 63.628 6.70423 2.4
    endloop
  endfacet
  facet normal 0 0 1
    outer loop
      vertex 75.8272 6.52721 2.4
      vertex 63.4728 6.52721 2.4
      vertex 76.0042 6.37196 2.4
    endloop
  endfacet
  facet normal 0 0 1
    outer loop
      vertex 63.2958 6.37196 2.4
      vertex 76.0042 6.37196 2.4
      vertex 63.4728 6.52721 2.4
    endloop
  endfacet
  facet normal 0 0 1
    outer loop
      vertex 76.0042 6.37196 2.4
      vertex 63.2958 6.37196 2.4
      vertex 76.2 6.24115 2.4
    endloop
  endfacet
  facet normal 0 0 1
    outer loop
      vertex 63.1 6.24115 2.4
      vertex 76.2 6.24115 2.4
      vertex 63.2958 6.37196 2.4
    endloop
  endfacet
  facet normal 0 0 1
    outer loop
      vertex 62.8888 6.13702 2.4
      vertex 76.2 6.24115 2.4
      vertex 63.1 6.24115 2.4
    endloop
  endfacet
  facet normal 0 0 1
    outer loop
      vertex 76.4112 6.13702 2.4
      vertex 62.8888 6.13702 2.4
      vertex 62.6659 6.06133 2.4
    endloop
  endfacet
  facet normal 0 0 1
    outer loop
      vertex 76.6341 6.06133 2.4
      vertex 62.6659 6.06133 2.4
      vertex 87.8 0 2.4
    endloop
  endfacet
  facet normal -0 0 1
    outer loop
      vertex 62.4349 6.0154 2.4
      vertex 87.8 0 2.4
      vertex 62.6659 6.06133 2.4
    endloop
  endfacet
  facet normal -0 0 1
    outer loop
      vertex 62.2 6 2.4
      vertex 87.8 0 2.4
      vertex 62.4349 6.0154 2.4
    endloop
  endfacet
  facet normal -0 0 1
    outer loop
      vertex 57.8 6 2.4
      vertex 87.8 0 2.4
      vertex 62.2 6 2.4
    endloop
  endfacet
  facet normal 0 0 1
    outer loop
      vertex 50.2 6 2.4
      vertex 57.8 6 2.4
      vertex 57.5651 6.0154 2.4
    endloop
  endfacet
  facet normal 0 0 1
    outer loop
      vertex 50.4349 6.0154 2.4
      vertex 57.5651 6.0154 2.4
      vertex 57.3341 6.06133 2.4
    endloop
  endfacet
  facet normal -0 0 1
    outer loop
      vertex 54.1385 13.8909 2.4
      vertex 56.372 9.29577 2.4
      vertex 54.4732 13.9027 2.4
    endloop
  endfacet
  facet normal 0 0 1
    outer loop
      vertex 53.8048 13.9027 2.4
      vertex 56.372 9.29577 2.4
      vertex 54.1385 13.8909 2.4
    endloop
  endfacet
  facet normal 0 0 1
    outer loop
      vertex 56.372 9.29577 2.4
      vertex 53.8048 13.9027 2.4
      vertex 56.2412 9.1 2.4
    endloop
  endfacet
  facet normal 0 0 1
    outer loop
      vertex 51.9846 8.43495 2.4
      vertex 56.2412 9.1 2.4
      vertex 53.8048 13.9027 2.4
    endloop
  endfacet
  facet normal 0 0 1
    outer loop
      vertex 51.9846 8.43495 2.4
      vertex 56.137 8.88883 2.4
      vertex 56.2412 9.1 2.4
    endloop
  endfacet
  facet normal 0 0 1
    outer loop
      vertex 51.9846 8.43495 2.4
      vertex 56.0154 8.43495 2.4
      vertex 56.0613 8.66587 2.4
    endloop
  endfacet
  facet normal 0 0 1
    outer loop
      vertex 56.0154 8.43495 2.4
      vertex 52 8.2 2.4
      vertex 56 8.2 2.4
    endloop
  endfacet
  facet normal 0 0 1
    outer loop
      vertex 52 7.8 2.4
      vertex 56 7.8 2.4
      vertex 52 8.2 2.4
    endloop
  endfacet
  facet normal 0 0 1
    outer loop
      vertex 56 8.2 2.4
      vertex 52 8.2 2.4
      vertex 56 7.8 2.4
    endloop
  endfacet
  facet normal 0 0 1
    outer loop
      vertex 51.9846 8.43495 2.4
      vertex 56.0613 8.66587 2.4
      vertex 56.137 8.88883 2.4
    endloop
  endfacet
  facet normal 0 0 1
    outer loop
      vertex 56 7.8 2.4
      vertex 52 7.8 2.4
      vertex 56.0154 7.56505 2.4
    endloop
  endfacet
  facet normal 0 0 1
    outer loop
      vertex 51.9846 8.43495 2.4
      vertex 53.8048 13.9027 2.4
      vertex 53.4963 13.9381 2.4
    endloop
  endfacet
  facet normal 0 0 1
    outer loop
      vertex 51.9846 8.43495 2.4
      vertex 53.4963 13.9381 2.4
      vertex 53.2132 13.9971 2.4
    endloop
  endfacet
  facet normal 0 0 1
    outer loop
      vertex 51.9846 8.43495 2.4
      vertex 53.2132 13.9971 2.4
      vertex 52.9553 14.0797 2.4
    endloop
  endfacet
  facet normal 0 0 1
    outer loop
      vertex 51.9846 8.43495 2.4
      vertex 52.9553 14.0797 2.4
      vertex 52.7227 14.1859 2.4
    endloop
  endfacet
  facet normal 0 0 1
    outer loop
      vertex 51.9846 8.43495 2.4
      vertex 52.7227 14.1859 2.4
      vertex 52.5154 14.3157 2.4
    endloop
  endfacet
  facet normal 0 0 1
    outer loop
      vertex 51.9846 7.56505 2.4
      vertex 56.0154 7.56505 2.4
      vertex 52 7.8 2.4
    endloop
  endfacet
  facet normal 0 0 1
    outer loop
      vertex 51.9846 8.43495 2.4
      vertex 52.5154 14.3157 2.4
      vertex 52.3333 14.4691 2.4
    endloop
  endfacet
  facet normal 0 0 1
    outer loop
      vertex 51.9846 8.43495 2.4
      vertex 52.3333 14.4691 2.4
      vertex 52.176 14.6467 2.4
    endloop
  endfacet
  facet normal 0 0 1
    outer loop
      vertex 50.5118 14 2.4
      vertex 52.176 14.6467 2.4
      vertex 52.0429 14.8489 2.4
    endloop
  endfacet
  facet normal 0 0 1
    outer loop
      vertex 56.0154 7.56505 2.4
      vertex 51.9846 7.56505 2.4
      vertex 56.0613 7.33413 2.4
    endloop
  endfacet
  facet normal 0 0 1
    outer loop
      vertex 51.9387 7.33413 2.4
      vertex 56.0613 7.33413 2.4
      vertex 51.9846 7.56505 2.4
    endloop
  endfacet
  facet normal 0 0 1
    outer loop
      vertex 56.0613 7.33413 2.4
      vertex 51.9387 7.33413 2.4
      vertex 56.137 7.11117 2.4
    endloop
  endfacet
  facet normal 0 0 1
    outer loop
      vertex 51.863 7.11117 2.4
      vertex 56.137 7.11117 2.4
      vertex 51.9387 7.33413 2.4
    endloop
  endfacet
  facet normal 0 0 1
    outer loop
      vertex 56.137 7.11117 2.4
      vertex 51.863 7.11117 2.4
      vertex 56.2412 6.9 2.4
    endloop
  endfacet
  facet normal 0 0 1
    outer loop
      vertex 51.7588 6.9 2.4
      vertex 56.2412 6.9 2.4
      vertex 51.863 7.11117 2.4
    endloop
  endfacet
  facet normal 0 0 1
    outer loop
      vertex 56.2412 6.9 2.4
      vertex 51.7588 6.9 2.4
      vertex 56.372 6.70423 2.4
    endloop
  endfacet
  facet normal 0 0 1
    outer loop
      vertex 51.628 6.70423 2.4
      vertex 56.372 6.70423 2.4
      vertex 51.7588 6.9 2.4
    endloop
  endfacet
  facet normal 0 0 1
    outer loop
      vertex 56.372 6.70423 2.4
      vertex 51.628 6.70423 2.4
      vertex 56.5272 6.52721 2.4
    endloop
  endfacet
  facet normal 0 0 1
    outer loop
      vertex 51.4728 6.52721 2.4
      vertex 56.5272 6.52721 2.4
      vertex 51.628 6.70423 2.4
    endloop
  endfacet
  facet normal 0 0 1
    outer loop
      vertex 56.5272 6.52721 2.4
      vertex 51.4728 6.52721 2.4
      vertex 56.7042 6.37196 2.4
    endloop
  endfacet
  facet normal 0 0 1
    outer loop
      vertex 51.2958 6.37196 2.4
      vertex 56.7042 6.37196 2.4
      vertex 51.4728 6.52721 2.4
    endloop
  endfacet
  facet normal 0 0 1
    outer loop
      vertex 56.7042 6.37196 2.4
      vertex 51.2958 6.37196 2.4
      vertex 56.9 6.24115 2.4
    endloop
  endfacet
  facet normal 0 0 1
    outer loop
      vertex 51.1 6.24115 2.4
      vertex 56.9 6.24115 2.4
      vertex 51.2958 6.37196 2.4
    endloop
  endfacet
  facet normal 0 0 1
    outer loop
      vertex 56.9 6.24115 2.4
      vertex 51.1 6.24115 2.4
      vertex 57.1112 6.13702 2.4
    endloop
  endfacet
  facet normal 0 0 1
    outer loop
      vertex 50.8888 6.13702 2.4
      vertex 57.1112 6.13702 2.4
      vertex 51.1 6.24115 2.4
    endloop
  endfacet
  facet normal 0 0 1
    outer loop
      vertex 57.1112 6.13702 2.4
      vertex 50.8888 6.13702 2.4
      vertex 57.3341 6.06133 2.4
    endloop
  endfacet
  facet normal 0 0 1
    outer loop
      vertex 50.6659 6.06133 2.4
      vertex 57.3341 6.06133 2.4
      vertex 50.8888 6.13702 2.4
    endloop
  endfacet
  facet normal 0 0 1
    outer loop
      vertex 50.4349 6.0154 2.4
      vertex 57.3341 6.06133 2.4
      vertex 50.6659 6.06133 2.4
    endloop
  endfacet
  facet normal 0 0 1
    outer loop
      vertex 57.5651 6.0154 2.4
      vertex 50.4349 6.0154 2.4
      vertex 50.2 6 2.4
    endloop
  endfacet
  facet normal 0 0 1
    outer loop
      vertex 57.8 6 2.4
      vertex 50.2 6 2.4
      vertex 87.8 0 2.4
    endloop
  endfacet
  facet normal -0 0 1
    outer loop
      vertex 45.8 6 2.4
      vertex 87.8 0 2.4
      vertex 50.2 6 2.4
    endloop
  endfacet
  facet normal 0 0 1
    outer loop
      vertex 38.2 6 2.4
      vertex 45.8 6 2.4
      vertex 45.5651 6.0154 2.4
    endloop
  endfacet
  facet normal -0 0 1
    outer loop
      vertex 43.225 15.8093 2.4
      vertex 44.3169 14 2.4
      vertex 43.2677 15.9589 2.4
    endloop
  endfacet
  facet normal -0 0 1
    outer loop
      vertex 43.1745 15.6653 2.4
      vertex 44.3169 14 2.4
      vertex 43.225 15.8093 2.4
    endloop
  endfacet
  facet normal -0 0 1
    outer loop
      vertex 43.1161 15.5265 2.4
      vertex 44.3169 14 2.4
      vertex 43.1745 15.6653 2.4
    endloop
  endfacet
  facet normal -0 0 1
    outer loop
      vertex 43.0494 15.3925 2.4
      vertex 44.3169 14 2.4
      vertex 43.1161 15.5265 2.4
    endloop
  endfacet
  facet normal -0 0 1
    outer loop
      vertex 42.9745 15.2633 2.4
      vertex 44.3169 14 2.4
      vertex 43.0494 15.3925 2.4
    endloop
  endfacet
  facet normal -0 0 1
    outer loop
      vertex 42.8914 15.1389 2.4
      vertex 44.3169 14 2.4
      vertex 42.9745 15.2633 2.4
    endloop
  endfacet
  facet normal -0 0 1
    outer loop
      vertex 42.8001 15.0193 2.4
      vertex 44.3169 14 2.4
      vertex 42.8914 15.1389 2.4
    endloop
  endfacet
  facet normal -0 0 1
    outer loop
      vertex 42.7005 14.9045 2.4
      vertex 44.3169 14 2.4
      vertex 42.8001 15.0193 2.4
    endloop
  endfacet
  facet normal -0 0 1
    outer loop
      vertex 42.5927 14.7945 2.4
      vertex 44.3169 14 2.4
      vertex 42.7005 14.9045 2.4
    endloop
  endfacet
  facet normal -0 0 1
    outer loop
      vertex 42.4612 14.676 2.4
      vertex 44.3169 14 2.4
      vertex 42.5927 14.7945 2.4
    endloop
  endfacet
  facet normal -0 0 1
    outer loop
      vertex 42.3224 14.5678 2.4
      vertex 44.3169 14 2.4
      vertex 42.4612 14.676 2.4
    endloop
  endfacet
  facet normal -0 0 1
    outer loop
      vertex 42.1762 14.4698 2.4
      vertex 44.3169 14 2.4
      vertex 42.3224 14.5678 2.4
    endloop
  endfacet
  facet normal -0 0 1
    outer loop
      vertex 42.0228 14.3822 2.4
      vertex 44.3169 14 2.4
      vertex 42.1762 14.4698 2.4
    endloop
  endfacet
  facet normal -0 0 1
    outer loop
      vertex 41.862 14.3048 2.4
      vertex 44.3169 14 2.4
      vertex 42.0228 14.3822 2.4
    endloop
  endfacet
  facet normal -0 0 1
    outer loop
      vertex 41.6939 14.2377 2.4
      vertex 44.3169 14 2.4
      vertex 41.862 14.3048 2.4
    endloop
  endfacet
  facet normal 0 0 1
    outer loop
      vertex 44.3169 14 2.4
      vertex 41.6939 14.2377 2.4
      vertex 44.137 8.88883 2.4
    endloop
  endfacet
  facet normal -0 0 1
    outer loop
      vertex 41.5186 14.1809 2.4
      vertex 44.137 8.88883 2.4
      vertex 41.6939 14.2377 2.4
    endloop
  endfacet
  facet normal -0 0 1
    outer loop
      vertex 41.3268 14.1329 2.4
      vertex 44.137 8.88883 2.4
      vertex 41.5186 14.1809 2.4
    endloop
  endfacet
  facet normal -0 0 1
    outer loop
      vertex 41.1094 14.0923 2.4
      vertex 44.137 8.88883 2.4
      vertex 41.3268 14.1329 2.4
    endloop
  endfacet
  facet normal 0 0 1
    outer loop
      vertex 39.9846 8.43495 2.4
      vertex 44.137 8.88883 2.4
      vertex 41.1094 14.0923 2.4
    endloop
  endfacet
  facet normal 0 0 1
    outer loop
      vertex 39.9846 8.43495 2.4
      vertex 44.0154 8.43495 2.4
      vertex 44.0613 8.66587 2.4
    endloop
  endfacet
  facet normal 0 0 1
    outer loop
      vertex 44 8.2 2.4
      vertex 40 8.2 2.4
      vertex 44 7.8 2.4
    endloop
  endfacet
  facet normal 0 0 1
    outer loop
      vertex 40 7.8 2.4
      vertex 44 7.8 2.4
      vertex 40 8.2 2.4
    endloop
  endfacet
  facet normal 0 0 1
    outer loop
      vertex 44 7.8 2.4
      vertex 40 7.8 2.4
      vertex 44.0154 7.56505 2.4
    endloop
  endfacet
  facet normal 0 0 1
    outer loop
      vertex 44.0154 8.43495 2.4
      vertex 40 8.2 2.4
      vertex 44 8.2 2.4
    endloop
  endfacet
  facet normal 0 0 1
    outer loop
      vertex 39.9846 8.43495 2.4
      vertex 44.0613 8.66587 2.4
      vertex 44.137 8.88883 2.4
    endloop
  endfacet
  facet normal 0 0 1
    outer loop
      vertex 39.9846 8.43495 2.4
      vertex 41.1094 14.0923 2.4
      vertex 40.8664 14.0591 2.4
    endloop
  endfacet
  facet normal 0 0 1
    outer loop
      vertex 39.9846 8.43495 2.4
      vertex 40.8664 14.0591 2.4
      vertex 40.5979 14.0332 2.4
    endloop
  endfacet
  facet normal 0 0 1
    outer loop
      vertex 39.9846 7.56505 2.4
      vertex 44.0154 7.56505 2.4
      vertex 40 7.8 2.4
    endloop
  endfacet
  facet normal 0 0 1
    outer loop
      vertex 39.2958 9.62804 2.4
      vertex 40.5979 14.0332 2.4
      vertex 40.3038 14.0148 2.4
    endloop
  endfacet
  facet normal 0 0 1
    outer loop
      vertex 44.0154 7.56505 2.4
      vertex 39.9846 7.56505 2.4
      vertex 44.0613 7.33413 2.4
    endloop
  endfacet
  facet normal 0 0 1
    outer loop
      vertex 39.9387 7.33413 2.4
      vertex 44.0613 7.33413 2.4
      vertex 39.9846 7.56505 2.4
    endloop
  endfacet
  facet normal 0 0 1
    outer loop
      vertex 44.0613 7.33413 2.4
      vertex 39.9387 7.33413 2.4
      vertex 44.137 7.11117 2.4
    endloop
  endfacet
  facet normal 0 0 1
    outer loop
      vertex 39.863 7.11117 2.4
      vertex 44.137 7.11117 2.4
      vertex 39.9387 7.33413 2.4
    endloop
  endfacet
  facet normal 0 0 1
    outer loop
      vertex 44.137 7.11117 2.4
      vertex 39.863 7.11117 2.4
      vertex 44.2412 6.9 2.4
    endloop
  endfacet
  facet normal 0 0 1
    outer loop
      vertex 39.7588 6.9 2.4
      vertex 44.2412 6.9 2.4
      vertex 39.863 7.11117 2.4
    endloop
  endfacet
  facet normal 0 0 1
    outer loop
      vertex 44.2412 6.9 2.4
      vertex 39.7588 6.9 2.4
      vertex 44.372 6.70423 2.4
    endloop
  endfacet
  facet normal 0 0 1
    outer loop
      vertex 39.628 6.70423 2.4
      vertex 44.372 6.70423 2.4
      vertex 39.7588 6.9 2.4
    endloop
  endfacet
  facet normal 0 0 1
    outer loop
      vertex 44.372 6.70423 2.4
      vertex 39.628 6.70423 2.4
      vertex 44.5272 6.52721 2.4
    endloop
  endfacet
  facet normal 0 0 1
    outer loop
      vertex 39.4728 6.52721 2.4
      vertex 44.5272 6.52721 2.4
      vertex 39.628 6.70423 2.4
    endloop
  endfacet
  facet normal 0 0 1
    outer loop
      vertex 44.5272 6.52721 2.4
      vertex 39.4728 6.52721 2.4
      vertex 44.7042 6.37196 2.4
    endloop
  endfacet
  facet normal 0 0 1
    outer loop
      vertex 39.2958 6.37196 2.4
      vertex 44.7042 6.37196 2.4
      vertex 39.4728 6.52721 2.4
    endloop
  endfacet
  facet normal 0 0 1
    outer loop
      vertex 44.7042 6.37196 2.4
      vertex 39.2958 6.37196 2.4
      vertex 44.9 6.24115 2.4
    endloop
  endfacet
  facet normal 0 0 1
    outer loop
      vertex 39.1 6.24115 2.4
      vertex 44.9 6.24115 2.4
      vertex 39.2958 6.37196 2.4
    endloop
  endfacet
  facet normal 0 0 1
    outer loop
      vertex 44.9 6.24115 2.4
      vertex 39.1 6.24115 2.4
      vertex 45.1112 6.13702 2.4
    endloop
  endfacet
  facet normal 0 0 1
    outer loop
      vertex 38.8888 6.13702 2.4
      vertex 45.1112 6.13702 2.4
      vertex 39.1 6.24115 2.4
    endloop
  endfacet
  facet normal 0 0 1
    outer loop
      vertex 45.1112 6.13702 2.4
      vertex 38.8888 6.13702 2.4
      vertex 45.3341 6.06133 2.4
    endloop
  endfacet
  facet normal 0 0 1
    outer loop
      vertex 38.6659 6.06133 2.4
      vertex 45.3341 6.06133 2.4
      vertex 38.8888 6.13702 2.4
    endloop
  endfacet
  facet normal 0 0 1
    outer loop
      vertex 45.3341 6.06133 2.4
      vertex 38.6659 6.06133 2.4
      vertex 45.5651 6.0154 2.4
    endloop
  endfacet
  facet normal 0 0 1
    outer loop
      vertex 38.4349 6.0154 2.4
      vertex 45.5651 6.0154 2.4
      vertex 38.6659 6.06133 2.4
    endloop
  endfacet
  facet normal 0 0 1
    outer loop
      vertex 38.2 6 2.4
      vertex 45.5651 6.0154 2.4
      vertex 38.4349 6.0154 2.4
    endloop
  endfacet
  facet normal 0 0 1
    outer loop
      vertex 45.8 6 2.4
      vertex 38.2 6 2.4
      vertex 3.5 0 2.4
    endloop
  endfacet
  facet normal 0 0 1
    outer loop
      vertex 3.5 0 2.4
      vertex 38.2 6 2.4
      vertex 33.8 6 2.4
    endloop
  endfacet
  facet normal 0 0 1
    outer loop
      vertex 3.5 0 2.4
      vertex 33.8 6 2.4
      vertex 33.5651 6.0154 2.4
    endloop
  endfacet
  facet normal 0 0 1
    outer loop
      vertex 32.0613 8.66587 2.4
      vertex 27.9387 8.66587 2.4
      vertex 32.0154 8.43495 2.4
    endloop
  endfacet
  facet normal 0 0 1
    outer loop
      vertex 28 7.8 2.4
      vertex 32 7.8 2.4
      vertex 28 8.2 2.4
    endloop
  endfacet
  facet normal 0 0 1
    outer loop
      vertex 32 7.8 2.4
      vertex 28 7.8 2.4
      vertex 32.0154 7.56505 2.4
    endloop
  endfacet
  facet normal 0 0 1
    outer loop
      vertex 27.9846 7.56505 2.4
      vertex 32.0154 7.56505 2.4
      vertex 28 7.8 2.4
    endloop
  endfacet
  facet normal 0 0 1
    outer loop
      vertex 32.0154 7.56505 2.4
      vertex 27.9846 7.56505 2.4
      vertex 32.0613 7.33413 2.4
    endloop
  endfacet
  facet normal 0 0 1
    outer loop
      vertex 27.9387 7.33413 2.4
      vertex 32.0613 7.33413 2.4
      vertex 27.9846 7.56505 2.4
    endloop
  endfacet
  facet normal 0 0 1
    outer loop
      vertex 32.0613 7.33413 2.4
      vertex 27.9387 7.33413 2.4
      vertex 32.137 7.11117 2.4
    endloop
  endfacet
  facet normal 0 0 1
    outer loop
      vertex 27.863 7.11117 2.4
      vertex 32.137 7.11117 2.4
      vertex 27.9387 7.33413 2.4
    endloop
  endfacet
  facet normal 0 0 1
    outer loop
      vertex 32.137 7.11117 2.4
      vertex 27.863 7.11117 2.4
      vertex 32.2412 6.9 2.4
    endloop
  endfacet
  facet normal 0 0 1
    outer loop
      vertex 27.7588 6.9 2.4
      vertex 32.2412 6.9 2.4
      vertex 27.863 7.11117 2.4
    endloop
  endfacet
  facet normal 0 0 1
    outer loop
      vertex 32.2412 6.9 2.4
      vertex 27.7588 6.9 2.4
      vertex 32.372 6.70423 2.4
    endloop
  endfacet
  facet normal 0 0 1
    outer loop
      vertex 27.628 6.70423 2.4
      vertex 32.372 6.70423 2.4
      vertex 27.7588 6.9 2.4
    endloop
  endfacet
  facet normal 0 0 1
    outer loop
      vertex 32.372 6.70423 2.4
      vertex 27.628 6.70423 2.4
      vertex 32.5272 6.52721 2.4
    endloop
  endfacet
  facet normal 0 0 1
    outer loop
      vertex 27.4728 6.52721 2.4
      vertex 32.5272 6.52721 2.4
      vertex 27.628 6.70423 2.4
    endloop
  endfacet
  facet normal 0 0 1
    outer loop
      vertex 32.5272 6.52721 2.4
      vertex 27.4728 6.52721 2.4
      vertex 32.7042 6.37196 2.4
    endloop
  endfacet
  facet normal 0 0 1
    outer loop
      vertex 27.2958 6.37196 2.4
      vertex 32.7042 6.37196 2.4
      vertex 27.4728 6.52721 2.4
    endloop
  endfacet
  facet normal 0 0 1
    outer loop
      vertex 32.7042 6.37196 2.4
      vertex 27.2958 6.37196 2.4
      vertex 32.9 6.24115 2.4
    endloop
  endfacet
  facet normal 0 0 1
    outer loop
      vertex 27.1 6.24115 2.4
      vertex 32.9 6.24115 2.4
      vertex 27.2958 6.37196 2.4
    endloop
  endfacet
  facet normal 0 0 1
    outer loop
      vertex 32.9 6.24115 2.4
      vertex 27.1 6.24115 2.4
      vertex 33.1112 6.13702 2.4
    endloop
  endfacet
  facet normal 0 0 1
    outer loop
      vertex 26.8888 6.13702 2.4
      vertex 33.1112 6.13702 2.4
      vertex 27.1 6.24115 2.4
    endloop
  endfacet
  facet normal 0 0 1
    outer loop
      vertex 33.1112 6.13702 2.4
      vertex 26.8888 6.13702 2.4
      vertex 33.3341 6.06133 2.4
    endloop
  endfacet
  facet normal 0 0 1
    outer loop
      vertex 26.6659 6.06133 2.4
      vertex 33.3341 6.06133 2.4
      vertex 26.8888 6.13702 2.4
    endloop
  endfacet
  facet normal 0 0 1
    outer loop
      vertex 33.3341 6.06133 2.4
      vertex 26.6659 6.06133 2.4
      vertex 33.5651 6.0154 2.4
    endloop
  endfacet
  facet normal 0 0 1
    outer loop
      vertex 26.4349 6.0154 2.4
      vertex 33.5651 6.0154 2.4
      vertex 26.6659 6.06133 2.4
    endloop
  endfacet
  facet normal 0 0 1
    outer loop
      vertex 3.5 0 2.4
      vertex 33.5651 6.0154 2.4
      vertex 26.4349 6.0154 2.4
    endloop
  endfacet
  facet normal 0 0 1
    outer loop
      vertex 3.5 0 2.4
      vertex 26.4349 6.0154 2.4
      vertex 26.2 6 2.4
    endloop
  endfacet
  facet normal 0 0 1
    outer loop
      vertex 3.5 0 2.4
      vertex 26.2 6 2.4
      vertex 21.8 6 2.4
    endloop
  endfacet
  facet normal 0 0 1
    outer loop
      vertex 3.5 0 2.4
      vertex 21.8 6 2.4
      vertex 21.5651 6.0154 2.4
    endloop
  endfacet
  facet normal 0 0 1
    outer loop
      vertex 16 7.8 2.4
      vertex 20 7.8 2.4
      vertex 16 8.2 2.4
    endloop
  endfacet
  facet normal 0 0 1
    outer loop
      vertex 20 7.8 2.4
      vertex 16 7.8 2.4
      vertex 20.0154 7.56505 2.4
    endloop
  endfacet
  facet normal 0 0 1
    outer loop
      vertex 15.9846 7.56505 2.4
      vertex 20.0154 7.56505 2.4
      vertex 16 7.8 2.4
    endloop
  endfacet
  facet normal 0 0 1
    outer loop
      vertex 20.0154 7.56505 2.4
      vertex 15.9846 7.56505 2.4
      vertex 20.0613 7.33413 2.4
    endloop
  endfacet
  facet normal 0 0 1
    outer loop
      vertex 15.9387 7.33413 2.4
      vertex 20.0613 7.33413 2.4
      vertex 15.9846 7.56505 2.4
    endloop
  endfacet
  facet normal 0 0 1
    outer loop
      vertex 20.0613 7.33413 2.4
      vertex 15.9387 7.33413 2.4
      vertex 20.137 7.11117 2.4
    endloop
  endfacet
  facet normal 0 0 1
    outer loop
      vertex 15.863 7.11117 2.4
      vertex 20.137 7.11117 2.4
      vertex 15.9387 7.33413 2.4
    endloop
  endfacet
  facet normal 0 0 1
    outer loop
      vertex 20.137 7.11117 2.4
      vertex 15.863 7.11117 2.4
      vertex 20.2412 6.9 2.4
    endloop
  endfacet
  facet normal 0 0 1
    outer loop
      vertex 15.7588 6.9 2.4
      vertex 20.2412 6.9 2.4
      vertex 15.863 7.11117 2.4
    endloop
  endfacet
  facet normal 0 0 1
    outer loop
      vertex 20.2412 6.9 2.4
      vertex 15.7588 6.9 2.4
      vertex 20.372 6.70423 2.4
    endloop
  endfacet
  facet normal 0 0 1
    outer loop
      vertex 15.628 6.70423 2.4
      vertex 20.372 6.70423 2.4
      vertex 15.7588 6.9 2.4
    endloop
  endfacet
  facet normal 0 0 1
    outer loop
      vertex 20.372 6.70423 2.4
      vertex 15.628 6.70423 2.4
      vertex 20.5272 6.52721 2.4
    endloop
  endfacet
  facet normal 0 0 1
    outer loop
      vertex 15.4728 6.52721 2.4
      vertex 20.5272 6.52721 2.4
      vertex 15.628 6.70423 2.4
    endloop
  endfacet
  facet normal 0 0 1
    outer loop
      vertex 20.5272 6.52721 2.4
      vertex 15.4728 6.52721 2.4
      vertex 20.7042 6.37196 2.4
    endloop
  endfacet
  facet normal 0 0 1
    outer loop
      vertex 15.2958 6.37196 2.4
      vertex 20.7042 6.37196 2.4
      vertex 15.4728 6.52721 2.4
    endloop
  endfacet
  facet normal 0 0 1
    outer loop
      vertex 20.7042 6.37196 2.4
      vertex 15.2958 6.37196 2.4
      vertex 20.9 6.24115 2.4
    endloop
  endfacet
  facet normal 0 0 1
    outer loop
      vertex 15.1 6.24115 2.4
      vertex 20.9 6.24115 2.4
      vertex 15.2958 6.37196 2.4
    endloop
  endfacet
  facet normal 0 0 1
    outer loop
      vertex 20.9 6.24115 2.4
      vertex 15.1 6.24115 2.4
      vertex 21.1112 6.13702 2.4
    endloop
  endfacet
  facet normal 0 0 1
    outer loop
      vertex 14.8888 6.13702 2.4
      vertex 21.1112 6.13702 2.4
      vertex 15.1 6.24115 2.4
    endloop
  endfacet
  facet normal 0 0 1
    outer loop
      vertex 21.1112 6.13702 2.4
      vertex 14.8888 6.13702 2.4
      vertex 21.3341 6.06133 2.4
    endloop
  endfacet
  facet normal 0 0 1
    outer loop
      vertex 14.6659 6.06133 2.4
      vertex 21.3341 6.06133 2.4
      vertex 14.8888 6.13702 2.4
    endloop
  endfacet
  facet normal 0 0 1
    outer loop
      vertex 21.3341 6.06133 2.4
      vertex 14.6659 6.06133 2.4
      vertex 21.5651 6.0154 2.4
    endloop
  endfacet
  facet normal 0 0 1
    outer loop
      vertex 14.4349 6.0154 2.4
      vertex 21.5651 6.0154 2.4
      vertex 14.6659 6.06133 2.4
    endloop
  endfacet
  facet normal 0 0 1
    outer loop
      vertex 21.5651 6.0154 2.4
      vertex 14.4349 6.0154 2.4
      vertex 3.5 0 2.4
    endloop
  endfacet
  facet normal 0 0 1
    outer loop
      vertex 3.5 0 2.4
      vertex 14.4349 6.0154 2.4
      vertex 14.2 6 2.4
    endloop
  endfacet
  facet normal 0 0 1
    outer loop
      vertex 3.5 0 2.4
      vertex 14.2 6 2.4
      vertex 9.8 6 2.4
    endloop
  endfacet
  facet normal 0 0 1
    outer loop
      vertex 3.5 0 2.4
      vertex 9.8 6 2.4
      vertex 9.56505 6.0154 2.4
    endloop
  endfacet
  facet normal 0 0 1
    outer loop
      vertex 8.13702 8.88883 2.4
      vertex 0 3.5 2.4
      vertex 8.06133 8.66587 2.4
    endloop
  endfacet
  facet normal 0 0 1
    outer loop
      vertex 8.06133 8.66587 2.4
      vertex 0 3.5 2.4
      vertex 8.0154 8.43495 2.4
    endloop
  endfacet
  facet normal 0 0 1
    outer loop
      vertex 8.0154 8.43495 2.4
      vertex 0 3.5 2.4
      vertex 8 8.2 2.4
    endloop
  endfacet
  facet normal 0 0 1
    outer loop
      vertex 45.8 6 2.4
      vertex 3.5 0 2.4
      vertex 87.8 0 2.4
    endloop
  endfacet
  facet normal 0 0 1
    outer loop
      vertex 9.33413 6.06133 2.4
      vertex 3.5 0 2.4
      vertex 9.56505 6.0154 2.4
    endloop
  endfacet
  facet normal 0 0 1
    outer loop
      vertex 9.11117 6.13702 2.4
      vertex 3.5 0 2.4
      vertex 9.33413 6.06133 2.4
    endloop
  endfacet
  facet normal 0 0 1
    outer loop
      vertex 8.9 6.24115 2.4
      vertex 3.5 0 2.4
      vertex 9.11117 6.13702 2.4
    endloop
  endfacet
  facet normal 0 0 1
    outer loop
      vertex 8.70423 6.37196 2.4
      vertex 3.5 0 2.4
      vertex 8.9 6.24115 2.4
    endloop
  endfacet
  facet normal 0 0 1
    outer loop
      vertex 8.52721 6.52721 2.4
      vertex 3.5 0 2.4
      vertex 8.70423 6.37196 2.4
    endloop
  endfacet
  facet normal 0 0 1
    outer loop
      vertex 8.37196 6.70423 2.4
      vertex 3.5 0 2.4
      vertex 8.52721 6.52721 2.4
    endloop
  endfacet
  facet normal 0 0 1
    outer loop
      vertex 8.24115 6.9 2.4
      vertex 3.5 0 2.4
      vertex 8.37196 6.70423 2.4
    endloop
  endfacet
  facet normal 0 0 1
    outer loop
      vertex 0 3.5 2.4
      vertex 8.24115 6.9 2.4
      vertex 8.13702 7.11117 2.4
    endloop
  endfacet
  facet normal 0 0 1
    outer loop
      vertex 0 3.5 2.4
      vertex 8.13702 7.11117 2.4
      vertex 8.06133 7.33413 2.4
    endloop
  endfacet
  facet normal 0 0 1
    outer loop
      vertex 8 8.2 2.4
      vertex 0 3.5 2.4
      vertex 8 7.8 2.4
    endloop
  endfacet
  facet normal 0 0 1
    outer loop
      vertex 8.0154 7.56505 2.4
      vertex 0 3.5 2.4
      vertex 8.06133 7.33413 2.4
    endloop
  endfacet
  facet normal 0 0 1
    outer loop
      vertex 8.24115 6.9 2.4
      vertex 0 3.5 2.4
      vertex 3.5 0 2.4
    endloop
  endfacet
  facet normal 0 0 1
    outer loop
      vertex 8 7.8 2.4
      vertex 0 3.5 2.4
      vertex 8.0154 7.56505 2.4
    endloop
  endfacet
  facet normal 0 0 1
    outer loop
      vertex 0 3.5 2.4
      vertex 3.00195 26.3784 2.4
      vertex 2.65 26.5519 2.4
    endloop
  endfacet
  facet normal 0 0 1
    outer loop
      vertex 3.5 0 2.4
      vertex 0 3.5 2.4
      vertex 3.04316 0.0299425 2.4
    endloop
  endfacet
  facet normal 0 0 1
    outer loop
      vertex 0 3.5 2.4
      vertex 2.65 26.5519 2.4
      vertex 2.32372 26.7699 2.4
    endloop
  endfacet
  facet normal 0 0 1
    outer loop
      vertex 3.04316 0.0299425 2.4
      vertex 0 3.5 2.4
      vertex 2.59413 0.119259 2.4
    endloop
  endfacet
  facet normal 0 0 1
    outer loop
      vertex 0 3.5 2.4
      vertex 2.32372 26.7699 2.4
      vertex 2.02868 27.0287 2.4
    endloop
  endfacet
  facet normal 0 0 1
    outer loop
      vertex 0 3.5 2.4
      vertex 2.02868 27.0287 2.4
      vertex 1.76994 27.3237 2.4
    endloop
  endfacet
  facet normal 0 0 1
    outer loop
      vertex 2.59413 0.119259 2.4
      vertex 0 3.5 2.4
      vertex 2.16061 0.266421 2.4
    endloop
  endfacet
  facet normal 0 0 1
    outer loop
      vertex 0 3.5 2.4
      vertex 1.76994 27.3237 2.4
      vertex 1.55192 27.65 2.4
    endloop
  endfacet
  facet normal 0 0 1
    outer loop
      vertex 0 3.5 2.4
      vertex 1.55192 27.65 2.4
      vertex 1.37836 28.0019 2.4
    endloop
  endfacet
  facet normal 0 0 1
    outer loop
      vertex 2.16061 0.266421 2.4
      vertex 0 3.5 2.4
      vertex 1.75 0.46891 2.4
    endloop
  endfacet
  facet normal 0 0 1
    outer loop
      vertex 0 3.5 2.4
      vertex 1.37836 28.0019 2.4
      vertex 1.25222 28.3735 2.4
    endloop
  endfacet
  facet normal 0 0 1
    outer loop
      vertex 0 3.5 2.4
      vertex 1.25222 28.3735 2.4
      vertex 1.17566 28.7584 2.4
    endloop
  endfacet
  facet normal 0 0 1
    outer loop
      vertex 0 3.5 2.4
      vertex 1.17566 28.7584 2.4
      vertex 1.15 29.15 2.4
    endloop
  endfacet
  facet normal 0 0 1
    outer loop
      vertex 1.75 0.46891 2.4
      vertex 0 3.5 2.4
      vertex 1.36933 0.723263 2.4
    endloop
  endfacet
  facet normal 0 0 1
    outer loop
      vertex 1.15 52.65 2.4
      vertex 0 58.8 2.4
      vertex 1.15 29.15 2.4
    endloop
  endfacet
  facet normal -0 0 1
    outer loop
      vertex 0.266421 60.1394 2.4
      vertex 3.75842 55.6243 2.4
      vertex 0.46891 60.55 2.4
    endloop
  endfacet
  facet normal 0 0 1
    outer loop
      vertex 0 3.5 2.4
      vertex 1.15 29.15 2.4
      vertex 0 58.8 2.4
    endloop
  endfacet
  facet normal -0 0 1
    outer loop
      vertex 0.119259 59.7059 2.4
      vertex 3.75842 55.6243 2.4
      vertex 0.266421 60.1394 2.4
    endloop
  endfacet
  facet normal 0 0 1
    outer loop
      vertex 1.36933 0.723263 2.4
      vertex 0 3.5 2.4
      vertex 1.02513 1.02513 2.4
    endloop
  endfacet
  facet normal -0 0 1
    outer loop
      vertex 0.0299425 59.2568 2.4
      vertex 3.75842 55.6243 2.4
      vertex 0.119259 59.7059 2.4
    endloop
  endfacet
  facet normal 0 0 1
    outer loop
      vertex 1.02513 1.02513 2.4
      vertex 0 3.5 2.4
      vertex 0.723263 1.36933 2.4
    endloop
  endfacet
  facet normal 0 0 1
    outer loop
      vertex 3.75842 55.6243 2.4
      vertex 0 58.8 2.4
      vertex 3.37354 55.5478 2.4
    endloop
  endfacet
  facet normal 0 0 1
    outer loop
      vertex 0.723263 1.36933 2.4
      vertex 0 3.5 2.4
      vertex 0.46891 1.75 2.4
    endloop
  endfacet
  facet normal 0 0 1
    outer loop
      vertex 3.75842 55.6243 2.4
      vertex 0.0299425 59.2568 2.4
      vertex 0 58.8 2.4
    endloop
  endfacet
  facet normal 0 0 1
    outer loop
      vertex 0.46891 1.75 2.4
      vertex 0 3.5 2.4
      vertex 0.266421 2.16061 2.4
    endloop
  endfacet
  facet normal 0 0 1
    outer loop
      vertex 0.266421 2.16061 2.4
      vertex 0 3.5 2.4
      vertex 0.119259 2.59413 2.4
    endloop
  endfacet
  facet normal 0 0 1
    outer loop
      vertex 0.119259 2.59413 2.4
      vertex 0 3.5 2.4
      vertex 0.0299425 3.04316 2.4
    endloop
  endfacet
  facet normal 0 0 1
    outer loop
      vertex 72.0304 16.5491 2.4
      vertex 71.8647 18.2134 2.4
      vertex 71.9425 16.6775 2.4
    endloop
  endfacet
  facet normal 0 0 1
    outer loop
      vertex 71.8647 18.2134 2.4
      vertex 71.8386 16.7927 2.4
      vertex 71.9425 16.6775 2.4
    endloop
  endfacet
  facet normal 0 0 1
    outer loop
      vertex 71.4043 17.0832 2.4
      vertex 71.8647 18.2134 2.4
      vertex 71.7341 18.2702 2.4
    endloop
  endfacet
  facet normal 0 0 1
    outer loop
      vertex 71.8647 18.2134 2.4
      vertex 71.7157 16.8975 2.4
      vertex 71.8386 16.7927 2.4
    endloop
  endfacet
  facet normal 0 0 1
    outer loop
      vertex 71.2157 17.1642 2.4
      vertex 71.7341 18.2702 2.4
      vertex 71.6044 18.3228 2.4
    endloop
  endfacet
  facet normal 0 0 1
    outer loop
      vertex 71.8647 18.2134 2.4
      vertex 71.571 16.9943 2.4
      vertex 71.7157 16.8975 2.4
    endloop
  endfacet
  facet normal 0 0 1
    outer loop
      vertex 71.2157 17.1642 2.4
      vertex 71.6044 18.3228 2.4
      vertex 71.4756 18.3713 2.4
    endloop
  endfacet
  facet normal 0 0 1
    outer loop
      vertex 71.8647 18.2134 2.4
      vertex 71.4043 17.0832 2.4
      vertex 71.571 16.9943 2.4
    endloop
  endfacet
  facet normal 0 0 1
    outer loop
      vertex 71.0051 17.2373 2.4
      vertex 71.4756 18.3713 2.4
      vertex 71.3477 18.4156 2.4
    endloop
  endfacet
  facet normal 0 0 1
    outer loop
      vertex 71.0051 17.2373 2.4
      vertex 71.3477 18.4156 2.4
      vertex 71.2208 18.4559 2.4
    endloop
  endfacet
  facet normal 0 0 1
    outer loop
      vertex 71.7341 18.2702 2.4
      vertex 71.2157 17.1642 2.4
      vertex 71.4043 17.0832 2.4
    endloop
  endfacet
  facet normal 0 0 1
    outer loop
      vertex 70.7727 17.3024 2.4
      vertex 71.2208 18.4559 2.4
      vertex 71.0947 18.492 2.4
    endloop
  endfacet
  facet normal 0 0 1
    outer loop
      vertex 71.4756 18.3713 2.4
      vertex 71.0051 17.2373 2.4
      vertex 71.2157 17.1642 2.4
    endloop
  endfacet
  facet normal 0 0 1
    outer loop
      vertex 70.7727 17.3024 2.4
      vertex 71.0947 18.492 2.4
      vertex 70.9696 18.524 2.4
    endloop
  endfacet
  facet normal 0 0 1
    outer loop
      vertex 70.5183 17.3597 2.4
      vertex 70.9696 18.524 2.4
      vertex 70.8459 18.5518 2.4
    endloop
  endfacet
  facet normal 0 0 1
    outer loop
      vertex 71.2208 18.4559 2.4
      vertex 70.7727 17.3024 2.4
      vertex 71.0051 17.2373 2.4
    endloop
  endfacet
  facet normal 0 0 1
    outer loop
      vertex 70.5183 17.3597 2.4
      vertex 70.8459 18.5518 2.4
      vertex 70.7242 18.5753 2.4
    endloop
  endfacet
  facet normal 0 0 1
    outer loop
      vertex 70.5183 17.3597 2.4
      vertex 70.7242 18.5753 2.4
      vertex 70.6045 18.5946 2.4
    endloop
  endfacet
  facet normal 0 0 1
    outer loop
      vertex 70.9696 18.524 2.4
      vertex 70.5183 17.3597 2.4
      vertex 70.7727 17.3024 2.4
    endloop
  endfacet
  facet normal 0 0 1
    outer loop
      vertex 70.4867 18.6095 2.4
      vertex 70.5183 17.3597 2.4
      vertex 70.6045 18.5946 2.4
    endloop
  endfacet
  facet normal 0 0 1
    outer loop
      vertex 70.3709 18.6202 2.4
      vertex 70.5183 17.3597 2.4
      vertex 70.4867 18.6095 2.4
    endloop
  endfacet
  facet normal 0 0 1
    outer loop
      vertex 69.9066 17.4827 2.4
      vertex 70.3709 18.6202 2.4
      vertex 70.2571 18.6266 2.4
    endloop
  endfacet
  facet normal 0 0 1
    outer loop
      vertex 69.9066 17.4827 2.4
      vertex 70.2571 18.6266 2.4
      vertex 70.1453 18.6288 2.4
    endloop
  endfacet
  facet normal 0 0 1
    outer loop
      vertex 69.9066 17.4827 2.4
      vertex 70.1453 18.6288 2.4
      vertex 70.0037 18.6259 2.4
    endloop
  endfacet
  facet normal 0 0 1
    outer loop
      vertex 70.3709 18.6202 2.4
      vertex 69.9066 17.4827 2.4
      vertex 70.5183 17.3597 2.4
    endloop
  endfacet
  facet normal -0 0 1
    outer loop
      vertex 69.8731 18.6172 2.4
      vertex 69.9066 17.4827 2.4
      vertex 70.0037 18.6259 2.4
    endloop
  endfacet
  facet normal 0 0 1
    outer loop
      vertex 69.8731 18.6172 2.4
      vertex 69.7874 17.509 2.4
      vertex 69.9066 17.4827 2.4
    endloop
  endfacet
  facet normal -0 0 1
    outer loop
      vertex 69.7535 18.6027 2.4
      vertex 69.7874 17.509 2.4
      vertex 69.8731 18.6172 2.4
    endloop
  endfacet
  facet normal 0 0 1
    outer loop
      vertex 69.7535 18.6027 2.4
      vertex 69.6793 17.5368 2.4
      vertex 69.7874 17.509 2.4
    endloop
  endfacet
  facet normal -0 0 1
    outer loop
      vertex 69.6448 18.5825 2.4
      vertex 69.6793 17.5368 2.4
      vertex 69.7535 18.6027 2.4
    endloop
  endfacet
  facet normal 0 0 1
    outer loop
      vertex 69.6448 18.5825 2.4
      vertex 69.5822 17.566 2.4
      vertex 69.6793 17.5368 2.4
    endloop
  endfacet
  facet normal -0 0 1
    outer loop
      vertex 69.547 18.5564 2.4
      vertex 69.5822 17.566 2.4
      vertex 69.6448 18.5825 2.4
    endloop
  endfacet
  facet normal 0 0 1
    outer loop
      vertex 69.547 18.5564 2.4
      vertex 69.4962 17.5967 2.4
      vertex 69.5822 17.566 2.4
    endloop
  endfacet
  facet normal -0 0 1
    outer loop
      vertex 69.4602 18.5245 2.4
      vertex 69.4962 17.5967 2.4
      vertex 69.547 18.5564 2.4
    endloop
  endfacet
  facet normal 0 0 1
    outer loop
      vertex 69.4602 18.5245 2.4
      vertex 69.4212 17.6288 2.4
      vertex 69.4962 17.5967 2.4
    endloop
  endfacet
  facet normal -0 0 1
    outer loop
      vertex 69.3844 18.4869 2.4
      vertex 69.4212 17.6288 2.4
      vertex 69.4602 18.5245 2.4
    endloop
  endfacet
  facet normal -0 0 1
    outer loop
      vertex 69.3191 18.4432 2.4
      vertex 69.4212 17.6288 2.4
      vertex 69.3844 18.4869 2.4
    endloop
  endfacet
  facet normal -0 0 1
    outer loop
      vertex 69.1433 18.1285 2.4
      vertex 69.4212 17.6288 2.4
      vertex 69.3191 18.4432 2.4
    endloop
  endfacet
  facet normal 0 0 1
    outer loop
      vertex 69.4212 17.6288 2.4
      vertex 69.1433 18.1285 2.4
      vertex 69.3572 17.6624 2.4
    endloop
  endfacet
  facet normal 0 0 1
    outer loop
      vertex 69.1584 18.2043 2.4
      vertex 69.3191 18.4432 2.4
      vertex 69.2639 18.393 2.4
    endloop
  endfacet
  facet normal -0 0 1
    outer loop
      vertex 69.1383 18.0464 2.4
      vertex 69.3572 17.6624 2.4
      vertex 69.1433 18.1285 2.4
    endloop
  endfacet
  facet normal 0 0 1
    outer loop
      vertex 69.3572 17.6624 2.4
      vertex 69.1383 18.0464 2.4
      vertex 69.3042 17.6974 2.4
    endloop
  endfacet
  facet normal 0 0 1
    outer loop
      vertex 69.1584 18.2043 2.4
      vertex 69.2639 18.393 2.4
      vertex 69.2187 18.3365 2.4
    endloop
  endfacet
  facet normal -0 -0 1
    outer loop
      vertex 69.1417 17.9844 2.4
      vertex 69.3042 17.6974 2.4
      vertex 69.1383 18.0464 2.4
    endloop
  endfacet
  facet normal 0 0 1
    outer loop
      vertex 69.1584 18.2043 2.4
      vertex 69.2187 18.3365 2.4
      vertex 69.1835 18.2736 2.4
    endloop
  endfacet
  facet normal 0 0 1
    outer loop
      vertex 69.3042 17.6974 2.4
      vertex 69.1417 17.9844 2.4
      vertex 69.2602 17.7351 2.4
    endloop
  endfacet
  facet normal 0 0 1
    outer loop
      vertex 69.3191 18.4432 2.4
      vertex 69.1584 18.2043 2.4
      vertex 69.1433 18.1285 2.4
    endloop
  endfacet
  facet normal 0 0 1
    outer loop
      vertex 69.2602 17.7351 2.4
      vertex 69.1417 17.9844 2.4
      vertex 69.223 17.7769 2.4
    endloop
  endfacet
  facet normal 0 0 1
    outer loop
      vertex 69.223 17.7769 2.4
      vertex 69.1417 17.9844 2.4
      vertex 69.1925 17.8227 2.4
    endloop
  endfacet
  facet normal 0 0 1
    outer loop
      vertex 69.1925 17.8227 2.4
      vertex 69.1417 17.9844 2.4
      vertex 69.1688 17.8726 2.4
    endloop
  endfacet
  facet normal 0 0 1
    outer loop
      vertex 69.1688 17.8726 2.4
      vertex 69.1417 17.9844 2.4
      vertex 69.1518 17.9265 2.4
    endloop
  endfacet
  facet normal 0 0 1
    outer loop
      vertex 75.3 28.8 2.4
      vertex 71.15 29.15 2.4
      vertex 71.1243 28.7584 2.4
    endloop
  endfacet
  facet normal 0 0 1
    outer loop
      vertex 75.437 28.1112 2.4
      vertex 71.0478 28.3735 2.4
      vertex 70.9216 28.0019 2.4
    endloop
  endfacet
  facet normal 0 0 1
    outer loop
      vertex 75.5412 27.9 2.4
      vertex 70.9216 28.0019 2.4
      vertex 70.7481 27.65 2.4
    endloop
  endfacet
  facet normal -0 0 1
    outer loop
      vertex 69.65 26.5519 2.4
      vertex 75.3613 22.6659 2.4
      vertex 69.9763 26.7699 2.4
    endloop
  endfacet
  facet normal 0 0 1
    outer loop
      vertex 75.3 22.2 2.4
      vertex 71.8647 19.3943 2.4
      vertex 75.3 21.8 2.4
    endloop
  endfacet
  facet normal 0 -0 1
    outer loop
      vertex 71.8647 19.3943 2.4
      vertex 75.3 22.2 2.4
      vertex 71.7173 19.4324 2.4
    endloop
  endfacet
  facet normal 0 -0 1
    outer loop
      vertex 71.7173 19.4324 2.4
      vertex 75.3 22.2 2.4
      vertex 71.5712 19.4677 2.4
    endloop
  endfacet
  facet normal 0 -0 1
    outer loop
      vertex 71.5712 19.4677 2.4
      vertex 75.3 22.2 2.4
      vertex 71.4265 19.5001 2.4
    endloop
  endfacet
  facet normal 0 -0 1
    outer loop
      vertex 71.4265 19.5001 2.4
      vertex 75.3154 22.4349 2.4
      vertex 71.2832 19.5297 2.4
    endloop
  endfacet
  facet normal 0 0 1
    outer loop
      vertex 75.3154 22.4349 2.4
      vertex 71.4265 19.5001 2.4
      vertex 75.3 22.2 2.4
    endloop
  endfacet
  facet normal 0 -0 1
    outer loop
      vertex 71.2832 19.5297 2.4
      vertex 75.3154 22.4349 2.4
      vertex 71.1412 19.5565 2.4
    endloop
  endfacet
  facet normal 0 0 1
    outer loop
      vertex 71.0006 19.5805 2.4
      vertex 69.65 26.5519 2.4
      vertex 70.8614 19.6016 2.4
    endloop
  endfacet
  facet normal 0 0 1
    outer loop
      vertex 70.8614 19.6016 2.4
      vertex 69.65 26.5519 2.4
      vertex 70.7234 19.62 2.4
    endloop
  endfacet
  facet normal 0 0 1
    outer loop
      vertex 70.7234 19.62 2.4
      vertex 69.65 26.5519 2.4
      vertex 70.5865 19.6355 2.4
    endloop
  endfacet
  facet normal -0 0 1
    outer loop
      vertex 69.298 26.3784 2.4
      vertex 70.5865 19.6355 2.4
      vertex 69.65 26.5519 2.4
    endloop
  endfacet
  facet normal 0 0 1
    outer loop
      vertex 70.5865 19.6355 2.4
      vertex 69.298 26.3784 2.4
      vertex 70.4506 19.6482 2.4
    endloop
  endfacet
  facet normal 0 0 1
    outer loop
      vertex 70.4506 19.6482 2.4
      vertex 69.298 26.3784 2.4
      vertex 70.3158 19.658 2.4
    endloop
  endfacet
  facet normal 0 0 1
    outer loop
      vertex 70.3158 19.658 2.4
      vertex 69.298 26.3784 2.4
      vertex 70.1821 19.6651 2.4
    endloop
  endfacet
  facet normal 0 0 1
    outer loop
      vertex 70.1821 19.6651 2.4
      vertex 69.298 26.3784 2.4
      vertex 70.0494 19.6693 2.4
    endloop
  endfacet
  facet normal -0 0 1
    outer loop
      vertex 68.9265 26.2522 2.4
      vertex 70.0494 19.6693 2.4
      vertex 69.298 26.3784 2.4
    endloop
  endfacet
  facet normal 0 0 1
    outer loop
      vertex 70.0494 19.6693 2.4
      vertex 68.9265 26.2522 2.4
      vertex 69.9178 19.6707 2.4
    endloop
  endfacet
  facet normal 0 0 1
    outer loop
      vertex 69.9178 19.6707 2.4
      vertex 68.9265 26.2522 2.4
      vertex 69.6397 19.6616 2.4
    endloop
  endfacet
  facet normal -0 0 1
    outer loop
      vertex 68.5416 26.1757 2.4
      vertex 69.6397 19.6616 2.4
      vertex 68.9265 26.2522 2.4
    endloop
  endfacet
  facet normal 0 0 1
    outer loop
      vertex 69.6397 19.6616 2.4
      vertex 68.5416 26.1757 2.4
      vertex 69.3807 19.6342 2.4
    endloop
  endfacet
  facet normal 0 0 1
    outer loop
      vertex 69.3807 19.6342 2.4
      vertex 68.5416 26.1757 2.4
      vertex 69.141 19.5885 2.4
    endloop
  endfacet
  facet normal -0 0 1
    outer loop
      vertex 68.15 26.15 2.4
      vertex 69.141 19.5885 2.4
      vertex 68.5416 26.1757 2.4
    endloop
  endfacet
  facet normal 0 0 1
    outer loop
      vertex 69.141 19.5885 2.4
      vertex 68.15 26.15 2.4
      vertex 68.9204 19.5245 2.4
    endloop
  endfacet
  facet normal -0 0 1
    outer loop
      vertex 66.7688 19.5686 2.4
      vertex 68.9204 19.5245 2.4
      vertex 68.15 26.15 2.4
    endloop
  endfacet
  facet normal 0 0 1
    outer loop
      vertex 68.9204 19.5245 2.4
      vertex 66.7688 19.5686 2.4
      vertex 68.719 19.4422 2.4
    endloop
  endfacet
  facet normal 0 0 1
    outer loop
      vertex 68.719 19.4422 2.4
      vertex 66.7688 19.5686 2.4
      vertex 68.5367 19.3417 2.4
    endloop
  endfacet
  facet normal 0 0 1
    outer loop
      vertex 68.5367 19.3417 2.4
      vertex 66.7688 19.5686 2.4
      vertex 68.3737 19.2229 2.4
    endloop
  endfacet
  facet normal 0 0 1
    outer loop
      vertex 68.3737 19.2229 2.4
      vertex 66.7688 19.5686 2.4
      vertex 68.2312 19.0871 2.4
    endloop
  endfacet
  facet normal 0 0 1
    outer loop
      vertex 68.2312 19.0871 2.4
      vertex 66.7688 19.5686 2.4
      vertex 68.1106 18.9356 2.4
    endloop
  endfacet
  facet normal 0 0 1
    outer loop
      vertex 68.1106 18.9356 2.4
      vertex 66.7688 19.5686 2.4
      vertex 68.012 18.7684 2.4
    endloop
  endfacet
  facet normal 0 0 1
    outer loop
      vertex 66.7688 18.4845 2.4
      vertex 68.012 18.7684 2.4
      vertex 66.7688 19.5686 2.4
    endloop
  endfacet
  facet normal 0 0 1
    outer loop
      vertex 68.012 18.7684 2.4
      vertex 66.7688 18.4845 2.4
      vertex 67.9353 18.5856 2.4
    endloop
  endfacet
  facet normal 0 0 1
    outer loop
      vertex 67.9353 18.5856 2.4
      vertex 66.7688 18.4845 2.4
      vertex 67.8805 18.387 2.4
    endloop
  endfacet
  facet normal 0 0 1
    outer loop
      vertex 67.8805 18.387 2.4
      vertex 66.7688 18.4845 2.4
      vertex 67.8476 18.1728 2.4
    endloop
  endfacet
  facet normal 0 0 1
    outer loop
      vertex 68.15 26.15 2.4
      vertex 62.8937 19.5686 2.4
      vertex 66.7688 19.5686 2.4
    endloop
  endfacet
  facet normal -0 0 1
    outer loop
      vertex 61.5275 16.3619 2.4
      vertex 62.8937 14 2.4
      vertex 62.8937 19.5686 2.4
    endloop
  endfacet
  facet normal 0 0 1
    outer loop
      vertex 59.2338 14 2.4
      vertex 62.8937 14 2.4
      vertex 61.5275 16.3619 2.4
    endloop
  endfacet
  facet normal 0 0 1
    outer loop
      vertex 62.8937 14 2.4
      vertex 62.6659 9.93867 2.4
      vertex 62.8888 9.86298 2.4
    endloop
  endfacet
  facet normal 0 0 1
    outer loop
      vertex 62.8937 14 2.4
      vertex 62.4349 9.9846 2.4
      vertex 62.6659 9.93867 2.4
    endloop
  endfacet
  facet normal 0 0 1
    outer loop
      vertex 61.673 18.4845 2.4
      vertex 62.8937 19.5686 2.4
      vertex 61.673 19.5686 2.4
    endloop
  endfacet
  facet normal 0 0 1
    outer loop
      vertex 68.15 26.15 2.4
      vertex 61.673 19.5686 2.4
      vertex 62.8937 19.5686 2.4
    endloop
  endfacet
  facet normal 0 0 1
    outer loop
      vertex 68.15 26.15 2.4
      vertex 57.7978 19.5686 2.4
      vertex 61.673 19.5686 2.4
    endloop
  endfacet
  facet normal -0 0 1
    outer loop
      vertex 56.5404 16.2301 2.4
      vertex 57.7978 14 2.4
      vertex 57.7978 19.5686 2.4
    endloop
  endfacet
  facet normal -0 0 1
    outer loop
      vertex 56.4314 15.3274 2.4
      vertex 57.7978 14 2.4
      vertex 56.492 15.6036 2.4
    endloop
  endfacet
  facet normal -0 0 1
    outer loop
      vertex 56.3467 15.0758 2.4
      vertex 57.7978 14 2.4
      vertex 56.4314 15.3274 2.4
    endloop
  endfacet
  facet normal -0 0 1
    outer loop
      vertex 56.2378 14.8489 2.4
      vertex 57.7978 14 2.4
      vertex 56.3467 15.0758 2.4
    endloop
  endfacet
  facet normal -0 0 1
    outer loop
      vertex 56.1047 14.6467 2.4
      vertex 57.7978 14 2.4
      vertex 56.2378 14.8489 2.4
    endloop
  endfacet
  facet normal 0 0 1
    outer loop
      vertex 56.5404 16.2301 2.4
      vertex 57.7978 19.5686 2.4
      vertex 56.5404 19.5686 2.4
    endloop
  endfacet
  facet normal 0 0 1
    outer loop
      vertex 68.15 26.15 2.4
      vertex 56.5404 19.5686 2.4
      vertex 57.7978 19.5686 2.4
    endloop
  endfacet
  facet normal 0 0 1
    outer loop
      vertex 68.15 26.15 2.4
      vertex 55.1045 19.5686 2.4
      vertex 56.5404 19.5686 2.4
    endloop
  endfacet
  facet normal -0 0 1
    outer loop
      vertex 53.1762 19.5686 2.4
      vertex 55.1045 16.2301 2.4
      vertex 55.1045 19.5686 2.4
    endloop
  endfacet
  facet normal 0 0 1
    outer loop
      vertex 55.1045 16.2301 2.4
      vertex 53.1808 16.0409 2.4
      vertex 55.0999 16.0409 2.4
    endloop
  endfacet
  facet normal 0 0 1
    outer loop
      vertex 55.0999 16.0409 2.4
      vertex 53.1808 16.0409 2.4
      vertex 55.0861 15.8679 2.4
    endloop
  endfacet
  facet normal 0 -0 1
    outer loop
      vertex 53.1947 15.8679 2.4
      vertex 55.0861 15.8679 2.4
      vertex 53.1808 16.0409 2.4
    endloop
  endfacet
  facet normal 0 0 1
    outer loop
      vertex 55.0861 15.8679 2.4
      vertex 53.1947 15.8679 2.4
      vertex 55.063 15.7109 2.4
    endloop
  endfacet
  facet normal 0 -0 1
    outer loop
      vertex 53.2177 15.7109 2.4
      vertex 55.063 15.7109 2.4
      vertex 53.1947 15.8679 2.4
    endloop
  endfacet
  facet normal 0 -0 1
    outer loop
      vertex 54.1385 14.9469 2.4
      vertex 55.063 15.7109 2.4
      vertex 53.2177 15.7109 2.4
    endloop
  endfacet
  facet normal 0 -0 1
    outer loop
      vertex 54.2797 14.9529 2.4
      vertex 55.063 15.7109 2.4
      vertex 54.1385 14.9469 2.4
    endloop
  endfacet
  facet normal 0 0 1
    outer loop
      vertex 55.063 15.7109 2.4
      vertex 54.2797 14.9529 2.4
      vertex 55.0308 15.5699 2.4
    endloop
  endfacet
  facet normal 0 -0 1
    outer loop
      vertex 54.5266 15.0013 2.4
      vertex 54.9894 15.445 2.4
      vertex 54.409 14.9711 2.4
    endloop
  endfacet
  facet normal 0 0 1
    outer loop
      vertex 54.9894 15.445 2.4
      vertex 54.5266 15.0013 2.4
      vertex 54.9387 15.3362 2.4
    endloop
  endfacet
  facet normal 0 0 1
    outer loop
      vertex 54.9387 15.3362 2.4
      vertex 54.6323 15.0437 2.4
      vertex 54.8788 15.2434 2.4
    endloop
  endfacet
  facet normal 0 0 1
    outer loop
      vertex 54.8788 15.2434 2.4
      vertex 54.6323 15.0437 2.4
      vertex 54.8085 15.1647 2.4
    endloop
  endfacet
  facet normal 0 0 1
    outer loop
      vertex 54.8085 15.1647 2.4
      vertex 54.6323 15.0437 2.4
      vertex 54.7263 15.0982 2.4
    endloop
  endfacet
  facet normal 0 -0 1
    outer loop
      vertex 54.6323 15.0437 2.4
      vertex 54.9387 15.3362 2.4
      vertex 54.5266 15.0013 2.4
    endloop
  endfacet
  facet normal 0 0 1
    outer loop
      vertex 55.0308 15.5699 2.4
      vertex 54.409 14.9711 2.4
      vertex 54.9894 15.445 2.4
    endloop
  endfacet
  facet normal 0 -0 1
    outer loop
      vertex 54.409 14.9711 2.4
      vertex 55.0308 15.5699 2.4
      vertex 54.2797 14.9529 2.4
    endloop
  endfacet
  facet normal 0 0 1
    outer loop
      vertex 54.1385 14.9469 2.4
      vertex 53.2177 15.7109 2.4
      vertex 53.9983 14.9529 2.4
    endloop
  endfacet
  facet normal -0 -0 1
    outer loop
      vertex 53.2499 15.5699 2.4
      vertex 53.9983 14.9529 2.4
      vertex 53.2177 15.7109 2.4
    endloop
  endfacet
  facet normal 0 0 1
    outer loop
      vertex 53.9983 14.9529 2.4
      vertex 53.2499 15.5699 2.4
      vertex 53.8698 14.9711 2.4
    endloop
  endfacet
  facet normal -0 -0 1
    outer loop
      vertex 53.2913 15.445 2.4
      vertex 53.8698 14.9711 2.4
      vertex 53.2499 15.5699 2.4
    endloop
  endfacet
  facet normal 0 0 1
    outer loop
      vertex 53.8698 14.9711 2.4
      vertex 53.2913 15.445 2.4
      vertex 53.7529 15.0013 2.4
    endloop
  endfacet
  facet normal -0 -0 1
    outer loop
      vertex 53.342 15.3362 2.4
      vertex 53.7529 15.0013 2.4
      vertex 53.2913 15.445 2.4
    endloop
  endfacet
  facet normal 0 0 1
    outer loop
      vertex 53.7529 15.0013 2.4
      vertex 53.342 15.3362 2.4
      vertex 53.6477 15.0437 2.4
    endloop
  endfacet
  facet normal 0 0 1
    outer loop
      vertex 53.6477 15.0437 2.4
      vertex 53.342 15.3362 2.4
      vertex 53.5541 15.0982 2.4
    endloop
  endfacet
  facet normal 0 0 1
    outer loop
      vertex 53.5541 15.0982 2.4
      vertex 53.342 15.3362 2.4
      vertex 53.4721 15.1647 2.4
    endloop
  endfacet
  facet normal 0 0 1
    outer loop
      vertex 53.4721 15.1647 2.4
      vertex 53.342 15.3362 2.4
      vertex 53.4018 15.2434 2.4
    endloop
  endfacet
  facet normal 0 0 1
    outer loop
      vertex 53.1762 16.2301 2.4
      vertex 55.1045 16.2301 2.4
      vertex 53.1762 19.5686 2.4
    endloop
  endfacet
  facet normal 0 0 1
    outer loop
      vertex 68.15 26.15 2.4
      vertex 53.1762 19.5686 2.4
      vertex 55.1045 19.5686 2.4
    endloop
  endfacet
  facet normal 0 0 1
    outer loop
      vertex 68.15 26.15 2.4
      vertex 51.7403 19.5686 2.4
      vertex 53.1762 19.5686 2.4
    endloop
  endfacet
  facet normal -0 0 1
    outer loop
      vertex 50.5118 19.5686 2.4
      vertex 51.7403 16.2301 2.4
      vertex 51.7403 19.5686 2.4
    endloop
  endfacet
  facet normal 0 0 1
    outer loop
      vertex 52.176 14.6467 2.4
      vertex 50.5118 14 2.4
      vertex 51.1 9.75885 2.4
    endloop
  endfacet
  facet normal 0 0 1
    outer loop
      vertex 52.176 14.6467 2.4
      vertex 51.4728 9.47279 2.4
      vertex 51.628 9.29577 2.4
    endloop
  endfacet
  facet normal 0 0 1
    outer loop
      vertex 52.176 14.6467 2.4
      vertex 51.2958 9.62804 2.4
      vertex 51.4728 9.47279 2.4
    endloop
  endfacet
  facet normal 0 0 1
    outer loop
      vertex 52.176 14.6467 2.4
      vertex 51.1 9.75885 2.4
      vertex 51.2958 9.62804 2.4
    endloop
  endfacet
  facet normal 0 0 1
    outer loop
      vertex 51.1 9.75885 2.4
      vertex 50.5118 14 2.4
      vertex 50.8888 9.86298 2.4
    endloop
  endfacet
  facet normal 0 0 1
    outer loop
      vertex 50.5118 14 2.4
      vertex 51.7403 16.2301 2.4
      vertex 50.5118 19.5686 2.4
    endloop
  endfacet
  facet normal 0 0 1
    outer loop
      vertex 68.15 26.15 2.4
      vertex 50.5118 19.5686 2.4
      vertex 51.7403 19.5686 2.4
    endloop
  endfacet
  facet normal 0 0 1
    outer loop
      vertex 68.15 26.15 2.4
      vertex 48.688 19.5686 2.4
      vertex 50.5118 19.5686 2.4
    endloop
  endfacet
  facet normal 0 0 1
    outer loop
      vertex 48.688 19.5686 2.4
      vertex 46.1444 19.5686 2.4
      vertex 47.4125 16.5882 2.4
    endloop
  endfacet
  facet normal 0 0 1
    outer loop
      vertex 68.15 26.15 2.4
      vertex 46.1444 19.5686 2.4
      vertex 48.688 19.5686 2.4
    endloop
  endfacet
  facet normal 0 0 1
    outer loop
      vertex 68.15 26.15 2.4
      vertex 44.3169 19.5686 2.4
      vertex 46.1444 19.5686 2.4
    endloop
  endfacet
  facet normal -0 0 1
    outer loop
      vertex 43.3648 16.7899 2.4
      vertex 44.3169 14 2.4
      vertex 44.3169 19.5686 2.4
    endloop
  endfacet
  facet normal -0 0 1
    outer loop
      vertex 43.3609 16.6126 2.4
      vertex 44.3169 14 2.4
      vertex 43.3648 16.7899 2.4
    endloop
  endfacet
  facet normal 0 0 1
    outer loop
      vertex 44.3169 14 2.4
      vertex 44.137 8.88883 2.4
      vertex 44.2412 9.1 2.4
    endloop
  endfacet
  facet normal -0 0 1
    outer loop
      vertex 43.3026 16.114 2.4
      vertex 44.3169 14 2.4
      vertex 43.3298 16.2746 2.4
    endloop
  endfacet
  facet normal -0 0 1
    outer loop
      vertex 43.3492 16.4408 2.4
      vertex 44.3169 14 2.4
      vertex 43.3609 16.6126 2.4
    endloop
  endfacet
  facet normal -0 0 1
    outer loop
      vertex 43.2677 15.9589 2.4
      vertex 44.3169 14 2.4
      vertex 43.3026 16.114 2.4
    endloop
  endfacet
  facet normal -0 0 1
    outer loop
      vertex 43.3298 16.2746 2.4
      vertex 44.3169 14 2.4
      vertex 43.3492 16.4408 2.4
    endloop
  endfacet
  facet normal 0 0 1
    outer loop
      vertex 44.3169 19.5686 2.4
      vertex 43.3609 16.9652 2.4
      vertex 43.3648 16.7899 2.4
    endloop
  endfacet
  facet normal 0 0 1
    outer loop
      vertex 44.3169 19.5686 2.4
      vertex 43.3492 17.1352 2.4
      vertex 43.3609 16.9652 2.4
    endloop
  endfacet
  facet normal 0 0 1
    outer loop
      vertex 44.3169 19.5686 2.4
      vertex 43.3298 17.2998 2.4
      vertex 43.3492 17.1352 2.4
    endloop
  endfacet
  facet normal 0 0 1
    outer loop
      vertex 44.3169 19.5686 2.4
      vertex 43.3026 17.4591 2.4
      vertex 43.3298 17.2998 2.4
    endloop
  endfacet
  facet normal 0 0 1
    outer loop
      vertex 44.3169 19.5686 2.4
      vertex 43.2677 17.6131 2.4
      vertex 43.3026 17.4591 2.4
    endloop
  endfacet
  facet normal 0 0 1
    outer loop
      vertex 44.3169 19.5686 2.4
      vertex 43.225 17.7618 2.4
      vertex 43.2677 17.6131 2.4
    endloop
  endfacet
  facet normal 0 0 1
    outer loop
      vertex 44.3169 19.5686 2.4
      vertex 43.1745 17.9051 2.4
      vertex 43.225 17.7618 2.4
    endloop
  endfacet
  facet normal 0 0 1
    outer loop
      vertex 44.3169 19.5686 2.4
      vertex 43.1161 18.0434 2.4
      vertex 43.1745 17.9051 2.4
    endloop
  endfacet
  facet normal 0 0 1
    outer loop
      vertex 44.3169 19.5686 2.4
      vertex 43.0494 18.177 2.4
      vertex 43.1161 18.0434 2.4
    endloop
  endfacet
  facet normal 0 0 1
    outer loop
      vertex 44.3169 19.5686 2.4
      vertex 42.9745 18.3059 2.4
      vertex 43.0494 18.177 2.4
    endloop
  endfacet
  facet normal 0 0 1
    outer loop
      vertex 44.3169 19.5686 2.4
      vertex 42.8914 18.43 2.4
      vertex 42.9745 18.3059 2.4
    endloop
  endfacet
  facet normal 0 0 1
    outer loop
      vertex 44.3169 19.5686 2.4
      vertex 42.8001 18.5495 2.4
      vertex 42.8914 18.43 2.4
    endloop
  endfacet
  facet normal 0 0 1
    outer loop
      vertex 44.3169 19.5686 2.4
      vertex 42.7005 18.6642 2.4
      vertex 42.8001 18.5495 2.4
    endloop
  endfacet
  facet normal 0 0 1
    outer loop
      vertex 44.3169 19.5686 2.4
      vertex 42.5927 18.7742 2.4
      vertex 42.7005 18.6642 2.4
    endloop
  endfacet
  facet normal 0 0 1
    outer loop
      vertex 44.3169 19.5686 2.4
      vertex 42.4623 18.8926 2.4
      vertex 42.5927 18.7742 2.4
    endloop
  endfacet
  facet normal 0 0 1
    outer loop
      vertex 44.3169 19.5686 2.4
      vertex 42.3246 19.0009 2.4
      vertex 42.4623 18.8926 2.4
    endloop
  endfacet
  facet normal 0 0 1
    outer loop
      vertex 44.3169 19.5686 2.4
      vertex 42.1797 19.0988 2.4
      vertex 42.3246 19.0009 2.4
    endloop
  endfacet
  facet normal 0 0 1
    outer loop
      vertex 40.3106 19.5539 2.4
      vertex 44.3169 19.5686 2.4
      vertex 68.15 26.15 2.4
    endloop
  endfacet
  facet normal 0 0 1
    outer loop
      vertex 44.3169 19.5686 2.4
      vertex 42.0276 19.1864 2.4
      vertex 42.1797 19.0988 2.4
    endloop
  endfacet
  facet normal 0 0 1
    outer loop
      vertex 44.3169 19.5686 2.4
      vertex 41.8683 19.2638 2.4
      vertex 42.0276 19.1864 2.4
    endloop
  endfacet
  facet normal 0 0 1
    outer loop
      vertex 44.3169 19.5686 2.4
      vertex 41.7017 19.3309 2.4
      vertex 41.8683 19.2638 2.4
    endloop
  endfacet
  facet normal 0 0 1
    outer loop
      vertex 44.3169 19.5686 2.4
      vertex 41.5279 19.3877 2.4
      vertex 41.7017 19.3309 2.4
    endloop
  endfacet
  facet normal 0 0 1
    outer loop
      vertex 44.3169 19.5686 2.4
      vertex 41.3372 19.4357 2.4
      vertex 41.5279 19.3877 2.4
    endloop
  endfacet
  facet normal 0 0 1
    outer loop
      vertex 44.3169 19.5686 2.4
      vertex 41.1202 19.4763 2.4
      vertex 41.3372 19.4357 2.4
    endloop
  endfacet
  facet normal 0 0 1
    outer loop
      vertex 44.3169 19.5686 2.4
      vertex 40.8768 19.5096 2.4
      vertex 41.1202 19.4763 2.4
    endloop
  endfacet
  facet normal 0 0 1
    outer loop
      vertex 44.3169 19.5686 2.4
      vertex 40.6069 19.5354 2.4
      vertex 40.8768 19.5096 2.4
    endloop
  endfacet
  facet normal 0 0 1
    outer loop
      vertex 44.3169 19.5686 2.4
      vertex 40.3106 19.5539 2.4
      vertex 40.6069 19.5354 2.4
    endloop
  endfacet
  facet normal 0 0 1
    outer loop
      vertex 68.15 26.15 2.4
      vertex 39.9879 19.5649 2.4
      vertex 40.3106 19.5539 2.4
    endloop
  endfacet
  facet normal 0 0 1
    outer loop
      vertex 68.15 26.15 2.4
      vertex 39.6388 19.5686 2.4
      vertex 39.9879 19.5649 2.4
    endloop
  endfacet
  facet normal 0 0 1
    outer loop
      vertex 68.15 26.15 2.4
      vertex 38.1246 19.5686 2.4
      vertex 39.6388 19.5686 2.4
    endloop
  endfacet
  facet normal 0 0 1
    outer loop
      vertex 38.1246 19.5686 2.4
      vertex 37.5243 14 2.4
      vertex 38.1246 14 2.4
    endloop
  endfacet
  facet normal 0 0 1
    outer loop
      vertex 38.1246 19.5686 2.4
      vertex 35.4617 19.5686 2.4
      vertex 37.5243 14 2.4
    endloop
  endfacet
  facet normal 0 0 1
    outer loop
      vertex 68.15 26.15 2.4
      vertex 35.4617 19.5686 2.4
      vertex 38.1246 19.5686 2.4
    endloop
  endfacet
  facet normal -0 0 1
    outer loop
      vertex 4.15 26.15 2.4
      vertex 35.4617 19.5686 2.4
      vertex 68.15 26.15 2.4
    endloop
  endfacet
  facet normal 0 0 1
    outer loop
      vertex 21.8 10 2.4
      vertex 31.6873 14 2.4
      vertex 33.7498 19.5686 2.4
    endloop
  endfacet
  facet normal 0 0 1
    outer loop
      vertex 32 8.2 2.4
      vertex 28 8.2 2.4
      vertex 32 7.8 2.4
    endloop
  endfacet
  facet normal 0 -0 1
    outer loop
      vertex 28 8.2 2.4
      vertex 32 8.2 2.4
      vertex 27.9846 8.43495 2.4
    endloop
  endfacet
  facet normal 0 0 1
    outer loop
      vertex 32.0154 8.43495 2.4
      vertex 27.9846 8.43495 2.4
      vertex 32 8.2 2.4
    endloop
  endfacet
  facet normal 0 -0 1
    outer loop
      vertex 27.9846 8.43495 2.4
      vertex 32.0154 8.43495 2.4
      vertex 27.9387 8.66587 2.4
    endloop
  endfacet
  facet normal 0 0 1
    outer loop
      vertex 32.2412 9.1 2.4
      vertex 27.7588 9.1 2.4
      vertex 32.137 8.88883 2.4
    endloop
  endfacet
  facet normal 0 0 1
    outer loop
      vertex 31.6873 14 2.4
      vertex 27.4728 9.47279 2.4
      vertex 27.628 9.29577 2.4
    endloop
  endfacet
  facet normal 0 0 1
    outer loop
      vertex 31.6873 14 2.4
      vertex 27.2958 9.62804 2.4
      vertex 27.4728 9.47279 2.4
    endloop
  endfacet
  facet normal 0 0 1
    outer loop
      vertex 31.6873 14 2.4
      vertex 27.1 9.75885 2.4
      vertex 27.2958 9.62804 2.4
    endloop
  endfacet
  facet normal 0 0 1
    outer loop
      vertex 31.6873 14 2.4
      vertex 26.8888 9.86298 2.4
      vertex 27.1 9.75885 2.4
    endloop
  endfacet
  facet normal 0 0 1
    outer loop
      vertex 31.6873 14 2.4
      vertex 26.6659 9.93867 2.4
      vertex 26.8888 9.86298 2.4
    endloop
  endfacet
  facet normal 0 0 1
    outer loop
      vertex 31.6873 14 2.4
      vertex 26.4349 9.9846 2.4
      vertex 26.6659 9.93867 2.4
    endloop
  endfacet
  facet normal 0 0 1
    outer loop
      vertex 31.6873 14 2.4
      vertex 26.2 10 2.4
      vertex 26.4349 9.9846 2.4
    endloop
  endfacet
  facet normal 0 0 1
    outer loop
      vertex 31.6873 14 2.4
      vertex 21.8 10 2.4
      vertex 26.2 10 2.4
    endloop
  endfacet
  facet normal 0 0 1
    outer loop
      vertex 33.7498 19.5686 2.4
      vertex 21.5651 9.9846 2.4
      vertex 21.8 10 2.4
    endloop
  endfacet
  facet normal 0 0 1
    outer loop
      vertex 4.15 26.15 2.4
      vertex 21.5651 9.9846 2.4
      vertex 33.7498 19.5686 2.4
    endloop
  endfacet
  facet normal 0 0 1
    outer loop
      vertex 21.5651 9.9846 2.4
      vertex 4.15 26.15 2.4
      vertex 21.3341 9.93867 2.4
    endloop
  endfacet
  facet normal 0 -0 1
    outer loop
      vertex 14.6659 9.93867 2.4
      vertex 21.3341 9.93867 2.4
      vertex 4.15 26.15 2.4
    endloop
  endfacet
  facet normal 0 0 1
    outer loop
      vertex 21.3341 9.93867 2.4
      vertex 14.6659 9.93867 2.4
      vertex 21.1112 9.86298 2.4
    endloop
  endfacet
  facet normal 0 0 1
    outer loop
      vertex 20 8.2 2.4
      vertex 16 8.2 2.4
      vertex 20 7.8 2.4
    endloop
  endfacet
  facet normal 0 0 1
    outer loop
      vertex 20.0154 8.43495 2.4
      vertex 16 8.2 2.4
      vertex 20 8.2 2.4
    endloop
  endfacet
  facet normal 0 0 1
    outer loop
      vertex 15.9846 8.43495 2.4
      vertex 20.0154 8.43495 2.4
      vertex 20.0613 8.66587 2.4
    endloop
  endfacet
  facet normal 0 0 1
    outer loop
      vertex 15.9387 8.66587 2.4
      vertex 20.0613 8.66587 2.4
      vertex 20.137 8.88883 2.4
    endloop
  endfacet
  facet normal 0 0 1
    outer loop
      vertex 15.863 8.88883 2.4
      vertex 20.137 8.88883 2.4
      vertex 20.2412 9.1 2.4
    endloop
  endfacet
  facet normal 0 0 1
    outer loop
      vertex 15.7588 9.1 2.4
      vertex 20.2412 9.1 2.4
      vertex 20.372 9.29577 2.4
    endloop
  endfacet
  facet normal 0 0 1
    outer loop
      vertex 15.628 9.29577 2.4
      vertex 20.372 9.29577 2.4
      vertex 20.5272 9.47279 2.4
    endloop
  endfacet
  facet normal 0 0 1
    outer loop
      vertex 15.4728 9.47279 2.4
      vertex 20.5272 9.47279 2.4
      vertex 20.7042 9.62804 2.4
    endloop
  endfacet
  facet normal 0 -0 1
    outer loop
      vertex 14.8888 9.86298 2.4
      vertex 21.1112 9.86298 2.4
      vertex 14.6659 9.93867 2.4
    endloop
  endfacet
  facet normal 0 0 1
    outer loop
      vertex 20.0154 8.43495 2.4
      vertex 15.9846 8.43495 2.4
      vertex 16 8.2 2.4
    endloop
  endfacet
  facet normal 0 0 1
    outer loop
      vertex 20.0613 8.66587 2.4
      vertex 15.9387 8.66587 2.4
      vertex 15.9846 8.43495 2.4
    endloop
  endfacet
  facet normal 0 0 1
    outer loop
      vertex 20.137 8.88883 2.4
      vertex 15.863 8.88883 2.4
      vertex 15.9387 8.66587 2.4
    endloop
  endfacet
  facet normal 0 0 1
    outer loop
      vertex 20.2412 9.1 2.4
      vertex 15.7588 9.1 2.4
      vertex 15.863 8.88883 2.4
    endloop
  endfacet
  facet normal 0 0 1
    outer loop
      vertex 20.372 9.29577 2.4
      vertex 15.628 9.29577 2.4
      vertex 15.7588 9.1 2.4
    endloop
  endfacet
  facet normal 0 0 1
    outer loop
      vertex 20.5272 9.47279 2.4
      vertex 15.4728 9.47279 2.4
      vertex 15.628 9.29577 2.4
    endloop
  endfacet
  facet normal 0 0 1
    outer loop
      vertex 20.7042 9.62804 2.4
      vertex 15.2958 9.62804 2.4
      vertex 15.4728 9.47279 2.4
    endloop
  endfacet
  facet normal 0 0 1
    outer loop
      vertex 20.7042 9.62804 2.4
      vertex 15.1 9.75885 2.4
      vertex 15.2958 9.62804 2.4
    endloop
  endfacet
  facet normal 0 0 1
    outer loop
      vertex 20.9 9.75885 2.4
      vertex 15.1 9.75885 2.4
      vertex 20.7042 9.62804 2.4
    endloop
  endfacet
  facet normal 0 -0 1
    outer loop
      vertex 15.1 9.75885 2.4
      vertex 20.9 9.75885 2.4
      vertex 14.8888 9.86298 2.4
    endloop
  endfacet
  facet normal 0 0 1
    outer loop
      vertex 21.1112 9.86298 2.4
      vertex 14.8888 9.86298 2.4
      vertex 20.9 9.75885 2.4
    endloop
  endfacet
  facet normal 0 0 1
    outer loop
      vertex 14.6659 9.93867 2.4
      vertex 4.15 26.15 2.4
      vertex 14.4349 9.9846 2.4
    endloop
  endfacet
  facet normal 0 0 1
    outer loop
      vertex 14.4349 9.9846 2.4
      vertex 4.15 26.15 2.4
      vertex 14.2 10 2.4
    endloop
  endfacet
  facet normal 0 0 1
    outer loop
      vertex 14.2 10 2.4
      vertex 4.15 26.15 2.4
      vertex 9.8 10 2.4
    endloop
  endfacet
  facet normal 0 0 1
    outer loop
      vertex 9.8 10 2.4
      vertex 4.15 26.15 2.4
      vertex 9.56505 9.9846 2.4
    endloop
  endfacet
  facet normal 0 0 1
    outer loop
      vertex 9.56505 9.9846 2.4
      vertex 4.15 26.15 2.4
      vertex 9.33413 9.93867 2.4
    endloop
  endfacet
  facet normal 0 0 1
    outer loop
      vertex 8.24115 9.1 2.4
      vertex 0 3.5 2.4
      vertex 8.13702 8.88883 2.4
    endloop
  endfacet
  facet normal 0 0 1
    outer loop
      vertex 0 3.5 2.4
      vertex 8.24115 9.1 2.4
      vertex 3.00195 26.3784 2.4
    endloop
  endfacet
  facet normal 0 0 1
    outer loop
      vertex 8.37196 9.29577 2.4
      vertex 3.00195 26.3784 2.4
      vertex 8.24115 9.1 2.4
    endloop
  endfacet
  facet normal 0 0 1
    outer loop
      vertex 3.00195 26.3784 2.4
      vertex 8.37196 9.29577 2.4
      vertex 3.37354 26.2522 2.4
    endloop
  endfacet
  facet normal 0 0 1
    outer loop
      vertex 8.52721 9.47279 2.4
      vertex 3.37354 26.2522 2.4
      vertex 8.37196 9.29577 2.4
    endloop
  endfacet
  facet normal 0 0 1
    outer loop
      vertex 3.37354 26.2522 2.4
      vertex 8.52721 9.47279 2.4
      vertex 3.75842 26.1757 2.4
    endloop
  endfacet
  facet normal 0 0 1
    outer loop
      vertex 8.70423 9.62804 2.4
      vertex 3.75842 26.1757 2.4
      vertex 8.52721 9.47279 2.4
    endloop
  endfacet
  facet normal 0 0 1
    outer loop
      vertex 3.75842 26.1757 2.4
      vertex 8.70423 9.62804 2.4
      vertex 4.15 26.15 2.4
    endloop
  endfacet
  facet normal 0 0 1
    outer loop
      vertex 8.9 9.75885 2.4
      vertex 4.15 26.15 2.4
      vertex 8.70423 9.62804 2.4
    endloop
  endfacet
  facet normal 0 0 1
    outer loop
      vertex 9.11117 9.86298 2.4
      vertex 4.15 26.15 2.4
      vertex 8.9 9.75885 2.4
    endloop
  endfacet
  facet normal 0 0 1
    outer loop
      vertex 9.33413 9.93867 2.4
      vertex 4.15 26.15 2.4
      vertex 9.11117 9.86298 2.4
    endloop
  endfacet
  facet normal 0 0 1
    outer loop
      vertex 35.4617 19.5686 2.4
      vertex 4.15 26.15 2.4
      vertex 33.7498 19.5686 2.4
    endloop
  endfacet
  facet normal 0 0 1
    outer loop
      vertex 61.5275 17.4461 2.4
      vertex 62.8937 19.5686 2.4
      vertex 61.673 18.4845 2.4
    endloop
  endfacet
  facet normal 0 0 1
    outer loop
      vertex 62.8937 19.5686 2.4
      vertex 61.5275 17.4461 2.4
      vertex 61.5275 16.3619 2.4
    endloop
  endfacet
  facet normal 0 0 1
    outer loop
      vertex 62.8937 14 2.4
      vertex 62.2 10 2.4
      vertex 62.4349 9.9846 2.4
    endloop
  endfacet
  facet normal 0 0 1
    outer loop
      vertex 59.2338 14 2.4
      vertex 61.5275 16.3619 2.4
      vertex 59.2338 16.3619 2.4
    endloop
  endfacet
  facet normal 0 0 1
    outer loop
      vertex 62.8937 14 2.4
      vertex 59.2338 14 2.4
      vertex 62.2 10 2.4
    endloop
  endfacet
  facet normal 0 0 1
    outer loop
      vertex 59.2338 14 2.4
      vertex 57.8 10 2.4
      vertex 62.2 10 2.4
    endloop
  endfacet
  facet normal -0 0 1
    outer loop
      vertex 57.7978 14 2.4
      vertex 57.8 10 2.4
      vertex 59.2338 14 2.4
    endloop
  endfacet
  facet normal 0 0 1
    outer loop
      vertex 57.8 10 2.4
      vertex 57.7978 14 2.4
      vertex 57.5651 9.9846 2.4
    endloop
  endfacet
  facet normal 0 0 1
    outer loop
      vertex 57.7978 14 2.4
      vertex 56.5404 16.2301 2.4
      vertex 56.5283 15.9045 2.4
    endloop
  endfacet
  facet normal 0 0 1
    outer loop
      vertex 57.7978 14 2.4
      vertex 56.5283 15.9045 2.4
      vertex 56.492 15.6036 2.4
    endloop
  endfacet
  facet normal -0 0 1
    outer loop
      vertex 55.9474 14.4691 2.4
      vertex 57.7978 14 2.4
      vertex 56.1047 14.6467 2.4
    endloop
  endfacet
  facet normal -0 0 1
    outer loop
      vertex 55.7652 14.3157 2.4
      vertex 57.7978 14 2.4
      vertex 55.9474 14.4691 2.4
    endloop
  endfacet
  facet normal 0 0 1
    outer loop
      vertex 57.7978 14 2.4
      vertex 57.3341 9.93867 2.4
      vertex 57.5651 9.9846 2.4
    endloop
  endfacet
  facet normal 0 0 1
    outer loop
      vertex 55.5577 14.1859 2.4
      vertex 57.3341 9.93867 2.4
      vertex 57.7978 14 2.4
    endloop
  endfacet
  facet normal -0 0 1
    outer loop
      vertex 55.5577 14.1859 2.4
      vertex 57.7978 14 2.4
      vertex 55.7652 14.3157 2.4
    endloop
  endfacet
  facet normal 0 0 1
    outer loop
      vertex 57.3341 9.93867 2.4
      vertex 55.5577 14.1859 2.4
      vertex 57.1112 9.86298 2.4
    endloop
  endfacet
  facet normal -0 0 1
    outer loop
      vertex 55.3247 14.0797 2.4
      vertex 57.1112 9.86298 2.4
      vertex 55.5577 14.1859 2.4
    endloop
  endfacet
  facet normal 0 0 1
    outer loop
      vertex 57.1112 9.86298 2.4
      vertex 55.3247 14.0797 2.4
      vertex 56.9 9.75885 2.4
    endloop
  endfacet
  facet normal -0 0 1
    outer loop
      vertex 55.0662 13.9971 2.4
      vertex 56.9 9.75885 2.4
      vertex 55.3247 14.0797 2.4
    endloop
  endfacet
  facet normal 0 0 1
    outer loop
      vertex 56.9 9.75885 2.4
      vertex 55.0662 13.9971 2.4
      vertex 56.7042 9.62804 2.4
    endloop
  endfacet
  facet normal -0 0 1
    outer loop
      vertex 54.7824 13.9381 2.4
      vertex 56.7042 9.62804 2.4
      vertex 55.0662 13.9971 2.4
    endloop
  endfacet
  facet normal 0 0 1
    outer loop
      vertex 56.7042 9.62804 2.4
      vertex 54.7824 13.9381 2.4
      vertex 56.5272 9.47279 2.4
    endloop
  endfacet
  facet normal 0 0 1
    outer loop
      vertex 56.5272 9.47279 2.4
      vertex 54.4732 13.9027 2.4
      vertex 56.372 9.29577 2.4
    endloop
  endfacet
  facet normal -0 0 1
    outer loop
      vertex 54.4732 13.9027 2.4
      vertex 56.5272 9.47279 2.4
      vertex 54.7824 13.9381 2.4
    endloop
  endfacet
  facet normal 0 0 1
    outer loop
      vertex 34.6076 18.2635 2.4
      vertex 33.8431 16.0486 2.4
      vertex 35.3685 16.0486 2.4
    endloop
  endfacet
  facet normal 0 0 1
    outer loop
      vertex 40.3192 18.4756 2.4
      vertex 41.8841 16.7899 2.4
      vertex 41.8747 17.0186 2.4
    endloop
  endfacet
  facet normal 0 0 1
    outer loop
      vertex 40.5459 18.4491 2.4
      vertex 41.8747 17.0186 2.4
      vertex 41.8464 17.2311 2.4
    endloop
  endfacet
  facet normal 0 0 1
    outer loop
      vertex 40.3182 15.0931 2.4
      vertex 41.8841 16.7899 2.4
      vertex 40.3192 18.4756 2.4
    endloop
  endfacet
  facet normal 0 0 1
    outer loop
      vertex 40.7555 18.405 2.4
      vertex 41.8464 17.2311 2.4
      vertex 41.7992 17.4275 2.4
    endloop
  endfacet
  facet normal 0 0 1
    outer loop
      vertex 41.8747 17.0186 2.4
      vertex 40.5459 18.4491 2.4
      vertex 40.3192 18.4756 2.4
    endloop
  endfacet
  facet normal 0 0 1
    outer loop
      vertex 40.9478 18.3431 2.4
      vertex 41.7992 17.4275 2.4
      vertex 41.7331 17.6077 2.4
    endloop
  endfacet
  facet normal 0 0 1
    outer loop
      vertex 41.8841 16.7899 2.4
      vertex 40.3182 15.0931 2.4
      vertex 41.8746 16.5602 2.4
    endloop
  endfacet
  facet normal 0 0 1
    outer loop
      vertex 40.9478 18.3431 2.4
      vertex 41.7331 17.6077 2.4
      vertex 41.6481 17.7718 2.4
    endloop
  endfacet
  facet normal 0 -0 1
    outer loop
      vertex 40.7533 15.1644 2.4
      vertex 41.8462 16.3466 2.4
      vertex 40.5442 15.1198 2.4
    endloop
  endfacet
  facet normal 0 0 1
    outer loop
      vertex 40.9478 18.3431 2.4
      vertex 41.6481 17.7718 2.4
      vertex 41.5443 17.9197 2.4
    endloop
  endfacet
  facet normal 0 0 1
    outer loop
      vertex 41.8464 17.2311 2.4
      vertex 40.7555 18.405 2.4
      vertex 40.5459 18.4491 2.4
    endloop
  endfacet
  facet normal 0 0 1
    outer loop
      vertex 40.9478 18.3431 2.4
      vertex 41.5443 17.9197 2.4
      vertex 41.4216 18.0515 2.4
    endloop
  endfacet
  facet normal 0 0 1
    outer loop
      vertex 41.8462 16.3466 2.4
      vertex 40.7533 15.1644 2.4
      vertex 41.7988 16.1491 2.4
    endloop
  endfacet
  facet normal 0 0 1
    outer loop
      vertex 40.9478 18.3431 2.4
      vertex 41.4216 18.0515 2.4
      vertex 41.2809 18.1664 2.4
    endloop
  endfacet
  facet normal 0 0 1
    outer loop
      vertex 41.7992 17.4275 2.4
      vertex 40.9478 18.3431 2.4
      vertex 40.7555 18.405 2.4
    endloop
  endfacet
  facet normal 0 0 1
    outer loop
      vertex 40.9478 18.3431 2.4
      vertex 41.2809 18.1664 2.4
      vertex 41.1229 18.2636 2.4
    endloop
  endfacet
  facet normal 0 0 1
    outer loop
      vertex 41.7325 15.9678 2.4
      vertex 40.9454 15.2267 2.4
      vertex 41.6472 15.8027 2.4
    endloop
  endfacet
  facet normal 0 0 1
    outer loop
      vertex 41.4197 15.5209 2.4
      vertex 40.9454 15.2267 2.4
      vertex 41.2786 15.405 2.4
    endloop
  endfacet
  facet normal 0 0 1
    outer loop
      vertex 41.2786 15.405 2.4
      vertex 40.9454 15.2267 2.4
      vertex 41.1205 15.307 2.4
    endloop
  endfacet
  facet normal 0 0 1
    outer loop
      vertex 41.6472 15.8027 2.4
      vertex 40.9454 15.2267 2.4
      vertex 41.5429 15.6537 2.4
    endloop
  endfacet
  facet normal 0 0 1
    outer loop
      vertex 41.5429 15.6537 2.4
      vertex 40.9454 15.2267 2.4
      vertex 41.4197 15.5209 2.4
    endloop
  endfacet
  facet normal 0 -0 1
    outer loop
      vertex 40.9454 15.2267 2.4
      vertex 41.7988 16.1491 2.4
      vertex 40.7533 15.1644 2.4
    endloop
  endfacet
  facet normal 0 0 1
    outer loop
      vertex 41.7988 16.1491 2.4
      vertex 40.9454 15.2267 2.4
      vertex 41.7325 15.9678 2.4
    endloop
  endfacet
  facet normal 0 -0 1
    outer loop
      vertex 40.5442 15.1198 2.4
      vertex 41.8746 16.5602 2.4
      vertex 40.3182 15.0931 2.4
    endloop
  endfacet
  facet normal 0 0 1
    outer loop
      vertex 41.8746 16.5602 2.4
      vertex 40.5442 15.1198 2.4
      vertex 41.8462 16.3466 2.4
    endloop
  endfacet
  facet normal 0 0 1
    outer loop
      vertex 40.0752 18.4845 2.4
      vertex 40.3182 15.0931 2.4
      vertex 40.3192 18.4756 2.4
    endloop
  endfacet
  facet normal 0 0 1
    outer loop
      vertex 40.0752 18.4845 2.4
      vertex 40.0752 15.0842 2.4
      vertex 40.3182 15.0931 2.4
    endloop
  endfacet
  facet normal -0 0 1
    outer loop
      vertex 39.5605 18.4845 2.4
      vertex 40.0752 15.0842 2.4
      vertex 40.0752 18.4845 2.4
    endloop
  endfacet
  facet normal 0 0 1
    outer loop
      vertex 40.0752 15.0842 2.4
      vertex 39.5605 18.4845 2.4
      vertex 39.5605 15.0842 2.4
    endloop
  endfacet
  facet normal -0.946929 -0.321443 0
    outer loop
      vertex 0.266421 2.16061 0
      vertex 0.119259 2.59413 2.4
      vertex 0.119259 2.59413 0
    endloop
  endfacet
  facet normal -0.946929 -0.321443 0
    outer loop
      vertex 0.119259 2.59413 2.4
      vertex 0.266421 2.16061 0
      vertex 0.266421 2.16061 2.4
    endloop
  endfacet
  facet normal -0.195088 -0.980786 0
    outer loop
      vertex 2.59413 0.119259 0
      vertex 3.04316 0.0299425 2.4
      vertex 2.59413 0.119259 2.4
    endloop
  endfacet
  facet normal -0.195088 -0.980786 -0
    outer loop
      vertex 3.04316 0.0299425 2.4
      vertex 2.59413 0.119259 0
      vertex 3.04316 0.0299425 0
    endloop
  endfacet
  facet normal 0.0653156 0.997865 -0
    outer loop
      vertex 88.2568 62.2701 0
      vertex 87.8 62.3 2.4
      vertex 88.2568 62.2701 2.4
    endloop
  endfacet
  facet normal 0.0653156 0.997865 0
    outer loop
      vertex 87.8 62.3 2.4
      vertex 88.2568 62.2701 0
      vertex 87.8 62.3 0
    endloop
  endfacet
  facet normal -0.442305 0.896864 0
    outer loop
      vertex 2.16061 62.0336 0
      vertex 1.75 61.8311 2.4
      vertex 2.16061 62.0336 2.4
    endloop
  endfacet
  facet normal -0.442305 0.896864 0
    outer loop
      vertex 1.75 61.8311 2.4
      vertex 2.16061 62.0336 0
      vertex 1.75 61.8311 0
    endloop
  endfacet
  facet normal -0.0654023 -0.997859 0
    outer loop
      vertex 3.04316 0.0299425 0
      vertex 3.5 0 2.4
      vertex 3.04316 0.0299425 2.4
    endloop
  endfacet
  facet normal -0.0654023 -0.997859 -0
    outer loop
      vertex 3.5 0 2.4
      vertex 3.04316 0.0299425 0
      vertex 3.5 0 0
    endloop
  endfacet
  facet normal 0 0 -1
    outer loop
      vertex 84.2846 28.5651 0
      vertex 91.3 3.5 0
      vertex 84.2846 22.4349 0
    endloop
  endfacet
  facet normal 0 0 -1
    outer loop
      vertex 91.3 3.5 0
      vertex 84.2846 28.5651 0
      vertex 84.3 28.8 0
    endloop
  endfacet
  facet normal 0 0 -1
    outer loop
      vertex 84.2387 22.6659 0
      vertex 84.2846 28.5651 0
      vertex 84.2846 22.4349 0
    endloop
  endfacet
  facet normal 0 0 -1
    outer loop
      vertex 84.2387 22.6659 0
      vertex 84.2387 28.3341 0
      vertex 84.2846 28.5651 0
    endloop
  endfacet
  facet normal 0 0 -1
    outer loop
      vertex 84.163 22.8888 0
      vertex 84.2387 28.3341 0
      vertex 84.2387 22.6659 0
    endloop
  endfacet
  facet normal 0 0 -1
    outer loop
      vertex 84.163 22.8888 0
      vertex 84.163 28.1112 0
      vertex 84.2387 28.3341 0
    endloop
  endfacet
  facet normal 0 0 -1
    outer loop
      vertex 84.0588 23.1 0
      vertex 84.163 28.1112 0
      vertex 84.163 22.8888 0
    endloop
  endfacet
  facet normal 0 0 -1
    outer loop
      vertex 84.0588 23.1 0
      vertex 84.0588 27.9 0
      vertex 84.163 28.1112 0
    endloop
  endfacet
  facet normal 0 0 -1
    outer loop
      vertex 83.928 23.2958 0
      vertex 84.0588 27.9 0
      vertex 84.0588 23.1 0
    endloop
  endfacet
  facet normal 0 0 -1
    outer loop
      vertex 83.928 23.2958 0
      vertex 83.928 27.7042 0
      vertex 84.0588 27.9 0
    endloop
  endfacet
  facet normal 0 0 -1
    outer loop
      vertex 83.7728 23.4728 0
      vertex 83.928 27.7042 0
      vertex 83.928 23.2958 0
    endloop
  endfacet
  facet normal 0 0 -1
    outer loop
      vertex 83.7728 23.4728 0
      vertex 83.7728 27.5272 0
      vertex 83.928 27.7042 0
    endloop
  endfacet
  facet normal 0 0 -1
    outer loop
      vertex 83.5958 23.628 0
      vertex 83.7728 27.5272 0
      vertex 83.7728 23.4728 0
    endloop
  endfacet
  facet normal 0 0 -1
    outer loop
      vertex 83.5958 23.628 0
      vertex 83.5958 27.372 0
      vertex 83.7728 27.5272 0
    endloop
  endfacet
  facet normal 0 0 -1
    outer loop
      vertex 83.4 23.7588 0
      vertex 83.5958 27.372 0
      vertex 83.5958 23.628 0
    endloop
  endfacet
  facet normal 0 0 -1
    outer loop
      vertex 83.4 23.7588 0
      vertex 83.4 27.2412 0
      vertex 83.5958 27.372 0
    endloop
  endfacet
  facet normal 0 0 -1
    outer loop
      vertex 83.1888 23.863 0
      vertex 83.4 27.2412 0
      vertex 83.4 23.7588 0
    endloop
  endfacet
  facet normal 0 0 -1
    outer loop
      vertex 83.1888 23.863 0
      vertex 83.1888 27.137 0
      vertex 83.4 27.2412 0
    endloop
  endfacet
  facet normal 0 0 -1
    outer loop
      vertex 82.9659 23.9387 0
      vertex 83.1888 27.137 0
      vertex 83.1888 23.863 0
    endloop
  endfacet
  facet normal 0 0 -1
    outer loop
      vertex 82.9659 23.9387 0
      vertex 82.9659 27.0613 0
      vertex 83.1888 27.137 0
    endloop
  endfacet
  facet normal 0 0 -1
    outer loop
      vertex 82.7349 23.9846 0
      vertex 82.9659 27.0613 0
      vertex 82.9659 23.9387 0
    endloop
  endfacet
  facet normal 0 0 -1
    outer loop
      vertex 82.7349 23.9846 0
      vertex 82.7349 27.0154 0
      vertex 82.9659 27.0613 0
    endloop
  endfacet
  facet normal 0 0 -1
    outer loop
      vertex 82.5 24 0
      vertex 82.7349 27.0154 0
      vertex 82.7349 23.9846 0
    endloop
  endfacet
  facet normal 0 0 -1
    outer loop
      vertex 82.5 24 0
      vertex 82.5 27 0
      vertex 82.7349 27.0154 0
    endloop
  endfacet
  facet normal 0 0 -1
    outer loop
      vertex 77.1 24 0
      vertex 82.5 27 0
      vertex 82.5 24 0
    endloop
  endfacet
  facet normal 0 0 -1
    outer loop
      vertex 77.1 24 0
      vertex 77.1 27 0
      vertex 82.5 27 0
    endloop
  endfacet
  facet normal 0 0 -1
    outer loop
      vertex 76.8651 23.9846 0
      vertex 77.1 27 0
      vertex 77.1 24 0
    endloop
  endfacet
  facet normal 0 0 -1
    outer loop
      vertex 76.8651 23.9846 0
      vertex 76.8651 27.0154 0
      vertex 77.1 27 0
    endloop
  endfacet
  facet normal 0 0 -1
    outer loop
      vertex 76.6341 23.9387 0
      vertex 76.8651 27.0154 0
      vertex 76.8651 23.9846 0
    endloop
  endfacet
  facet normal 0 0 -1
    outer loop
      vertex 76.6341 23.9387 0
      vertex 76.6341 27.0613 0
      vertex 76.8651 27.0154 0
    endloop
  endfacet
  facet normal 0 0 -1
    outer loop
      vertex 76.4112 23.863 0
      vertex 76.6341 27.0613 0
      vertex 76.6341 23.9387 0
    endloop
  endfacet
  facet normal 0 0 -1
    outer loop
      vertex 76.4112 23.863 0
      vertex 76.4112 27.137 0
      vertex 76.6341 27.0613 0
    endloop
  endfacet
  facet normal 0 0 -1
    outer loop
      vertex 76.2 23.7588 0
      vertex 76.4112 27.137 0
      vertex 76.4112 23.863 0
    endloop
  endfacet
  facet normal 0 0 -1
    outer loop
      vertex 76.2 23.7588 0
      vertex 76.2 27.2412 0
      vertex 76.4112 27.137 0
    endloop
  endfacet
  facet normal 0 0 -1
    outer loop
      vertex 76.0042 23.628 0
      vertex 76.2 27.2412 0
      vertex 76.2 23.7588 0
    endloop
  endfacet
  facet normal 0 0 -1
    outer loop
      vertex 76.0042 23.628 0
      vertex 76.0042 27.372 0
      vertex 76.2 27.2412 0
    endloop
  endfacet
  facet normal 0 0 -1
    outer loop
      vertex 75.8272 23.4728 0
      vertex 76.0042 27.372 0
      vertex 76.0042 23.628 0
    endloop
  endfacet
  facet normal 0 0 -1
    outer loop
      vertex 75.8272 23.4728 0
      vertex 75.8272 27.5272 0
      vertex 76.0042 27.372 0
    endloop
  endfacet
  facet normal 0 0 -1
    outer loop
      vertex 75.672 23.2958 0
      vertex 75.8272 27.5272 0
      vertex 75.8272 23.4728 0
    endloop
  endfacet
  facet normal 0 0 -1
    outer loop
      vertex 75.672 23.2958 0
      vertex 75.672 27.7042 0
      vertex 75.8272 27.5272 0
    endloop
  endfacet
  facet normal 0 0 -1
    outer loop
      vertex 70.5301 27.3237 0
      vertex 75.672 23.2958 0
      vertex 75.5412 23.1 0
    endloop
  endfacet
  facet normal 0 0 -1
    outer loop
      vertex 75.672 23.2958 0
      vertex 70.5301 27.3237 0
      vertex 75.672 27.7042 0
    endloop
  endfacet
  facet normal 0 0 -1
    outer loop
      vertex 70.2713 27.0287 0
      vertex 75.5412 23.1 0
      vertex 75.437 22.8888 0
    endloop
  endfacet
  facet normal 0 -0 -1
    outer loop
      vertex 70.7481 27.65 0
      vertex 75.672 27.7042 0
      vertex 70.5301 27.3237 0
    endloop
  endfacet
  facet normal 0 0 -1
    outer loop
      vertex 69.9763 26.7699 0
      vertex 75.437 22.8888 0
      vertex 75.3613 22.6659 0
    endloop
  endfacet
  facet normal -0 0 -1
    outer loop
      vertex 75.672 27.7042 0
      vertex 70.7481 27.65 0
      vertex 75.5412 27.9 0
    endloop
  endfacet
  facet normal 0 0 -1
    outer loop
      vertex 69.65 26.5519 0
      vertex 75.3613 22.6659 0
      vertex 75.3154 22.4349 0
    endloop
  endfacet
  facet normal 0 -0 -1
    outer loop
      vertex 70.9216 28.0019 0
      vertex 75.5412 27.9 0
      vertex 70.7481 27.65 0
    endloop
  endfacet
  facet normal 0 0 -1
    outer loop
      vertex 69.298 26.3784 0
      vertex 75.3154 22.4349 0
      vertex 75.3 22.2 0
    endloop
  endfacet
  facet normal 0 0 -1
    outer loop
      vertex 75.5412 27.9 0
      vertex 70.9216 28.0019 0
      vertex 75.437 28.1112 0
    endloop
  endfacet
  facet normal 0 0 -1
    outer loop
      vertex 84.2846 21.5651 0
      vertex 91.3 3.5 0
      vertex 84.2846 15.4349 0
    endloop
  endfacet
  facet normal 0 0 -1
    outer loop
      vertex 91.3 3.5 0
      vertex 84.2846 21.5651 0
      vertex 84.3 21.8 0
    endloop
  endfacet
  facet normal 0 0 -1
    outer loop
      vertex 84.2387 15.6659 0
      vertex 84.2846 21.5651 0
      vertex 84.2846 15.4349 0
    endloop
  endfacet
  facet normal 0 0 -1
    outer loop
      vertex 84.2387 15.6659 0
      vertex 84.2387 21.3341 0
      vertex 84.2846 21.5651 0
    endloop
  endfacet
  facet normal 0 0 -1
    outer loop
      vertex 84.163 15.8888 0
      vertex 84.2387 21.3341 0
      vertex 84.2387 15.6659 0
    endloop
  endfacet
  facet normal 0 0 -1
    outer loop
      vertex 84.163 15.8888 0
      vertex 84.163 21.1112 0
      vertex 84.2387 21.3341 0
    endloop
  endfacet
  facet normal 0 0 -1
    outer loop
      vertex 84.0588 16.1 0
      vertex 84.163 21.1112 0
      vertex 84.163 15.8888 0
    endloop
  endfacet
  facet normal 0 0 -1
    outer loop
      vertex 84.0588 16.1 0
      vertex 84.0588 20.9 0
      vertex 84.163 21.1112 0
    endloop
  endfacet
  facet normal 0 0 -1
    outer loop
      vertex 83.928 16.2958 0
      vertex 84.0588 20.9 0
      vertex 84.0588 16.1 0
    endloop
  endfacet
  facet normal 0 0 -1
    outer loop
      vertex 83.928 16.2958 0
      vertex 83.928 20.7042 0
      vertex 84.0588 20.9 0
    endloop
  endfacet
  facet normal 0 0 -1
    outer loop
      vertex 83.7728 16.4728 0
      vertex 83.928 20.7042 0
      vertex 83.928 16.2958 0
    endloop
  endfacet
  facet normal 0 0 -1
    outer loop
      vertex 83.7728 16.4728 0
      vertex 83.7728 20.5272 0
      vertex 83.928 20.7042 0
    endloop
  endfacet
  facet normal 0 0 -1
    outer loop
      vertex 83.5958 16.628 0
      vertex 83.7728 20.5272 0
      vertex 83.7728 16.4728 0
    endloop
  endfacet
  facet normal 0 0 -1
    outer loop
      vertex 83.5958 16.628 0
      vertex 83.5958 20.372 0
      vertex 83.7728 20.5272 0
    endloop
  endfacet
  facet normal 0 0 -1
    outer loop
      vertex 83.4 16.7588 0
      vertex 83.5958 20.372 0
      vertex 83.5958 16.628 0
    endloop
  endfacet
  facet normal 0 0 -1
    outer loop
      vertex 83.4 16.7588 0
      vertex 83.4 20.2412 0
      vertex 83.5958 20.372 0
    endloop
  endfacet
  facet normal 0 0 -1
    outer loop
      vertex 83.1888 16.863 0
      vertex 83.4 20.2412 0
      vertex 83.4 16.7588 0
    endloop
  endfacet
  facet normal 0 0 -1
    outer loop
      vertex 83.1888 16.863 0
      vertex 83.1888 20.137 0
      vertex 83.4 20.2412 0
    endloop
  endfacet
  facet normal 0 0 -1
    outer loop
      vertex 82.9659 16.9387 0
      vertex 83.1888 20.137 0
      vertex 83.1888 16.863 0
    endloop
  endfacet
  facet normal 0 0 -1
    outer loop
      vertex 82.9659 16.9387 0
      vertex 82.9659 20.0613 0
      vertex 83.1888 20.137 0
    endloop
  endfacet
  facet normal 0 0 -1
    outer loop
      vertex 82.7349 16.9846 0
      vertex 82.9659 20.0613 0
      vertex 82.9659 16.9387 0
    endloop
  endfacet
  facet normal 0 0 -1
    outer loop
      vertex 82.7349 16.9846 0
      vertex 82.7349 20.0154 0
      vertex 82.9659 20.0613 0
    endloop
  endfacet
  facet normal 0 0 -1
    outer loop
      vertex 82.5 17 0
      vertex 82.7349 20.0154 0
      vertex 82.7349 16.9846 0
    endloop
  endfacet
  facet normal 0 0 -1
    outer loop
      vertex 82.5 17 0
      vertex 82.5 20 0
      vertex 82.7349 20.0154 0
    endloop
  endfacet
  facet normal 0 0 -1
    outer loop
      vertex 77.1 17 0
      vertex 82.5 20 0
      vertex 82.5 17 0
    endloop
  endfacet
  facet normal 0 0 -1
    outer loop
      vertex 77.1 17 0
      vertex 77.1 20 0
      vertex 82.5 20 0
    endloop
  endfacet
  facet normal 0 0 -1
    outer loop
      vertex 76.8651 16.9846 0
      vertex 77.1 20 0
      vertex 77.1 17 0
    endloop
  endfacet
  facet normal 0 0 -1
    outer loop
      vertex 76.8651 16.9846 0
      vertex 76.8651 20.0154 0
      vertex 77.1 20 0
    endloop
  endfacet
  facet normal 0 0 -1
    outer loop
      vertex 76.6341 16.9387 0
      vertex 76.8651 20.0154 0
      vertex 76.8651 16.9846 0
    endloop
  endfacet
  facet normal 0 0 -1
    outer loop
      vertex 76.6341 16.9387 0
      vertex 76.6341 20.0613 0
      vertex 76.8651 20.0154 0
    endloop
  endfacet
  facet normal 0 0 -1
    outer loop
      vertex 76.4112 16.863 0
      vertex 76.6341 20.0613 0
      vertex 76.6341 16.9387 0
    endloop
  endfacet
  facet normal 0 0 -1
    outer loop
      vertex 76.4112 16.863 0
      vertex 76.4112 20.137 0
      vertex 76.6341 20.0613 0
    endloop
  endfacet
  facet normal 0 0 -1
    outer loop
      vertex 76.2 16.7588 0
      vertex 76.4112 20.137 0
      vertex 76.4112 16.863 0
    endloop
  endfacet
  facet normal 0 0 -1
    outer loop
      vertex 76.2 16.7588 0
      vertex 76.2 20.2412 0
      vertex 76.4112 20.137 0
    endloop
  endfacet
  facet normal 0 0 -1
    outer loop
      vertex 76.0042 16.628 0
      vertex 76.2 20.2412 0
      vertex 76.2 16.7588 0
    endloop
  endfacet
  facet normal 0 0 -1
    outer loop
      vertex 76.0042 16.628 0
      vertex 76.0042 20.372 0
      vertex 76.2 20.2412 0
    endloop
  endfacet
  facet normal 0 0 -1
    outer loop
      vertex 75.8272 16.4728 0
      vertex 76.0042 20.372 0
      vertex 76.0042 16.628 0
    endloop
  endfacet
  facet normal 0 0 -1
    outer loop
      vertex 75.8272 16.4728 0
      vertex 75.8272 20.5272 0
      vertex 76.0042 20.372 0
    endloop
  endfacet
  facet normal 0 0 -1
    outer loop
      vertex 75.672 16.2958 0
      vertex 75.8272 20.5272 0
      vertex 75.8272 16.4728 0
    endloop
  endfacet
  facet normal 0 0 -1
    outer loop
      vertex 75.672 16.2958 0
      vertex 75.672 20.7042 0
      vertex 75.8272 20.5272 0
    endloop
  endfacet
  facet normal 0 0 -1
    outer loop
      vertex 75.5412 16.1 0
      vertex 75.672 20.7042 0
      vertex 75.672 16.2958 0
    endloop
  endfacet
  facet normal 0 0 -1
    outer loop
      vertex 75.5412 16.1 0
      vertex 75.5412 20.9 0
      vertex 75.672 20.7042 0
    endloop
  endfacet
  facet normal 0 0 -1
    outer loop
      vertex 75.437 15.8888 0
      vertex 75.5412 20.9 0
      vertex 75.5412 16.1 0
    endloop
  endfacet
  facet normal 0 0 -1
    outer loop
      vertex 75.437 15.8888 0
      vertex 75.437 21.1112 0
      vertex 75.5412 20.9 0
    endloop
  endfacet
  facet normal 0 0 -1
    outer loop
      vertex 68.15 26.15 0
      vertex 75.437 15.8888 0
      vertex 75.3613 15.6659 0
    endloop
  endfacet
  facet normal 0 0 -1
    outer loop
      vertex 75.437 15.8888 0
      vertex 68.15 26.15 0
      vertex 75.437 21.1112 0
    endloop
  endfacet
  facet normal 0 0 -1
    outer loop
      vertex 63.1 9.75885 0
      vertex 75.3613 15.6659 0
      vertex 75.3154 15.4349 0
    endloop
  endfacet
  facet normal 0 0 -1
    outer loop
      vertex 75.437 21.1112 0
      vertex 68.15 26.15 0
      vertex 75.3613 21.3341 0
    endloop
  endfacet
  facet normal 0 0 -1
    outer loop
      vertex 63.2958 9.62804 0
      vertex 75.3154 15.4349 0
      vertex 75.3 15.2 0
    endloop
  endfacet
  facet normal 0 -0 -1
    outer loop
      vertex 68.5416 26.1757 0
      vertex 75.3613 21.3341 0
      vertex 68.15 26.15 0
    endloop
  endfacet
  facet normal 0 0 -1
    outer loop
      vertex 84.2387 8.66587 0
      vertex 91.3 3.5 0
      vertex 84.2846 8.43495 0
    endloop
  endfacet
  facet normal 0 0 -1
    outer loop
      vertex 91.3 3.5 0
      vertex 84.2846 14.5651 0
      vertex 84.3 14.8 0
    endloop
  endfacet
  facet normal 0 0 -1
    outer loop
      vertex 84.163 8.88883 0
      vertex 91.3 3.5 0
      vertex 84.2387 8.66587 0
    endloop
  endfacet
  facet normal 0 0 -1
    outer loop
      vertex 91.3 3.5 0
      vertex 84.2387 14.3341 0
      vertex 84.2846 14.5651 0
    endloop
  endfacet
  facet normal 0 0 -1
    outer loop
      vertex 84.163 14.1112 0
      vertex 91.3 3.5 0
      vertex 84.163 8.88883 0
    endloop
  endfacet
  facet normal 0 0 -1
    outer loop
      vertex 91.3 3.5 0
      vertex 84.163 14.1112 0
      vertex 84.2387 14.3341 0
    endloop
  endfacet
  facet normal 0 0 -1
    outer loop
      vertex 84.0588 9.1 0
      vertex 84.163 14.1112 0
      vertex 84.163 8.88883 0
    endloop
  endfacet
  facet normal 0 0 -1
    outer loop
      vertex 84.0588 9.1 0
      vertex 84.0588 13.9 0
      vertex 84.163 14.1112 0
    endloop
  endfacet
  facet normal 0 0 -1
    outer loop
      vertex 83.928 9.29577 0
      vertex 84.0588 13.9 0
      vertex 84.0588 9.1 0
    endloop
  endfacet
  facet normal 0 0 -1
    outer loop
      vertex 83.928 9.29577 0
      vertex 83.928 13.7042 0
      vertex 84.0588 13.9 0
    endloop
  endfacet
  facet normal 0 0 -1
    outer loop
      vertex 83.7728 9.47279 0
      vertex 83.928 13.7042 0
      vertex 83.928 9.29577 0
    endloop
  endfacet
  facet normal 0 0 -1
    outer loop
      vertex 83.7728 9.47279 0
      vertex 83.7728 13.5272 0
      vertex 83.928 13.7042 0
    endloop
  endfacet
  facet normal 0 0 -1
    outer loop
      vertex 83.5958 9.62804 0
      vertex 83.7728 13.5272 0
      vertex 83.7728 9.47279 0
    endloop
  endfacet
  facet normal 0 0 -1
    outer loop
      vertex 83.5958 9.62804 0
      vertex 83.5958 13.372 0
      vertex 83.7728 13.5272 0
    endloop
  endfacet
  facet normal 0 0 -1
    outer loop
      vertex 83.4 9.75885 0
      vertex 83.5958 13.372 0
      vertex 83.5958 9.62804 0
    endloop
  endfacet
  facet normal 0 0 -1
    outer loop
      vertex 83.4 9.75885 0
      vertex 83.4 13.2412 0
      vertex 83.5958 13.372 0
    endloop
  endfacet
  facet normal 0 0 -1
    outer loop
      vertex 83.1888 9.86298 0
      vertex 83.4 13.2412 0
      vertex 83.4 9.75885 0
    endloop
  endfacet
  facet normal 0 0 -1
    outer loop
      vertex 83.1888 9.86298 0
      vertex 83.1888 13.137 0
      vertex 83.4 13.2412 0
    endloop
  endfacet
  facet normal 0 0 -1
    outer loop
      vertex 82.9659 9.93867 0
      vertex 83.1888 13.137 0
      vertex 83.1888 9.86298 0
    endloop
  endfacet
  facet normal 0 0 -1
    outer loop
      vertex 82.9659 9.93867 0
      vertex 82.9659 13.0613 0
      vertex 83.1888 13.137 0
    endloop
  endfacet
  facet normal 0 0 -1
    outer loop
      vertex 82.7349 9.9846 0
      vertex 82.9659 13.0613 0
      vertex 82.9659 9.93867 0
    endloop
  endfacet
  facet normal 0 0 -1
    outer loop
      vertex 82.7349 9.9846 0
      vertex 82.7349 13.0154 0
      vertex 82.9659 13.0613 0
    endloop
  endfacet
  facet normal 0 0 -1
    outer loop
      vertex 82.5 10 0
      vertex 82.7349 13.0154 0
      vertex 82.7349 9.9846 0
    endloop
  endfacet
  facet normal 0 0 -1
    outer loop
      vertex 82.5 10 0
      vertex 82.5 13 0
      vertex 82.7349 13.0154 0
    endloop
  endfacet
  facet normal 0 0 -1
    outer loop
      vertex 77.1 10 0
      vertex 82.5 13 0
      vertex 82.5 10 0
    endloop
  endfacet
  facet normal 0 0 -1
    outer loop
      vertex 77.1 10 0
      vertex 77.1 13 0
      vertex 82.5 13 0
    endloop
  endfacet
  facet normal 0 0 -1
    outer loop
      vertex 76.8651 9.9846 0
      vertex 77.1 13 0
      vertex 77.1 10 0
    endloop
  endfacet
  facet normal 0 0 -1
    outer loop
      vertex 76.8651 9.9846 0
      vertex 76.8651 13.0154 0
      vertex 77.1 13 0
    endloop
  endfacet
  facet normal 0 0 -1
    outer loop
      vertex 76.6341 9.93867 0
      vertex 76.8651 13.0154 0
      vertex 76.8651 9.9846 0
    endloop
  endfacet
  facet normal 0 0 -1
    outer loop
      vertex 76.6341 9.93867 0
      vertex 76.6341 13.0613 0
      vertex 76.8651 13.0154 0
    endloop
  endfacet
  facet normal 0 0 -1
    outer loop
      vertex 76.4112 9.86298 0
      vertex 76.6341 13.0613 0
      vertex 76.6341 9.93867 0
    endloop
  endfacet
  facet normal 0 0 -1
    outer loop
      vertex 76.4112 9.86298 0
      vertex 76.4112 13.137 0
      vertex 76.6341 13.0613 0
    endloop
  endfacet
  facet normal 0 0 -1
    outer loop
      vertex 76.2 9.75885 0
      vertex 76.4112 13.137 0
      vertex 76.4112 9.86298 0
    endloop
  endfacet
  facet normal 0 0 -1
    outer loop
      vertex 76.2 9.75885 0
      vertex 76.2 13.2412 0
      vertex 76.4112 13.137 0
    endloop
  endfacet
  facet normal 0 0 -1
    outer loop
      vertex 76.0042 9.62804 0
      vertex 76.2 13.2412 0
      vertex 76.2 9.75885 0
    endloop
  endfacet
  facet normal 0 0 -1
    outer loop
      vertex 76.0042 9.62804 0
      vertex 76.0042 13.372 0
      vertex 76.2 13.2412 0
    endloop
  endfacet
  facet normal 0 0 -1
    outer loop
      vertex 75.8272 9.47279 0
      vertex 76.0042 13.372 0
      vertex 76.0042 9.62804 0
    endloop
  endfacet
  facet normal 0 0 -1
    outer loop
      vertex 75.8272 9.47279 0
      vertex 75.8272 13.5272 0
      vertex 76.0042 13.372 0
    endloop
  endfacet
  facet normal 0 0 -1
    outer loop
      vertex 75.672 9.29577 0
      vertex 75.8272 13.5272 0
      vertex 75.8272 9.47279 0
    endloop
  endfacet
  facet normal 0 0 -1
    outer loop
      vertex 75.672 9.29577 0
      vertex 75.672 13.7042 0
      vertex 75.8272 13.5272 0
    endloop
  endfacet
  facet normal 0 0 -1
    outer loop
      vertex 75.5412 9.1 0
      vertex 75.672 13.7042 0
      vertex 75.672 9.29577 0
    endloop
  endfacet
  facet normal 0 0 -1
    outer loop
      vertex 75.5412 9.1 0
      vertex 75.5412 13.9 0
      vertex 75.672 13.7042 0
    endloop
  endfacet
  facet normal 0 0 -1
    outer loop
      vertex 75.437 8.88883 0
      vertex 75.5412 13.9 0
      vertex 75.5412 9.1 0
    endloop
  endfacet
  facet normal 0 0 -1
    outer loop
      vertex 75.437 8.88883 0
      vertex 75.437 14.1112 0
      vertex 75.5412 13.9 0
    endloop
  endfacet
  facet normal 0 0 -1
    outer loop
      vertex 63.863 8.88883 0
      vertex 75.437 8.88883 0
      vertex 75.3613 8.66587 0
    endloop
  endfacet
  facet normal 0 0 -1
    outer loop
      vertex 75.437 8.88883 0
      vertex 63.863 8.88883 0
      vertex 75.437 14.1112 0
    endloop
  endfacet
  facet normal 0 0 -1
    outer loop
      vertex 63.9387 8.66587 0
      vertex 75.3613 8.66587 0
      vertex 75.3154 8.43495 0
    endloop
  endfacet
  facet normal 0 0 -1
    outer loop
      vertex 63.7588 9.1 0
      vertex 75.437 14.1112 0
      vertex 63.863 8.88883 0
    endloop
  endfacet
  facet normal 0 0 -1
    outer loop
      vertex 63.9846 8.43495 0
      vertex 75.3154 8.43495 0
      vertex 75.3 8.2 0
    endloop
  endfacet
  facet normal -0 0 -1
    outer loop
      vertex 75.437 14.1112 0
      vertex 63.7588 9.1 0
      vertex 75.3613 14.3341 0
    endloop
  endfacet
  facet normal 0 0 -1
    outer loop
      vertex 91.3 3.5 0
      vertex 84.2846 7.56505 0
      vertex 84.3 7.8 0
    endloop
  endfacet
  facet normal 0 0 -1
    outer loop
      vertex 91.3 3.5 0
      vertex 84.2387 7.33413 0
      vertex 84.2846 7.56505 0
    endloop
  endfacet
  facet normal 0 0 -1
    outer loop
      vertex 91.3 3.5 0
      vertex 84.163 7.11117 0
      vertex 84.2387 7.33413 0
    endloop
  endfacet
  facet normal 0 0 -1
    outer loop
      vertex 91.3 3.5 0
      vertex 84.0588 6.9 0
      vertex 84.163 7.11117 0
    endloop
  endfacet
  facet normal 0 0 -1
    outer loop
      vertex 91.3 3.5 0
      vertex 83.928 6.70423 0
      vertex 84.0588 6.9 0
    endloop
  endfacet
  facet normal 0 0 -1
    outer loop
      vertex 87.8 0 0
      vertex 83.7728 6.52721 0
      vertex 83.928 6.70423 0
    endloop
  endfacet
  facet normal 0 0 -1
    outer loop
      vertex 87.8 0 0
      vertex 83.5958 6.37196 0
      vertex 83.7728 6.52721 0
    endloop
  endfacet
  facet normal 0 0 -1
    outer loop
      vertex 87.8 0 0
      vertex 83.4 6.24115 0
      vertex 83.5958 6.37196 0
    endloop
  endfacet
  facet normal 0 0 -1
    outer loop
      vertex 87.8 0 0
      vertex 83.1888 6.13702 0
      vertex 83.4 6.24115 0
    endloop
  endfacet
  facet normal 0 0 -1
    outer loop
      vertex 87.8 0 0
      vertex 82.9659 6.06133 0
      vertex 83.1888 6.13702 0
    endloop
  endfacet
  facet normal 0 0 -1
    outer loop
      vertex 87.8 0 0
      vertex 82.7349 6.0154 0
      vertex 82.9659 6.06133 0
    endloop
  endfacet
  facet normal 0 0 -1
    outer loop
      vertex 87.8 0 0
      vertex 82.5 6 0
      vertex 82.7349 6.0154 0
    endloop
  endfacet
  facet normal 0 0 -1
    outer loop
      vertex 87.8 0 0
      vertex 77.1 6 0
      vertex 82.5 6 0
    endloop
  endfacet
  facet normal 0 0 -1
    outer loop
      vertex 87.8 0 0
      vertex 76.8651 6.0154 0
      vertex 77.1 6 0
    endloop
  endfacet
  facet normal 0 0 -1
    outer loop
      vertex 87.8 0 0
      vertex 76.6341 6.06133 0
      vertex 76.8651 6.0154 0
    endloop
  endfacet
  facet normal 0 0 -1
    outer loop
      vertex 62.6659 6.06133 0
      vertex 76.6341 6.06133 0
      vertex 87.8 0 0
    endloop
  endfacet
  facet normal 0 0 -1
    outer loop
      vertex 76.6341 6.06133 0
      vertex 62.6659 6.06133 0
      vertex 76.4112 6.13702 0
    endloop
  endfacet
  facet normal 0 0 -1
    outer loop
      vertex 64 8.2 0
      vertex 75.3 8.2 0
      vertex 75.3 7.8 0
    endloop
  endfacet
  facet normal 0 0 -1
    outer loop
      vertex 63.628 9.29577 0
      vertex 75.3613 14.3341 0
      vertex 63.7588 9.1 0
    endloop
  endfacet
  facet normal -0 0 -1
    outer loop
      vertex 75.3613 14.3341 0
      vertex 63.628 9.29577 0
      vertex 75.3154 14.5651 0
    endloop
  endfacet
  facet normal -0 0 -1
    outer loop
      vertex 75.3 14.8 0
      vertex 63.4728 9.47279 0
      vertex 75.3 15.2 0
    endloop
  endfacet
  facet normal 0 0 -1
    outer loop
      vertex 63.2958 9.62804 0
      vertex 75.3 15.2 0
      vertex 63.4728 9.47279 0
    endloop
  endfacet
  facet normal 0 0 -1
    outer loop
      vertex 75.437 22.8888 0
      vertex 69.9763 26.7699 0
      vertex 70.2713 27.0287 0
    endloop
  endfacet
  facet normal 0 0 -1
    outer loop
      vertex 75.5412 23.1 0
      vertex 70.2713 27.0287 0
      vertex 70.5301 27.3237 0
    endloop
  endfacet
  facet normal 0 0 -1
    outer loop
      vertex 64 7.8 0
      vertex 75.3 7.8 0
      vertex 75.3154 7.56505 0
    endloop
  endfacet
  facet normal 0 0 -1
    outer loop
      vertex 75.3 28.8 0
      vertex 71.15 29.15 0
      vertex 75.3 29.2 0
    endloop
  endfacet
  facet normal 0 -0 -1
    outer loop
      vertex 71.15 29.15 0
      vertex 75.3 28.8 0
      vertex 71.1243 28.7584 0
    endloop
  endfacet
  facet normal 0 0 -1
    outer loop
      vertex 63.9846 7.56505 0
      vertex 75.3154 7.56505 0
      vertex 75.3613 7.33413 0
    endloop
  endfacet
  facet normal 0 0 -1
    outer loop
      vertex 75.3154 28.5651 0
      vertex 71.1243 28.7584 0
      vertex 75.3 28.8 0
    endloop
  endfacet
  facet normal 0 -0 -1
    outer loop
      vertex 71.1243 28.7584 0
      vertex 75.3154 28.5651 0
      vertex 71.0478 28.3735 0
    endloop
  endfacet
  facet normal 0 0 -1
    outer loop
      vertex 75.3613 28.3341 0
      vertex 71.0478 28.3735 0
      vertex 75.3154 28.5651 0
    endloop
  endfacet
  facet normal 0 0 -1
    outer loop
      vertex 75.437 28.1112 0
      vertex 71.0478 28.3735 0
      vertex 75.3613 28.3341 0
    endloop
  endfacet
  facet normal 0 -0 -1
    outer loop
      vertex 71.0478 28.3735 0
      vertex 75.437 28.1112 0
      vertex 70.9216 28.0019 0
    endloop
  endfacet
  facet normal 0 0 -1
    outer loop
      vertex 75.3613 22.6659 0
      vertex 69.65 26.5519 0
      vertex 69.9763 26.7699 0
    endloop
  endfacet
  facet normal 0 0 -1
    outer loop
      vertex 75.3154 22.4349 0
      vertex 69.298 26.3784 0
      vertex 69.65 26.5519 0
    endloop
  endfacet
  facet normal 0 0 -1
    outer loop
      vertex 75.3 21.8 0
      vertex 69.298 26.3784 0
      vertex 75.3 22.2 0
    endloop
  endfacet
  facet normal 0 0 -1
    outer loop
      vertex 63.9387 7.33413 0
      vertex 75.3613 7.33413 0
      vertex 75.437 7.11117 0
    endloop
  endfacet
  facet normal -0 0 -1
    outer loop
      vertex 75.3613 15.6659 0
      vertex 63.1 9.75885 0
      vertex 68.15 26.15 0
    endloop
  endfacet
  facet normal 0 -0 -1
    outer loop
      vertex 69.298 26.3784 0
      vertex 75.3 21.8 0
      vertex 68.9265 26.2522 0
    endloop
  endfacet
  facet normal 0 0 -1
    outer loop
      vertex 75.3 7.8 0
      vertex 64 7.8 0
      vertex 64 8.2 0
    endloop
  endfacet
  facet normal 0 0 -1
    outer loop
      vertex 63.863 7.11117 0
      vertex 75.437 7.11117 0
      vertex 75.5412 6.9 0
    endloop
  endfacet
  facet normal 0 0 -1
    outer loop
      vertex 63.7588 6.9 0
      vertex 75.5412 6.9 0
      vertex 75.672 6.70423 0
    endloop
  endfacet
  facet normal 0 0 -1
    outer loop
      vertex 63.628 6.70423 0
      vertex 75.672 6.70423 0
      vertex 75.8272 6.52721 0
    endloop
  endfacet
  facet normal 0 0 -1
    outer loop
      vertex 63.4728 6.52721 0
      vertex 75.8272 6.52721 0
      vertex 76.0042 6.37196 0
    endloop
  endfacet
  facet normal 0 0 -1
    outer loop
      vertex 63.2958 6.37196 0
      vertex 76.0042 6.37196 0
      vertex 76.2 6.24115 0
    endloop
  endfacet
  facet normal 0 -0 -1
    outer loop
      vertex 62.8888 6.13702 0
      vertex 76.4112 6.13702 0
      vertex 62.6659 6.06133 0
    endloop
  endfacet
  facet normal 0 0 -1
    outer loop
      vertex 75.3154 7.56505 0
      vertex 63.9846 7.56505 0
      vertex 64 7.8 0
    endloop
  endfacet
  facet normal 0 0 -1
    outer loop
      vertex 75.3613 7.33413 0
      vertex 63.9387 7.33413 0
      vertex 63.9846 7.56505 0
    endloop
  endfacet
  facet normal 0 0 -1
    outer loop
      vertex 75.437 7.11117 0
      vertex 63.863 7.11117 0
      vertex 63.9387 7.33413 0
    endloop
  endfacet
  facet normal 0 0 -1
    outer loop
      vertex 75.5412 6.9 0
      vertex 63.7588 6.9 0
      vertex 63.863 7.11117 0
    endloop
  endfacet
  facet normal 0 0 -1
    outer loop
      vertex 75.672 6.70423 0
      vertex 63.628 6.70423 0
      vertex 63.7588 6.9 0
    endloop
  endfacet
  facet normal 0 0 -1
    outer loop
      vertex 75.8272 6.52721 0
      vertex 63.4728 6.52721 0
      vertex 63.628 6.70423 0
    endloop
  endfacet
  facet normal 0 0 -1
    outer loop
      vertex 76.0042 6.37196 0
      vertex 63.2958 6.37196 0
      vertex 63.4728 6.52721 0
    endloop
  endfacet
  facet normal 0 0 -1
    outer loop
      vertex 76.2 6.24115 0
      vertex 63.1 6.24115 0
      vertex 63.2958 6.37196 0
    endloop
  endfacet
  facet normal -0 0 -1
    outer loop
      vertex 76.2 6.24115 0
      vertex 62.8888 6.13702 0
      vertex 63.1 6.24115 0
    endloop
  endfacet
  facet normal 0 0 -1
    outer loop
      vertex 76.4112 6.13702 0
      vertex 62.8888 6.13702 0
      vertex 76.2 6.24115 0
    endloop
  endfacet
  facet normal 0 0 -1
    outer loop
      vertex 87.8 0 0
      vertex 62.4349 6.0154 0
      vertex 62.6659 6.06133 0
    endloop
  endfacet
  facet normal 0 0 -1
    outer loop
      vertex 87.8 0 0
      vertex 62.2 6 0
      vertex 62.4349 6.0154 0
    endloop
  endfacet
  facet normal 0 0 -1
    outer loop
      vertex 87.8 0 0
      vertex 57.8 6 0
      vertex 62.2 6 0
    endloop
  endfacet
  facet normal 0 0 -1
    outer loop
      vertex 50.2 6 0
      vertex 57.8 6 0
      vertex 87.8 0 0
    endloop
  endfacet
  facet normal 0 0 -1
    outer loop
      vertex 57.8 6 0
      vertex 50.2 6 0
      vertex 57.5651 6.0154 0
    endloop
  endfacet
  facet normal 0 0 -1
    outer loop
      vertex 56 7.8 0
      vertex 52 7.8 0
      vertex 56 8.2 0
    endloop
  endfacet
  facet normal 0 0 -1
    outer loop
      vertex 56.0154 7.56505 0
      vertex 52 7.8 0
      vertex 56 7.8 0
    endloop
  endfacet
  facet normal 0 0 -1
    outer loop
      vertex 51.9846 7.56505 0
      vertex 56.0154 7.56505 0
      vertex 56.0613 7.33413 0
    endloop
  endfacet
  facet normal 0 0 -1
    outer loop
      vertex 51.9387 7.33413 0
      vertex 56.0613 7.33413 0
      vertex 56.137 7.11117 0
    endloop
  endfacet
  facet normal 0 0 -1
    outer loop
      vertex 51.863 7.11117 0
      vertex 56.137 7.11117 0
      vertex 56.2412 6.9 0
    endloop
  endfacet
  facet normal 0 0 -1
    outer loop
      vertex 51.7588 6.9 0
      vertex 56.2412 6.9 0
      vertex 56.372 6.70423 0
    endloop
  endfacet
  facet normal 0 0 -1
    outer loop
      vertex 51.628 6.70423 0
      vertex 56.372 6.70423 0
      vertex 56.5272 6.52721 0
    endloop
  endfacet
  facet normal 0 0 -1
    outer loop
      vertex 51.4728 6.52721 0
      vertex 56.5272 6.52721 0
      vertex 56.7042 6.37196 0
    endloop
  endfacet
  facet normal 0 0 -1
    outer loop
      vertex 51.2958 6.37196 0
      vertex 56.7042 6.37196 0
      vertex 56.9 6.24115 0
    endloop
  endfacet
  facet normal 0 0 -1
    outer loop
      vertex 51.1 6.24115 0
      vertex 56.9 6.24115 0
      vertex 57.1112 6.13702 0
    endloop
  endfacet
  facet normal 0 0 -1
    outer loop
      vertex 50.8888 6.13702 0
      vertex 57.1112 6.13702 0
      vertex 57.3341 6.06133 0
    endloop
  endfacet
  facet normal 0 0 -1
    outer loop
      vertex 56.0154 7.56505 0
      vertex 51.9846 7.56505 0
      vertex 52 7.8 0
    endloop
  endfacet
  facet normal 0 0 -1
    outer loop
      vertex 56.0613 7.33413 0
      vertex 51.9387 7.33413 0
      vertex 51.9846 7.56505 0
    endloop
  endfacet
  facet normal 0 0 -1
    outer loop
      vertex 56.137 7.11117 0
      vertex 51.863 7.11117 0
      vertex 51.9387 7.33413 0
    endloop
  endfacet
  facet normal 0 -0 -1
    outer loop
      vertex 50.4349 6.0154 0
      vertex 57.5651 6.0154 0
      vertex 50.2 6 0
    endloop
  endfacet
  facet normal 0 0 -1
    outer loop
      vertex 56.2412 6.9 0
      vertex 51.7588 6.9 0
      vertex 51.863 7.11117 0
    endloop
  endfacet
  facet normal 0 0 -1
    outer loop
      vertex 56.372 6.70423 0
      vertex 51.628 6.70423 0
      vertex 51.7588 6.9 0
    endloop
  endfacet
  facet normal 0 0 -1
    outer loop
      vertex 56.5272 6.52721 0
      vertex 51.4728 6.52721 0
      vertex 51.628 6.70423 0
    endloop
  endfacet
  facet normal 0 0 -1
    outer loop
      vertex 56.7042 6.37196 0
      vertex 51.2958 6.37196 0
      vertex 51.4728 6.52721 0
    endloop
  endfacet
  facet normal 0 0 -1
    outer loop
      vertex 56.9 6.24115 0
      vertex 51.1 6.24115 0
      vertex 51.2958 6.37196 0
    endloop
  endfacet
  facet normal 0 0 -1
    outer loop
      vertex 57.1112 6.13702 0
      vertex 50.8888 6.13702 0
      vertex 51.1 6.24115 0
    endloop
  endfacet
  facet normal 0 0 -1
    outer loop
      vertex 57.3341 6.06133 0
      vertex 50.6659 6.06133 0
      vertex 50.8888 6.13702 0
    endloop
  endfacet
  facet normal -0 0 -1
    outer loop
      vertex 57.3341 6.06133 0
      vertex 50.4349 6.0154 0
      vertex 50.6659 6.06133 0
    endloop
  endfacet
  facet normal 0 0 -1
    outer loop
      vertex 57.5651 6.0154 0
      vertex 50.4349 6.0154 0
      vertex 57.3341 6.06133 0
    endloop
  endfacet
  facet normal 0 0 -1
    outer loop
      vertex 87.8 0 0
      vertex 45.8 6 0
      vertex 50.2 6 0
    endloop
  endfacet
  facet normal 0 0 -1
    outer loop
      vertex 3.5 0 0
      vertex 45.8 6 0
      vertex 87.8 0 0
    endloop
  endfacet
  facet normal 0 0 -1
    outer loop
      vertex 44 7.8 0
      vertex 40 7.8 0
      vertex 44 8.2 0
    endloop
  endfacet
  facet normal 0 0 -1
    outer loop
      vertex 44.0154 7.56505 0
      vertex 40 7.8 0
      vertex 44 7.8 0
    endloop
  endfacet
  facet normal 0 0 -1
    outer loop
      vertex 39.9846 7.56505 0
      vertex 44.0154 7.56505 0
      vertex 44.0613 7.33413 0
    endloop
  endfacet
  facet normal 0 0 -1
    outer loop
      vertex 39.9387 7.33413 0
      vertex 44.0613 7.33413 0
      vertex 44.137 7.11117 0
    endloop
  endfacet
  facet normal 0 0 -1
    outer loop
      vertex 39.863 7.11117 0
      vertex 44.137 7.11117 0
      vertex 44.2412 6.9 0
    endloop
  endfacet
  facet normal 0 0 -1
    outer loop
      vertex 39.7588 6.9 0
      vertex 44.2412 6.9 0
      vertex 44.372 6.70423 0
    endloop
  endfacet
  facet normal 0 0 -1
    outer loop
      vertex 39.628 6.70423 0
      vertex 44.372 6.70423 0
      vertex 44.5272 6.52721 0
    endloop
  endfacet
  facet normal 0 0 -1
    outer loop
      vertex 39.4728 6.52721 0
      vertex 44.5272 6.52721 0
      vertex 44.7042 6.37196 0
    endloop
  endfacet
  facet normal 0 0 -1
    outer loop
      vertex 39.2958 6.37196 0
      vertex 44.7042 6.37196 0
      vertex 44.9 6.24115 0
    endloop
  endfacet
  facet normal 0 0 -1
    outer loop
      vertex 39.1 6.24115 0
      vertex 44.9 6.24115 0
      vertex 45.1112 6.13702 0
    endloop
  endfacet
  facet normal 0 0 -1
    outer loop
      vertex 38.8888 6.13702 0
      vertex 45.1112 6.13702 0
      vertex 45.3341 6.06133 0
    endloop
  endfacet
  facet normal 0 0 -1
    outer loop
      vertex 44.0154 7.56505 0
      vertex 39.9846 7.56505 0
      vertex 40 7.8 0
    endloop
  endfacet
  facet normal 0 0 -1
    outer loop
      vertex 44.0613 7.33413 0
      vertex 39.9387 7.33413 0
      vertex 39.9846 7.56505 0
    endloop
  endfacet
  facet normal 0 0 -1
    outer loop
      vertex 44.137 7.11117 0
      vertex 39.863 7.11117 0
      vertex 39.9387 7.33413 0
    endloop
  endfacet
  facet normal 0 0 -1
    outer loop
      vertex 38.6659 6.06133 0
      vertex 45.3341 6.06133 0
      vertex 45.5651 6.0154 0
    endloop
  endfacet
  facet normal 0 0 -1
    outer loop
      vertex 44.2412 6.9 0
      vertex 39.7588 6.9 0
      vertex 39.863 7.11117 0
    endloop
  endfacet
  facet normal 0 0 -1
    outer loop
      vertex 44.372 6.70423 0
      vertex 39.628 6.70423 0
      vertex 39.7588 6.9 0
    endloop
  endfacet
  facet normal 0 -0 -1
    outer loop
      vertex 38.2 6 0
      vertex 45.8 6 0
      vertex 3.5 0 0
    endloop
  endfacet
  facet normal 0 0 -1
    outer loop
      vertex 44.5272 6.52721 0
      vertex 39.4728 6.52721 0
      vertex 39.628 6.70423 0
    endloop
  endfacet
  facet normal 0 0 -1
    outer loop
      vertex 44.7042 6.37196 0
      vertex 39.2958 6.37196 0
      vertex 39.4728 6.52721 0
    endloop
  endfacet
  facet normal 0 0 -1
    outer loop
      vertex 44.9 6.24115 0
      vertex 39.1 6.24115 0
      vertex 39.2958 6.37196 0
    endloop
  endfacet
  facet normal 0 0 -1
    outer loop
      vertex 45.1112 6.13702 0
      vertex 38.8888 6.13702 0
      vertex 39.1 6.24115 0
    endloop
  endfacet
  facet normal 0 0 -1
    outer loop
      vertex 45.3341 6.06133 0
      vertex 38.6659 6.06133 0
      vertex 38.8888 6.13702 0
    endloop
  endfacet
  facet normal 0 0 -1
    outer loop
      vertex 45.5651 6.0154 0
      vertex 38.4349 6.0154 0
      vertex 38.6659 6.06133 0
    endloop
  endfacet
  facet normal -0 0 -1
    outer loop
      vertex 45.5651 6.0154 0
      vertex 38.2 6 0
      vertex 38.4349 6.0154 0
    endloop
  endfacet
  facet normal 0 0 -1
    outer loop
      vertex 45.8 6 0
      vertex 38.2 6 0
      vertex 45.5651 6.0154 0
    endloop
  endfacet
  facet normal -0 0 -1
    outer loop
      vertex 38.2 6 0
      vertex 3.5 0 0
      vertex 33.8 6 0
    endloop
  endfacet
  facet normal 0 0 -1
    outer loop
      vertex 32 7.8 0
      vertex 28 7.8 0
      vertex 32 8.2 0
    endloop
  endfacet
  facet normal 0 0 -1
    outer loop
      vertex 32.0154 7.56505 0
      vertex 28 7.8 0
      vertex 32 7.8 0
    endloop
  endfacet
  facet normal 0 0 -1
    outer loop
      vertex 27.9846 7.56505 0
      vertex 32.0154 7.56505 0
      vertex 32.0613 7.33413 0
    endloop
  endfacet
  facet normal 0 0 -1
    outer loop
      vertex 27.9387 7.33413 0
      vertex 32.0613 7.33413 0
      vertex 32.137 7.11117 0
    endloop
  endfacet
  facet normal 0 0 -1
    outer loop
      vertex 27.863 7.11117 0
      vertex 32.137 7.11117 0
      vertex 32.2412 6.9 0
    endloop
  endfacet
  facet normal 0 0 -1
    outer loop
      vertex 27.7588 6.9 0
      vertex 32.2412 6.9 0
      vertex 32.372 6.70423 0
    endloop
  endfacet
  facet normal 0 0 -1
    outer loop
      vertex 27.628 6.70423 0
      vertex 32.372 6.70423 0
      vertex 32.5272 6.52721 0
    endloop
  endfacet
  facet normal 0 0 -1
    outer loop
      vertex 27.4728 6.52721 0
      vertex 32.5272 6.52721 0
      vertex 32.7042 6.37196 0
    endloop
  endfacet
  facet normal 0 0 -1
    outer loop
      vertex 27.2958 6.37196 0
      vertex 32.7042 6.37196 0
      vertex 32.9 6.24115 0
    endloop
  endfacet
  facet normal 0 0 -1
    outer loop
      vertex 27.1 6.24115 0
      vertex 32.9 6.24115 0
      vertex 33.1112 6.13702 0
    endloop
  endfacet
  facet normal 0 0 -1
    outer loop
      vertex 26.8888 6.13702 0
      vertex 33.1112 6.13702 0
      vertex 33.3341 6.06133 0
    endloop
  endfacet
  facet normal 0 0 -1
    outer loop
      vertex 32.0154 7.56505 0
      vertex 27.9846 7.56505 0
      vertex 28 7.8 0
    endloop
  endfacet
  facet normal 0 0 -1
    outer loop
      vertex 32.0613 7.33413 0
      vertex 27.9387 7.33413 0
      vertex 27.9846 7.56505 0
    endloop
  endfacet
  facet normal 0 0 -1
    outer loop
      vertex 32.137 7.11117 0
      vertex 27.863 7.11117 0
      vertex 27.9387 7.33413 0
    endloop
  endfacet
  facet normal 0 0 -1
    outer loop
      vertex 26.6659 6.06133 0
      vertex 33.3341 6.06133 0
      vertex 33.5651 6.0154 0
    endloop
  endfacet
  facet normal 0 0 -1
    outer loop
      vertex 32.2412 6.9 0
      vertex 27.7588 6.9 0
      vertex 27.863 7.11117 0
    endloop
  endfacet
  facet normal 0 0 -1
    outer loop
      vertex 32.372 6.70423 0
      vertex 27.628 6.70423 0
      vertex 27.7588 6.9 0
    endloop
  endfacet
  facet normal 0 0 -1
    outer loop
      vertex 32.5272 6.52721 0
      vertex 27.4728 6.52721 0
      vertex 27.628 6.70423 0
    endloop
  endfacet
  facet normal -0 0 -1
    outer loop
      vertex 33.8 6 0
      vertex 3.5 0 0
      vertex 33.5651 6.0154 0
    endloop
  endfacet
  facet normal 0 0 -1
    outer loop
      vertex 32.7042 6.37196 0
      vertex 27.2958 6.37196 0
      vertex 27.4728 6.52721 0
    endloop
  endfacet
  facet normal 0 0 -1
    outer loop
      vertex 32.9 6.24115 0
      vertex 27.1 6.24115 0
      vertex 27.2958 6.37196 0
    endloop
  endfacet
  facet normal 0 0 -1
    outer loop
      vertex 33.1112 6.13702 0
      vertex 26.8888 6.13702 0
      vertex 27.1 6.24115 0
    endloop
  endfacet
  facet normal 0 0 -1
    outer loop
      vertex 33.3341 6.06133 0
      vertex 26.6659 6.06133 0
      vertex 26.8888 6.13702 0
    endloop
  endfacet
  facet normal 0 0 -1
    outer loop
      vertex 33.5651 6.0154 0
      vertex 26.4349 6.0154 0
      vertex 26.6659 6.06133 0
    endloop
  endfacet
  facet normal -0 0 -1
    outer loop
      vertex 33.5651 6.0154 0
      vertex 3.5 0 0
      vertex 26.4349 6.0154 0
    endloop
  endfacet
  facet normal 0 0 -1
    outer loop
      vertex 26.4349 6.0154 0
      vertex 3.5 0 0
      vertex 26.2 6 0
    endloop
  endfacet
  facet normal -0 0 -1
    outer loop
      vertex 26.2 6 0
      vertex 3.5 0 0
      vertex 21.8 6 0
    endloop
  endfacet
  facet normal 0 0 -1
    outer loop
      vertex 20 7.8 0
      vertex 16 7.8 0
      vertex 20 8.2 0
    endloop
  endfacet
  facet normal 0 0 -1
    outer loop
      vertex 20.0154 7.56505 0
      vertex 16 7.8 0
      vertex 20 7.8 0
    endloop
  endfacet
  facet normal 0 0 -1
    outer loop
      vertex 15.9846 7.56505 0
      vertex 20.0154 7.56505 0
      vertex 20.0613 7.33413 0
    endloop
  endfacet
  facet normal 0 0 -1
    outer loop
      vertex 15.9387 7.33413 0
      vertex 20.0613 7.33413 0
      vertex 20.137 7.11117 0
    endloop
  endfacet
  facet normal 0 0 -1
    outer loop
      vertex 15.863 7.11117 0
      vertex 20.137 7.11117 0
      vertex 20.2412 6.9 0
    endloop
  endfacet
  facet normal 0 0 -1
    outer loop
      vertex 15.7588 6.9 0
      vertex 20.2412 6.9 0
      vertex 20.372 6.70423 0
    endloop
  endfacet
  facet normal 0 0 -1
    outer loop
      vertex 15.628 6.70423 0
      vertex 20.372 6.70423 0
      vertex 20.5272 6.52721 0
    endloop
  endfacet
  facet normal 0 0 -1
    outer loop
      vertex 15.4728 6.52721 0
      vertex 20.5272 6.52721 0
      vertex 20.7042 6.37196 0
    endloop
  endfacet
  facet normal 0 0 -1
    outer loop
      vertex 15.2958 6.37196 0
      vertex 20.7042 6.37196 0
      vertex 20.9 6.24115 0
    endloop
  endfacet
  facet normal 0 0 -1
    outer loop
      vertex 15.1 6.24115 0
      vertex 20.9 6.24115 0
      vertex 21.1112 6.13702 0
    endloop
  endfacet
  facet normal 0 0 -1
    outer loop
      vertex 14.8888 6.13702 0
      vertex 21.1112 6.13702 0
      vertex 21.3341 6.06133 0
    endloop
  endfacet
  facet normal 0 0 -1
    outer loop
      vertex 20.0154 7.56505 0
      vertex 15.9846 7.56505 0
      vertex 16 7.8 0
    endloop
  endfacet
  facet normal 0 0 -1
    outer loop
      vertex 20.0613 7.33413 0
      vertex 15.9387 7.33413 0
      vertex 15.9846 7.56505 0
    endloop
  endfacet
  facet normal 0 0 -1
    outer loop
      vertex 20.137 7.11117 0
      vertex 15.863 7.11117 0
      vertex 15.9387 7.33413 0
    endloop
  endfacet
  facet normal 0 0 -1
    outer loop
      vertex 14.6659 6.06133 0
      vertex 21.3341 6.06133 0
      vertex 21.5651 6.0154 0
    endloop
  endfacet
  facet normal 0 0 -1
    outer loop
      vertex 20.2412 6.9 0
      vertex 15.7588 6.9 0
      vertex 15.863 7.11117 0
    endloop
  endfacet
  facet normal 0 0 -1
    outer loop
      vertex 20.372 6.70423 0
      vertex 15.628 6.70423 0
      vertex 15.7588 6.9 0
    endloop
  endfacet
  facet normal 0 0 -1
    outer loop
      vertex 20.5272 6.52721 0
      vertex 15.4728 6.52721 0
      vertex 15.628 6.70423 0
    endloop
  endfacet
  facet normal -0 0 -1
    outer loop
      vertex 21.8 6 0
      vertex 3.5 0 0
      vertex 21.5651 6.0154 0
    endloop
  endfacet
  facet normal 0 0 -1
    outer loop
      vertex 20.7042 6.37196 0
      vertex 15.2958 6.37196 0
      vertex 15.4728 6.52721 0
    endloop
  endfacet
  facet normal 0 0 -1
    outer loop
      vertex 20.9 6.24115 0
      vertex 15.1 6.24115 0
      vertex 15.2958 6.37196 0
    endloop
  endfacet
  facet normal 0 0 -1
    outer loop
      vertex 21.1112 6.13702 0
      vertex 14.8888 6.13702 0
      vertex 15.1 6.24115 0
    endloop
  endfacet
  facet normal 0 -0 -1
    outer loop
      vertex 14.4349 6.0154 0
      vertex 21.5651 6.0154 0
      vertex 3.5 0 0
    endloop
  endfacet
  facet normal 0 0 -1
    outer loop
      vertex 21.3341 6.06133 0
      vertex 14.6659 6.06133 0
      vertex 14.8888 6.13702 0
    endloop
  endfacet
  facet normal 0 0 -1
    outer loop
      vertex 21.5651 6.0154 0
      vertex 14.4349 6.0154 0
      vertex 14.6659 6.06133 0
    endloop
  endfacet
  facet normal 0 0 -1
    outer loop
      vertex 14.4349 6.0154 0
      vertex 3.5 0 0
      vertex 14.2 6 0
    endloop
  endfacet
  facet normal 0 -0 -1
    outer loop
      vertex 5.65 2.65 0
      vertex 14.2 6 0
      vertex 3.5 0 0
    endloop
  endfacet
  facet normal -0 0 -1
    outer loop
      vertex 8 7.8 0
      vertex 5.65 2.65 0
      vertex 8 8.2 0
    endloop
  endfacet
  facet normal -0 0 -1
    outer loop
      vertex 8.0154 7.56505 0
      vertex 5.65 2.65 0
      vertex 8 7.8 0
    endloop
  endfacet
  facet normal -0 0 -1
    outer loop
      vertex 8.06133 7.33413 0
      vertex 5.65 2.65 0
      vertex 8.0154 7.56505 0
    endloop
  endfacet
  facet normal -0 0 -1
    outer loop
      vertex 8.13702 7.11117 0
      vertex 5.65 2.65 0
      vertex 8.06133 7.33413 0
    endloop
  endfacet
  facet normal -0 0 -1
    outer loop
      vertex 8.24115 6.9 0
      vertex 5.65 2.65 0
      vertex 8.13702 7.11117 0
    endloop
  endfacet
  facet normal -0 0 -1
    outer loop
      vertex 8.37196 6.70423 0
      vertex 5.65 2.65 0
      vertex 8.24115 6.9 0
    endloop
  endfacet
  facet normal -0 0 -1
    outer loop
      vertex 8.52721 6.52721 0
      vertex 5.65 2.65 0
      vertex 8.37196 6.70423 0
    endloop
  endfacet
  facet normal -0 0 -1
    outer loop
      vertex 8.70423 6.37196 0
      vertex 5.65 2.65 0
      vertex 8.52721 6.52721 0
    endloop
  endfacet
  facet normal -0 0 -1
    outer loop
      vertex 8.9 6.24115 0
      vertex 5.65 2.65 0
      vertex 8.70423 6.37196 0
    endloop
  endfacet
  facet normal -0 0 -1
    outer loop
      vertex 9.11117 6.13702 0
      vertex 5.65 2.65 0
      vertex 8.9 6.24115 0
    endloop
  endfacet
  facet normal -0 0 -1
    outer loop
      vertex 9.33413 6.06133 0
      vertex 5.65 2.65 0
      vertex 9.11117 6.13702 0
    endloop
  endfacet
  facet normal -0 0 -1
    outer loop
      vertex 9.56505 6.0154 0
      vertex 5.65 2.65 0
      vertex 9.33413 6.06133 0
    endloop
  endfacet
  facet normal -0 0 -1
    outer loop
      vertex 14.2 6 0
      vertex 5.65 2.65 0
      vertex 9.8 6 0
    endloop
  endfacet
  facet normal -0 0 -1
    outer loop
      vertex 9.8 6 0
      vertex 5.65 2.65 0
      vertex 9.56505 6.0154 0
    endloop
  endfacet
  facet normal 0 0 -1
    outer loop
      vertex 2.65 2.65 0
      vertex 3.5 0 0
      vertex 3.04316 0.0299425 0
    endloop
  endfacet
  facet normal 0 0 -1
    outer loop
      vertex 3.5 0 0
      vertex 2.65 2.65 0
      vertex 5.65 2.65 0
    endloop
  endfacet
  facet normal 0 0 -1
    outer loop
      vertex 0 3.5 0
      vertex 2.65 26.5519 0
      vertex 2.65 2.65 0
    endloop
  endfacet
  facet normal 0 0 -1
    outer loop
      vertex 2.59413 0.119259 0
      vertex 2.65 2.65 0
      vertex 3.04316 0.0299425 0
    endloop
  endfacet
  facet normal 0 0 -1
    outer loop
      vertex 2.16061 0.266421 0
      vertex 2.65 2.65 0
      vertex 2.59413 0.119259 0
    endloop
  endfacet
  facet normal 0 0 -1
    outer loop
      vertex 1.75 0.46891 0
      vertex 2.65 2.65 0
      vertex 2.16061 0.266421 0
    endloop
  endfacet
  facet normal -0 0 -1
    outer loop
      vertex 2.65 26.5519 0
      vertex 0 3.5 0
      vertex 2.32372 26.7699 0
    endloop
  endfacet
  facet normal -0 0 -1
    outer loop
      vertex 2.32372 26.7699 0
      vertex 0 3.5 0
      vertex 2.02868 27.0287 0
    endloop
  endfacet
  facet normal 0 0 -1
    outer loop
      vertex 1.36933 0.723263 0
      vertex 2.65 2.65 0
      vertex 1.75 0.46891 0
    endloop
  endfacet
  facet normal -0 0 -1
    outer loop
      vertex 2.02868 27.0287 0
      vertex 0 3.5 0
      vertex 1.76994 27.3237 0
    endloop
  endfacet
  facet normal -0 0 -1
    outer loop
      vertex 1.76994 27.3237 0
      vertex 0 3.5 0
      vertex 1.55192 27.65 0
    endloop
  endfacet
  facet normal 0 0 -1
    outer loop
      vertex 1.02513 1.02513 0
      vertex 2.65 2.65 0
      vertex 1.36933 0.723263 0
    endloop
  endfacet
  facet normal -0 0 -1
    outer loop
      vertex 1.55192 27.65 0
      vertex 0 3.5 0
      vertex 1.37836 28.0019 0
    endloop
  endfacet
  facet normal -0 0 -1
    outer loop
      vertex 1.37836 28.0019 0
      vertex 0 3.5 0
      vertex 1.25222 28.3735 0
    endloop
  endfacet
  facet normal -0 0 -1
    outer loop
      vertex 1.25222 28.3735 0
      vertex 0 3.5 0
      vertex 1.17566 28.7584 0
    endloop
  endfacet
  facet normal -0 0 -1
    outer loop
      vertex 1.17566 28.7584 0
      vertex 0 3.5 0
      vertex 1.15 29.15 0
    endloop
  endfacet
  facet normal 0 0 -1
    outer loop
      vertex 0.723263 1.36933 0
      vertex 2.65 2.65 0
      vertex 1.02513 1.02513 0
    endloop
  endfacet
  facet normal 0 0 -1
    outer loop
      vertex 87.8 0 0
      vertex 91.3 3.5 0
      vertex 91.2701 3.04316 0
    endloop
  endfacet
  facet normal 0 0 -1
    outer loop
      vertex 91.3 3.5 0
      vertex 84.3 29.2 0
      vertex 91.3 58.8 0
    endloop
  endfacet
  facet normal 0 0 -1
    outer loop
      vertex 87.8 0 0
      vertex 91.2701 3.04316 0
      vertex 91.1807 2.59413 0
    endloop
  endfacet
  facet normal 0 0 -1
    outer loop
      vertex 84.2846 29.4349 0
      vertex 91.3 58.8 0
      vertex 84.3 29.2 0
    endloop
  endfacet
  facet normal 0 0 -1
    outer loop
      vertex 87.8 0 0
      vertex 91.1807 2.59413 0
      vertex 91.0336 2.16061 0
    endloop
  endfacet
  facet normal 0 0 -1
    outer loop
      vertex 84.2387 29.6659 0
      vertex 91.3 58.8 0
      vertex 84.2846 29.4349 0
    endloop
  endfacet
  facet normal 0 0 -1
    outer loop
      vertex 87.8 0 0
      vertex 91.0336 2.16061 0
      vertex 90.8311 1.75 0
    endloop
  endfacet
  facet normal 0 0 -1
    outer loop
      vertex 84.163 29.8888 0
      vertex 91.3 58.8 0
      vertex 84.2387 29.6659 0
    endloop
  endfacet
  facet normal 0 0 -1
    outer loop
      vertex 87.8 0 0
      vertex 90.8311 1.75 0
      vertex 90.5767 1.36933 0
    endloop
  endfacet
  facet normal 0 0 -1
    outer loop
      vertex 84.0588 30.1 0
      vertex 91.3 58.8 0
      vertex 84.163 29.8888 0
    endloop
  endfacet
  facet normal 0 0 -1
    outer loop
      vertex 87.8 0 0
      vertex 90.5767 1.36933 0
      vertex 90.2749 1.02513 0
    endloop
  endfacet
  facet normal 0 0 -1
    outer loop
      vertex 91.3 58.8 0
      vertex 88.65 59.65 0
      vertex 91.2701 59.2568 0
    endloop
  endfacet
  facet normal 0 0 -1
    outer loop
      vertex 87.8 0 0
      vertex 90.2749 1.02513 0
      vertex 89.9307 0.723263 0
    endloop
  endfacet
  facet normal -0 0 -1
    outer loop
      vertex 90.8311 60.55 0
      vertex 88.65 59.65 0
      vertex 90.5767 60.9307 0
    endloop
  endfacet
  facet normal 0 0 -1
    outer loop
      vertex 87.8 0 0
      vertex 89.9307 0.723263 0
      vertex 89.55 0.46891 0
    endloop
  endfacet
  facet normal -0 0 -1
    outer loop
      vertex 90.5767 60.9307 0
      vertex 88.65 59.65 0
      vertex 90.2749 61.2749 0
    endloop
  endfacet
  facet normal 0 0 -1
    outer loop
      vertex 87.8 0 0
      vertex 89.55 0.46891 0
      vertex 89.1394 0.266421 0
    endloop
  endfacet
  facet normal -0 0 -1
    outer loop
      vertex 90.2749 61.2749 0
      vertex 88.65 59.65 0
      vertex 89.9307 61.5767 0
    endloop
  endfacet
  facet normal 0 0 -1
    outer loop
      vertex 87.8 0 0
      vertex 89.1394 0.266421 0
      vertex 88.7059 0.119259 0
    endloop
  endfacet
  facet normal -0 0 -1
    outer loop
      vertex 89.9307 61.5767 0
      vertex 88.65 59.65 0
      vertex 89.55 61.8311 0
    endloop
  endfacet
  facet normal -0 0 -1
    outer loop
      vertex 89.55 61.8311 0
      vertex 88.65 59.65 0
      vertex 89.1394 62.0336 0
    endloop
  endfacet
  facet normal 0 0 -1
    outer loop
      vertex 87.8 0 0
      vertex 88.7059 0.119259 0
      vertex 88.2568 0.0299425 0
    endloop
  endfacet
  facet normal 0 0 -1
    outer loop
      vertex 83.928 6.70423 0
      vertex 91.3 3.5 0
      vertex 87.8 0 0
    endloop
  endfacet
  facet normal 0 0 -1
    outer loop
      vertex 91.3 3.5 0
      vertex 84.3 7.8 0
      vertex 84.3 8.2 0
    endloop
  endfacet
  facet normal 0 0 -1
    outer loop
      vertex 84.2846 8.43495 0
      vertex 91.3 3.5 0
      vertex 84.3 8.2 0
    endloop
  endfacet
  facet normal 0 0 -1
    outer loop
      vertex 91.3 3.5 0
      vertex 84.3 14.8 0
      vertex 84.3 15.2 0
    endloop
  endfacet
  facet normal 0 0 -1
    outer loop
      vertex 84.2846 15.4349 0
      vertex 91.3 3.5 0
      vertex 84.3 15.2 0
    endloop
  endfacet
  facet normal 0 0 -1
    outer loop
      vertex 91.3 3.5 0
      vertex 84.3 21.8 0
      vertex 84.3 22.2 0
    endloop
  endfacet
  facet normal 0 0 -1
    outer loop
      vertex 84.2846 22.4349 0
      vertex 91.3 3.5 0
      vertex 84.3 22.2 0
    endloop
  endfacet
  facet normal 0 0 -1
    outer loop
      vertex 91.3 3.5 0
      vertex 84.3 28.8 0
      vertex 84.3 29.2 0
    endloop
  endfacet
  facet normal -0 0 -1
    outer loop
      vertex 91.0336 60.1394 0
      vertex 88.65 59.65 0
      vertex 90.8311 60.55 0
    endloop
  endfacet
  facet normal -0 0 -1
    outer loop
      vertex 91.1807 59.7059 0
      vertex 88.65 59.65 0
      vertex 91.0336 60.1394 0
    endloop
  endfacet
  facet normal 0 0 -1
    outer loop
      vertex 91.2701 59.2568 0
      vertex 88.65 59.65 0
      vertex 91.1807 59.7059 0
    endloop
  endfacet
  facet normal 0 0 -1
    outer loop
      vertex 88.65 59.65 0
      vertex 91.3 58.8 0
      vertex 88.65 56.65 0
    endloop
  endfacet
  facet normal 0 0 -1
    outer loop
      vertex 91.3 58.8 0
      vertex 84.0588 30.1 0
      vertex 88.65 56.65 0
    endloop
  endfacet
  facet normal 0 0 -1
    outer loop
      vertex 83.928 30.2958 0
      vertex 88.65 56.65 0
      vertex 84.0588 30.1 0
    endloop
  endfacet
  facet normal 0 0 -1
    outer loop
      vertex 83.7728 30.4728 0
      vertex 88.65 56.65 0
      vertex 83.928 30.2958 0
    endloop
  endfacet
  facet normal 0 0 -1
    outer loop
      vertex 83.5958 30.628 0
      vertex 88.65 56.65 0
      vertex 83.7728 30.4728 0
    endloop
  endfacet
  facet normal 0 0 -1
    outer loop
      vertex 83.4 30.7588 0
      vertex 88.65 56.65 0
      vertex 83.5958 30.628 0
    endloop
  endfacet
  facet normal 0 0 -1
    outer loop
      vertex 83.1888 30.863 0
      vertex 88.65 56.65 0
      vertex 83.4 30.7588 0
    endloop
  endfacet
  facet normal 0 0 -1
    outer loop
      vertex 82.9659 30.9387 0
      vertex 88.65 56.65 0
      vertex 83.1888 30.863 0
    endloop
  endfacet
  facet normal 0 0 -1
    outer loop
      vertex 82.7349 30.9846 0
      vertex 88.65 56.65 0
      vertex 82.9659 30.9387 0
    endloop
  endfacet
  facet normal 0 0 -1
    outer loop
      vertex 82.5 31 0
      vertex 88.65 56.65 0
      vertex 82.7349 30.9846 0
    endloop
  endfacet
  facet normal 0 0 -1
    outer loop
      vertex 71.15 52.65 0
      vertex 82.5 31 0
      vertex 77.1 31 0
    endloop
  endfacet
  facet normal 0 0 -1
    outer loop
      vertex 71.15 52.65 0
      vertex 77.1 31 0
      vertex 76.8651 30.9846 0
    endloop
  endfacet
  facet normal 0 0 -1
    outer loop
      vertex 71.15 52.65 0
      vertex 76.8651 30.9846 0
      vertex 76.6341 30.9387 0
    endloop
  endfacet
  facet normal 0 0 -1
    outer loop
      vertex 71.15 52.65 0
      vertex 76.6341 30.9387 0
      vertex 76.4112 30.863 0
    endloop
  endfacet
  facet normal 0 0 -1
    outer loop
      vertex 71.15 52.65 0
      vertex 76.4112 30.863 0
      vertex 76.2 30.7588 0
    endloop
  endfacet
  facet normal 0 0 -1
    outer loop
      vertex 71.15 29.15 0
      vertex 76.2 30.7588 0
      vertex 76.0042 30.628 0
    endloop
  endfacet
  facet normal 0 0 -1
    outer loop
      vertex 71.15 29.15 0
      vertex 76.0042 30.628 0
      vertex 75.8272 30.4728 0
    endloop
  endfacet
  facet normal 0 0 -1
    outer loop
      vertex 71.15 29.15 0
      vertex 75.8272 30.4728 0
      vertex 75.672 30.2958 0
    endloop
  endfacet
  facet normal 0 0 -1
    outer loop
      vertex 71.15 29.15 0
      vertex 75.672 30.2958 0
      vertex 75.5412 30.1 0
    endloop
  endfacet
  facet normal 0 0 -1
    outer loop
      vertex 71.15 29.15 0
      vertex 75.3154 29.4349 0
      vertex 75.3 29.2 0
    endloop
  endfacet
  facet normal 0 0 -1
    outer loop
      vertex 71.15 29.15 0
      vertex 75.3613 29.6659 0
      vertex 75.3154 29.4349 0
    endloop
  endfacet
  facet normal 0 0 -1
    outer loop
      vertex 71.15 29.15 0
      vertex 75.437 29.8888 0
      vertex 75.3613 29.6659 0
    endloop
  endfacet
  facet normal 0 0 -1
    outer loop
      vertex 71.15 29.15 0
      vertex 75.5412 30.1 0
      vertex 75.437 29.8888 0
    endloop
  endfacet
  facet normal -0 0 -1
    outer loop
      vertex 76.2 30.7588 0
      vertex 71.15 29.15 0
      vertex 71.15 52.65 0
    endloop
  endfacet
  facet normal 0 0 -1
    outer loop
      vertex 82.5 31 0
      vertex 71.15 52.65 0
      vertex 88.65 56.65 0
    endloop
  endfacet
  facet normal 0 0 -1
    outer loop
      vertex 71.1243 53.0416 0
      vertex 88.65 56.65 0
      vertex 71.15 52.65 0
    endloop
  endfacet
  facet normal 0 0 -1
    outer loop
      vertex 71.0478 53.4265 0
      vertex 88.65 56.65 0
      vertex 71.1243 53.0416 0
    endloop
  endfacet
  facet normal 0 0 -1
    outer loop
      vertex 70.9216 53.798 0
      vertex 88.65 56.65 0
      vertex 71.0478 53.4265 0
    endloop
  endfacet
  facet normal 0 0 -1
    outer loop
      vertex 70.7481 54.15 0
      vertex 88.65 56.65 0
      vertex 70.9216 53.798 0
    endloop
  endfacet
  facet normal 0 0 -1
    outer loop
      vertex 70.5301 54.4763 0
      vertex 88.65 56.65 0
      vertex 70.7481 54.15 0
    endloop
  endfacet
  facet normal 0 0 -1
    outer loop
      vertex 70.2713 54.7713 0
      vertex 88.65 56.65 0
      vertex 70.5301 54.4763 0
    endloop
  endfacet
  facet normal 0 0 -1
    outer loop
      vertex 69.9763 55.0301 0
      vertex 88.65 56.65 0
      vertex 70.2713 54.7713 0
    endloop
  endfacet
  facet normal 0 0 -1
    outer loop
      vertex 69.65 55.2481 0
      vertex 88.65 56.65 0
      vertex 69.9763 55.0301 0
    endloop
  endfacet
  facet normal 0 0 -1
    outer loop
      vertex 69.298 55.4216 0
      vertex 88.65 56.65 0
      vertex 69.65 55.2481 0
    endloop
  endfacet
  facet normal 0 0 -1
    outer loop
      vertex 68.9265 55.5478 0
      vertex 88.65 56.65 0
      vertex 69.298 55.4216 0
    endloop
  endfacet
  facet normal 0 0 -1
    outer loop
      vertex 68.5416 55.6243 0
      vertex 88.65 56.65 0
      vertex 68.9265 55.5478 0
    endloop
  endfacet
  facet normal 0 0 -1
    outer loop
      vertex 68.15 55.65 0
      vertex 88.65 56.65 0
      vertex 68.5416 55.6243 0
    endloop
  endfacet
  facet normal 0 0 -1
    outer loop
      vertex 5.65 56.65 0
      vertex 68.15 55.65 0
      vertex 5.65 55.65 0
    endloop
  endfacet
  facet normal 0 0 -1
    outer loop
      vertex 68.15 55.65 0
      vertex 5.65 56.65 0
      vertex 88.65 56.65 0
    endloop
  endfacet
  facet normal -0 0 -1
    outer loop
      vertex 89.1394 62.0336 0
      vertex 88.65 59.65 0
      vertex 88.7059 62.1807 0
    endloop
  endfacet
  facet normal 0 0 -1
    outer loop
      vertex 88.65 59.65 0
      vertex 88.2568 62.2701 0
      vertex 88.7059 62.1807 0
    endloop
  endfacet
  facet normal 0 0 -1
    outer loop
      vertex 88.65 59.65 0
      vertex 87.8 62.3 0
      vertex 88.2568 62.2701 0
    endloop
  endfacet
  facet normal 0 0 -1
    outer loop
      vertex 88.65 59.65 0
      vertex 3.5 62.3 0
      vertex 87.8 62.3 0
    endloop
  endfacet
  facet normal 0 0 -1
    outer loop
      vertex 2.65 59.65 0
      vertex 3.5 62.3 0
      vertex 88.65 59.65 0
    endloop
  endfacet
  facet normal 0 0 -1
    outer loop
      vertex 3.5 62.3 0
      vertex 2.65 59.65 0
      vertex 3.04316 62.2701 0
    endloop
  endfacet
  facet normal 0 0 -1
    outer loop
      vertex 2.65 59.65 0
      vertex 2.59413 62.1807 0
      vertex 3.04316 62.2701 0
    endloop
  endfacet
  facet normal 0 0 -1
    outer loop
      vertex 0 58.8 0
      vertex 2.65 59.65 0
      vertex 2.65 55.2481 0
    endloop
  endfacet
  facet normal 0 0 -1
    outer loop
      vertex 0 58.8 0
      vertex 2.65 55.2481 0
      vertex 2.32372 55.0301 0
    endloop
  endfacet
  facet normal 0 -0 -1
    outer loop
      vertex 0.0299425 59.2568 0
      vertex 2.65 59.65 0
      vertex 0 58.8 0
    endloop
  endfacet
  facet normal 0 0 -1
    outer loop
      vertex 0 58.8 0
      vertex 2.32372 55.0301 0
      vertex 2.02868 54.7713 0
    endloop
  endfacet
  facet normal 0 0 -1
    outer loop
      vertex 0 58.8 0
      vertex 2.02868 54.7713 0
      vertex 1.76994 54.4763 0
    endloop
  endfacet
  facet normal 0 0 -1
    outer loop
      vertex 2.65 59.65 0
      vertex 2.16061 62.0336 0
      vertex 2.59413 62.1807 0
    endloop
  endfacet
  facet normal 0 0 -1
    outer loop
      vertex 0 58.8 0
      vertex 1.76994 54.4763 0
      vertex 1.55192 54.15 0
    endloop
  endfacet
  facet normal 0 0 -1
    outer loop
      vertex 0 58.8 0
      vertex 1.55192 54.15 0
      vertex 1.37836 53.798 0
    endloop
  endfacet
  facet normal 0 0 -1
    outer loop
      vertex 2.65 59.65 0
      vertex 1.75 61.8311 0
      vertex 2.16061 62.0336 0
    endloop
  endfacet
  facet normal 0 0 -1
    outer loop
      vertex 0 58.8 0
      vertex 1.37836 53.798 0
      vertex 1.25222 53.4265 0
    endloop
  endfacet
  facet normal 0 0 -1
    outer loop
      vertex 0 58.8 0
      vertex 1.25222 53.4265 0
      vertex 1.17566 53.0416 0
    endloop
  endfacet
  facet normal 0 0 -1
    outer loop
      vertex 0 58.8 0
      vertex 1.17566 53.0416 0
      vertex 1.15 52.65 0
    endloop
  endfacet
  facet normal 0 0 -1
    outer loop
      vertex 2.65 59.65 0
      vertex 1.36933 61.5767 0
      vertex 1.75 61.8311 0
    endloop
  endfacet
  facet normal 0 0 -1
    outer loop
      vertex 0 58.8 0
      vertex 1.15 29.15 0
      vertex 0 3.5 0
    endloop
  endfacet
  facet normal 0 0 -1
    outer loop
      vertex 0.46891 1.75 0
      vertex 2.65 2.65 0
      vertex 0.723263 1.36933 0
    endloop
  endfacet
  facet normal 0 0 -1
    outer loop
      vertex 1.15 29.15 0
      vertex 0 58.8 0
      vertex 1.15 52.65 0
    endloop
  endfacet
  facet normal 0 0 -1
    outer loop
      vertex 0.266421 2.16061 0
      vertex 2.65 2.65 0
      vertex 0.46891 1.75 0
    endloop
  endfacet
  facet normal 0 0 -1
    outer loop
      vertex 2.65 59.65 0
      vertex 1.02513 61.2749 0
      vertex 1.36933 61.5767 0
    endloop
  endfacet
  facet normal 0 0 -1
    outer loop
      vertex 0.119259 2.59413 0
      vertex 2.65 2.65 0
      vertex 0.266421 2.16061 0
    endloop
  endfacet
  facet normal 0 0 -1
    outer loop
      vertex 2.65 59.65 0
      vertex 0.723263 60.9307 0
      vertex 1.02513 61.2749 0
    endloop
  endfacet
  facet normal 0 0 -1
    outer loop
      vertex 0.0299425 3.04316 0
      vertex 2.65 2.65 0
      vertex 0.119259 2.59413 0
    endloop
  endfacet
  facet normal 0 0 -1
    outer loop
      vertex 2.65 59.65 0
      vertex 0.46891 60.55 0
      vertex 0.723263 60.9307 0
    endloop
  endfacet
  facet normal 0 0 -1
    outer loop
      vertex 2.65 2.65 0
      vertex 0.0299425 3.04316 0
      vertex 0 3.5 0
    endloop
  endfacet
  facet normal 0 0 -1
    outer loop
      vertex 2.65 59.65 0
      vertex 0.266421 60.1394 0
      vertex 0.46891 60.55 0
    endloop
  endfacet
  facet normal 0 0 -1
    outer loop
      vertex 2.65 59.65 0
      vertex 0.119259 59.7059 0
      vertex 0.266421 60.1394 0
    endloop
  endfacet
  facet normal -0 0 -1
    outer loop
      vertex 2.65 59.65 0
      vertex 0.0299425 59.2568 0
      vertex 0.119259 59.7059 0
    endloop
  endfacet
  facet normal 0 0 -1
    outer loop
      vertex 75.3 8.2 0
      vertex 64 8.2 0
      vertex 63.9846 8.43495 0
    endloop
  endfacet
  facet normal 0 0 -1
    outer loop
      vertex 75.3154 8.43495 0
      vertex 63.9846 8.43495 0
      vertex 63.9387 8.66587 0
    endloop
  endfacet
  facet normal 0 0 -1
    outer loop
      vertex 75.3613 8.66587 0
      vertex 63.9387 8.66587 0
      vertex 63.863 8.88883 0
    endloop
  endfacet
  facet normal 0 0 -1
    outer loop
      vertex 63.4728 9.47279 0
      vertex 75.3154 14.5651 0
      vertex 63.628 9.29577 0
    endloop
  endfacet
  facet normal -0 0 -1
    outer loop
      vertex 75.3154 14.5651 0
      vertex 63.4728 9.47279 0
      vertex 75.3 14.8 0
    endloop
  endfacet
  facet normal 0 0 -1
    outer loop
      vertex 75.3154 15.4349 0
      vertex 63.2958 9.62804 0
      vertex 63.1 9.75885 0
    endloop
  endfacet
  facet normal 0 0 -1
    outer loop
      vertex 75.3613 21.3341 0
      vertex 68.5416 26.1757 0
      vertex 75.3154 21.5651 0
    endloop
  endfacet
  facet normal 0 0 -1
    outer loop
      vertex 75.3154 21.5651 0
      vertex 68.9265 26.2522 0
      vertex 75.3 21.8 0
    endloop
  endfacet
  facet normal 0 -0 -1
    outer loop
      vertex 68.9265 26.2522 0
      vertex 75.3154 21.5651 0
      vertex 68.5416 26.1757 0
    endloop
  endfacet
  facet normal 0 0 -1
    outer loop
      vertex 62.8888 9.86298 0
      vertex 68.15 26.15 0
      vertex 63.1 9.75885 0
    endloop
  endfacet
  facet normal 0 0 -1
    outer loop
      vertex 62.6659 9.93867 0
      vertex 68.15 26.15 0
      vertex 62.8888 9.86298 0
    endloop
  endfacet
  facet normal 0 0 -1
    outer loop
      vertex 62.4349 9.9846 0
      vertex 68.15 26.15 0
      vertex 62.6659 9.93867 0
    endloop
  endfacet
  facet normal 0 0 -1
    outer loop
      vertex 62.2 10 0
      vertex 68.15 26.15 0
      vertex 62.4349 9.9846 0
    endloop
  endfacet
  facet normal 0 0 -1
    outer loop
      vertex 57.8 10 0
      vertex 68.15 26.15 0
      vertex 62.2 10 0
    endloop
  endfacet
  facet normal 0 0 -1
    outer loop
      vertex 57.5651 9.9846 0
      vertex 68.15 26.15 0
      vertex 57.8 10 0
    endloop
  endfacet
  facet normal 0 0 -1
    outer loop
      vertex 57.3341 9.93867 0
      vertex 68.15 26.15 0
      vertex 57.5651 9.9846 0
    endloop
  endfacet
  facet normal 0 0 -1
    outer loop
      vertex 50.6659 9.93867 0
      vertex 57.3341 9.93867 0
      vertex 57.1112 9.86298 0
    endloop
  endfacet
  facet normal 0 0 -1
    outer loop
      vertex 50.8888 9.86298 0
      vertex 57.1112 9.86298 0
      vertex 56.9 9.75885 0
    endloop
  endfacet
  facet normal 0 0 -1
    outer loop
      vertex 51.1 9.75885 0
      vertex 56.9 9.75885 0
      vertex 56.7042 9.62804 0
    endloop
  endfacet
  facet normal 0 0 -1
    outer loop
      vertex 51.2958 9.62804 0
      vertex 56.7042 9.62804 0
      vertex 56.5272 9.47279 0
    endloop
  endfacet
  facet normal 0 0 -1
    outer loop
      vertex 51.4728 9.47279 0
      vertex 56.5272 9.47279 0
      vertex 56.372 9.29577 0
    endloop
  endfacet
  facet normal 0 0 -1
    outer loop
      vertex 52 8.2 0
      vertex 56 8.2 0
      vertex 52 7.8 0
    endloop
  endfacet
  facet normal 0 0 -1
    outer loop
      vertex 56 8.2 0
      vertex 52 8.2 0
      vertex 56.0154 8.43495 0
    endloop
  endfacet
  facet normal 0 0 -1
    outer loop
      vertex 51.9846 8.43495 0
      vertex 56.0154 8.43495 0
      vertex 52 8.2 0
    endloop
  endfacet
  facet normal 0 0 -1
    outer loop
      vertex 56.0154 8.43495 0
      vertex 51.9846 8.43495 0
      vertex 56.0613 8.66587 0
    endloop
  endfacet
  facet normal 0 0 -1
    outer loop
      vertex 51.9387 8.66587 0
      vertex 56.0613 8.66587 0
      vertex 51.9846 8.43495 0
    endloop
  endfacet
  facet normal 0 0 -1
    outer loop
      vertex 56.0613 8.66587 0
      vertex 51.9387 8.66587 0
      vertex 56.137 8.88883 0
    endloop
  endfacet
  facet normal 0 0 -1
    outer loop
      vertex 51.863 8.88883 0
      vertex 56.137 8.88883 0
      vertex 51.9387 8.66587 0
    endloop
  endfacet
  facet normal 0 0 -1
    outer loop
      vertex 56.137 8.88883 0
      vertex 51.863 8.88883 0
      vertex 56.2412 9.1 0
    endloop
  endfacet
  facet normal 0 0 -1
    outer loop
      vertex 51.7588 9.1 0
      vertex 56.2412 9.1 0
      vertex 51.863 8.88883 0
    endloop
  endfacet
  facet normal 0 0 -1
    outer loop
      vertex 56.2412 9.1 0
      vertex 51.7588 9.1 0
      vertex 56.372 9.29577 0
    endloop
  endfacet
  facet normal 0 0 -1
    outer loop
      vertex 51.628 9.29577 0
      vertex 56.372 9.29577 0
      vertex 51.7588 9.1 0
    endloop
  endfacet
  facet normal 0 0 -1
    outer loop
      vertex 51.4728 9.47279 0
      vertex 56.372 9.29577 0
      vertex 51.628 9.29577 0
    endloop
  endfacet
  facet normal 0 0 -1
    outer loop
      vertex 56.5272 9.47279 0
      vertex 51.4728 9.47279 0
      vertex 51.2958 9.62804 0
    endloop
  endfacet
  facet normal 0 0 -1
    outer loop
      vertex 56.7042 9.62804 0
      vertex 51.2958 9.62804 0
      vertex 51.1 9.75885 0
    endloop
  endfacet
  facet normal 0 0 -1
    outer loop
      vertex 56.9 9.75885 0
      vertex 51.1 9.75885 0
      vertex 50.8888 9.86298 0
    endloop
  endfacet
  facet normal 0 0 -1
    outer loop
      vertex 57.1112 9.86298 0
      vertex 50.8888 9.86298 0
      vertex 50.6659 9.93867 0
    endloop
  endfacet
  facet normal 0 0 -1
    outer loop
      vertex 57.3341 9.93867 0
      vertex 50.6659 9.93867 0
      vertex 68.15 26.15 0
    endloop
  endfacet
  facet normal 0 0 -1
    outer loop
      vertex 50.4349 9.9846 0
      vertex 68.15 26.15 0
      vertex 50.6659 9.93867 0
    endloop
  endfacet
  facet normal 0 0 -1
    outer loop
      vertex 50.2 10 0
      vertex 68.15 26.15 0
      vertex 50.4349 9.9846 0
    endloop
  endfacet
  facet normal 0 0 -1
    outer loop
      vertex 45.8 10 0
      vertex 68.15 26.15 0
      vertex 50.2 10 0
    endloop
  endfacet
  facet normal 0 0 -1
    outer loop
      vertex 45.5651 9.9846 0
      vertex 68.15 26.15 0
      vertex 45.8 10 0
    endloop
  endfacet
  facet normal 0 0 -1
    outer loop
      vertex 38.4349 9.9846 0
      vertex 45.5651 9.9846 0
      vertex 45.3341 9.93867 0
    endloop
  endfacet
  facet normal 0 0 -1
    outer loop
      vertex 38.6659 9.93867 0
      vertex 45.3341 9.93867 0
      vertex 45.1112 9.86298 0
    endloop
  endfacet
  facet normal 0 0 -1
    outer loop
      vertex 38.8888 9.86298 0
      vertex 45.1112 9.86298 0
      vertex 44.9 9.75885 0
    endloop
  endfacet
  facet normal 0 0 -1
    outer loop
      vertex 39.1 9.75885 0
      vertex 44.9 9.75885 0
      vertex 44.7042 9.62804 0
    endloop
  endfacet
  facet normal 0 0 -1
    outer loop
      vertex 40 8.2 0
      vertex 44 8.2 0
      vertex 40 7.8 0
    endloop
  endfacet
  facet normal 0 0 -1
    outer loop
      vertex 44 8.2 0
      vertex 40 8.2 0
      vertex 44.0154 8.43495 0
    endloop
  endfacet
  facet normal 0 0 -1
    outer loop
      vertex 39.9846 8.43495 0
      vertex 44.0154 8.43495 0
      vertex 40 8.2 0
    endloop
  endfacet
  facet normal 0 0 -1
    outer loop
      vertex 44.0154 8.43495 0
      vertex 39.9846 8.43495 0
      vertex 44.0613 8.66587 0
    endloop
  endfacet
  facet normal 0 0 -1
    outer loop
      vertex 39.9387 8.66587 0
      vertex 44.0613 8.66587 0
      vertex 39.9846 8.43495 0
    endloop
  endfacet
  facet normal 0 0 -1
    outer loop
      vertex 44.0613 8.66587 0
      vertex 39.9387 8.66587 0
      vertex 44.137 8.88883 0
    endloop
  endfacet
  facet normal 0 0 -1
    outer loop
      vertex 39.863 8.88883 0
      vertex 44.137 8.88883 0
      vertex 39.9387 8.66587 0
    endloop
  endfacet
  facet normal 0 0 -1
    outer loop
      vertex 44.137 8.88883 0
      vertex 39.863 8.88883 0
      vertex 44.2412 9.1 0
    endloop
  endfacet
  facet normal 0 0 -1
    outer loop
      vertex 39.7588 9.1 0
      vertex 44.2412 9.1 0
      vertex 39.863 8.88883 0
    endloop
  endfacet
  facet normal 0 0 -1
    outer loop
      vertex 44.2412 9.1 0
      vertex 39.7588 9.1 0
      vertex 44.372 9.29577 0
    endloop
  endfacet
  facet normal 0 0 -1
    outer loop
      vertex 39.628 9.29577 0
      vertex 44.372 9.29577 0
      vertex 39.7588 9.1 0
    endloop
  endfacet
  facet normal 0 0 -1
    outer loop
      vertex 44.372 9.29577 0
      vertex 39.628 9.29577 0
      vertex 44.5272 9.47279 0
    endloop
  endfacet
  facet normal 0 0 -1
    outer loop
      vertex 39.4728 9.47279 0
      vertex 44.5272 9.47279 0
      vertex 39.628 9.29577 0
    endloop
  endfacet
  facet normal 0 0 -1
    outer loop
      vertex 44.5272 9.47279 0
      vertex 39.4728 9.47279 0
      vertex 44.7042 9.62804 0
    endloop
  endfacet
  facet normal 0 0 -1
    outer loop
      vertex 39.2958 9.62804 0
      vertex 44.7042 9.62804 0
      vertex 39.4728 9.47279 0
    endloop
  endfacet
  facet normal 0 0 -1
    outer loop
      vertex 39.1 9.75885 0
      vertex 44.7042 9.62804 0
      vertex 39.2958 9.62804 0
    endloop
  endfacet
  facet normal 0 0 -1
    outer loop
      vertex 44.9 9.75885 0
      vertex 39.1 9.75885 0
      vertex 38.8888 9.86298 0
    endloop
  endfacet
  facet normal 0 0 -1
    outer loop
      vertex 45.1112 9.86298 0
      vertex 38.8888 9.86298 0
      vertex 38.6659 9.93867 0
    endloop
  endfacet
  facet normal 0 0 -1
    outer loop
      vertex 45.3341 9.93867 0
      vertex 38.6659 9.93867 0
      vertex 38.4349 9.9846 0
    endloop
  endfacet
  facet normal 0 0 -1
    outer loop
      vertex 45.5651 9.9846 0
      vertex 38.4349 9.9846 0
      vertex 68.15 26.15 0
    endloop
  endfacet
  facet normal 0 0 -1
    outer loop
      vertex 38.2 10 0
      vertex 68.15 26.15 0
      vertex 38.4349 9.9846 0
    endloop
  endfacet
  facet normal 0 0 -1
    outer loop
      vertex 5.65 26.15 0
      vertex 38.2 10 0
      vertex 33.8 10 0
    endloop
  endfacet
  facet normal 0 0 -1
    outer loop
      vertex 5.65 26.15 0
      vertex 33.8 10 0
      vertex 33.5651 9.9846 0
    endloop
  endfacet
  facet normal 0 0 -1
    outer loop
      vertex 26.4349 9.9846 0
      vertex 33.5651 9.9846 0
      vertex 33.3341 9.93867 0
    endloop
  endfacet
  facet normal 0 0 -1
    outer loop
      vertex 26.6659 9.93867 0
      vertex 33.3341 9.93867 0
      vertex 33.1112 9.86298 0
    endloop
  endfacet
  facet normal 0 0 -1
    outer loop
      vertex 28 8.2 0
      vertex 32 8.2 0
      vertex 28 7.8 0
    endloop
  endfacet
  facet normal 0 0 -1
    outer loop
      vertex 32 8.2 0
      vertex 28 8.2 0
      vertex 32.0154 8.43495 0
    endloop
  endfacet
  facet normal 0 0 -1
    outer loop
      vertex 27.9846 8.43495 0
      vertex 32.0154 8.43495 0
      vertex 28 8.2 0
    endloop
  endfacet
  facet normal 0 0 -1
    outer loop
      vertex 32.0154 8.43495 0
      vertex 27.9846 8.43495 0
      vertex 32.0613 8.66587 0
    endloop
  endfacet
  facet normal 0 0 -1
    outer loop
      vertex 27.9387 8.66587 0
      vertex 32.0613 8.66587 0
      vertex 27.9846 8.43495 0
    endloop
  endfacet
  facet normal 0 0 -1
    outer loop
      vertex 32.0613 8.66587 0
      vertex 27.9387 8.66587 0
      vertex 32.137 8.88883 0
    endloop
  endfacet
  facet normal 0 0 -1
    outer loop
      vertex 27.863 8.88883 0
      vertex 32.137 8.88883 0
      vertex 27.9387 8.66587 0
    endloop
  endfacet
  facet normal 0 0 -1
    outer loop
      vertex 32.137 8.88883 0
      vertex 27.863 8.88883 0
      vertex 32.2412 9.1 0
    endloop
  endfacet
  facet normal 0 0 -1
    outer loop
      vertex 27.7588 9.1 0
      vertex 32.2412 9.1 0
      vertex 27.863 8.88883 0
    endloop
  endfacet
  facet normal 0 0 -1
    outer loop
      vertex 32.2412 9.1 0
      vertex 27.7588 9.1 0
      vertex 32.372 9.29577 0
    endloop
  endfacet
  facet normal 0 0 -1
    outer loop
      vertex 27.628 9.29577 0
      vertex 32.372 9.29577 0
      vertex 27.7588 9.1 0
    endloop
  endfacet
  facet normal 0 0 -1
    outer loop
      vertex 32.372 9.29577 0
      vertex 27.628 9.29577 0
      vertex 32.5272 9.47279 0
    endloop
  endfacet
  facet normal 0 0 -1
    outer loop
      vertex 27.4728 9.47279 0
      vertex 32.5272 9.47279 0
      vertex 27.628 9.29577 0
    endloop
  endfacet
  facet normal 0 0 -1
    outer loop
      vertex 32.5272 9.47279 0
      vertex 27.4728 9.47279 0
      vertex 32.7042 9.62804 0
    endloop
  endfacet
  facet normal 0 0 -1
    outer loop
      vertex 27.2958 9.62804 0
      vertex 32.7042 9.62804 0
      vertex 27.4728 9.47279 0
    endloop
  endfacet
  facet normal 0 0 -1
    outer loop
      vertex 32.7042 9.62804 0
      vertex 27.2958 9.62804 0
      vertex 32.9 9.75885 0
    endloop
  endfacet
  facet normal 0 0 -1
    outer loop
      vertex 27.1 9.75885 0
      vertex 32.9 9.75885 0
      vertex 27.2958 9.62804 0
    endloop
  endfacet
  facet normal 0 0 -1
    outer loop
      vertex 32.9 9.75885 0
      vertex 27.1 9.75885 0
      vertex 33.1112 9.86298 0
    endloop
  endfacet
  facet normal 0 0 -1
    outer loop
      vertex 26.8888 9.86298 0
      vertex 33.1112 9.86298 0
      vertex 27.1 9.75885 0
    endloop
  endfacet
  facet normal 0 0 -1
    outer loop
      vertex 26.6659 9.93867 0
      vertex 33.1112 9.86298 0
      vertex 26.8888 9.86298 0
    endloop
  endfacet
  facet normal 0 0 -1
    outer loop
      vertex 33.3341 9.93867 0
      vertex 26.6659 9.93867 0
      vertex 26.4349 9.9846 0
    endloop
  endfacet
  facet normal 0 0 -1
    outer loop
      vertex 33.5651 9.9846 0
      vertex 26.4349 9.9846 0
      vertex 5.65 26.15 0
    endloop
  endfacet
  facet normal 0 0 -1
    outer loop
      vertex 5.65 26.15 0
      vertex 26.4349 9.9846 0
      vertex 26.2 10 0
    endloop
  endfacet
  facet normal 0 0 -1
    outer loop
      vertex 5.65 26.15 0
      vertex 26.2 10 0
      vertex 21.8 10 0
    endloop
  endfacet
  facet normal 0 0 -1
    outer loop
      vertex 5.65 26.15 0
      vertex 21.8 10 0
      vertex 21.5651 9.9846 0
    endloop
  endfacet
  facet normal 0 0 -1
    outer loop
      vertex 5.65 26.15 0
      vertex 21.5651 9.9846 0
      vertex 21.3341 9.93867 0
    endloop
  endfacet
  facet normal 0 0 -1
    outer loop
      vertex 14.6659 9.93867 0
      vertex 21.3341 9.93867 0
      vertex 21.1112 9.86298 0
    endloop
  endfacet
  facet normal 0 0 -1
    outer loop
      vertex 16 8.2 0
      vertex 20 8.2 0
      vertex 16 7.8 0
    endloop
  endfacet
  facet normal 0 0 -1
    outer loop
      vertex 20 8.2 0
      vertex 16 8.2 0
      vertex 20.0154 8.43495 0
    endloop
  endfacet
  facet normal 0 0 -1
    outer loop
      vertex 15.9846 8.43495 0
      vertex 20.0154 8.43495 0
      vertex 16 8.2 0
    endloop
  endfacet
  facet normal 0 0 -1
    outer loop
      vertex 20.0154 8.43495 0
      vertex 15.9846 8.43495 0
      vertex 20.0613 8.66587 0
    endloop
  endfacet
  facet normal 0 0 -1
    outer loop
      vertex 15.9387 8.66587 0
      vertex 20.0613 8.66587 0
      vertex 15.9846 8.43495 0
    endloop
  endfacet
  facet normal 0 0 -1
    outer loop
      vertex 20.0613 8.66587 0
      vertex 15.9387 8.66587 0
      vertex 20.137 8.88883 0
    endloop
  endfacet
  facet normal 0 0 -1
    outer loop
      vertex 15.863 8.88883 0
      vertex 20.137 8.88883 0
      vertex 15.9387 8.66587 0
    endloop
  endfacet
  facet normal 0 0 -1
    outer loop
      vertex 20.137 8.88883 0
      vertex 15.863 8.88883 0
      vertex 20.2412 9.1 0
    endloop
  endfacet
  facet normal 0 0 -1
    outer loop
      vertex 15.7588 9.1 0
      vertex 20.2412 9.1 0
      vertex 15.863 8.88883 0
    endloop
  endfacet
  facet normal 0 0 -1
    outer loop
      vertex 20.2412 9.1 0
      vertex 15.7588 9.1 0
      vertex 20.372 9.29577 0
    endloop
  endfacet
  facet normal 0 0 -1
    outer loop
      vertex 15.628 9.29577 0
      vertex 20.372 9.29577 0
      vertex 15.7588 9.1 0
    endloop
  endfacet
  facet normal 0 0 -1
    outer loop
      vertex 20.372 9.29577 0
      vertex 15.628 9.29577 0
      vertex 20.5272 9.47279 0
    endloop
  endfacet
  facet normal 0 0 -1
    outer loop
      vertex 15.4728 9.47279 0
      vertex 20.5272 9.47279 0
      vertex 15.628 9.29577 0
    endloop
  endfacet
  facet normal 0 0 -1
    outer loop
      vertex 20.5272 9.47279 0
      vertex 15.4728 9.47279 0
      vertex 20.7042 9.62804 0
    endloop
  endfacet
  facet normal 0 0 -1
    outer loop
      vertex 15.2958 9.62804 0
      vertex 20.7042 9.62804 0
      vertex 15.4728 9.47279 0
    endloop
  endfacet
  facet normal 0 0 -1
    outer loop
      vertex 20.7042 9.62804 0
      vertex 15.2958 9.62804 0
      vertex 20.9 9.75885 0
    endloop
  endfacet
  facet normal 0 0 -1
    outer loop
      vertex 15.1 9.75885 0
      vertex 20.9 9.75885 0
      vertex 15.2958 9.62804 0
    endloop
  endfacet
  facet normal 0 0 -1
    outer loop
      vertex 20.9 9.75885 0
      vertex 15.1 9.75885 0
      vertex 21.1112 9.86298 0
    endloop
  endfacet
  facet normal 0 0 -1
    outer loop
      vertex 14.8888 9.86298 0
      vertex 21.1112 9.86298 0
      vertex 15.1 9.75885 0
    endloop
  endfacet
  facet normal 0 0 -1
    outer loop
      vertex 14.6659 9.93867 0
      vertex 21.1112 9.86298 0
      vertex 14.8888 9.86298 0
    endloop
  endfacet
  facet normal 0 0 -1
    outer loop
      vertex 21.3341 9.93867 0
      vertex 14.6659 9.93867 0
      vertex 5.65 26.15 0
    endloop
  endfacet
  facet normal 0 0 -1
    outer loop
      vertex 5.65 26.15 0
      vertex 14.6659 9.93867 0
      vertex 14.4349 9.9846 0
    endloop
  endfacet
  facet normal 0 0 -1
    outer loop
      vertex 5.65 26.15 0
      vertex 14.4349 9.9846 0
      vertex 14.2 10 0
    endloop
  endfacet
  facet normal 0 0 -1
    outer loop
      vertex 5.65 26.15 0
      vertex 14.2 10 0
      vertex 9.8 10 0
    endloop
  endfacet
  facet normal 0 0 -1
    outer loop
      vertex 5.65 26.15 0
      vertex 9.8 10 0
      vertex 9.56505 9.9846 0
    endloop
  endfacet
  facet normal 0 0 -1
    outer loop
      vertex 5.65 26.15 0
      vertex 9.56505 9.9846 0
      vertex 9.33413 9.93867 0
    endloop
  endfacet
  facet normal 0 0 -1
    outer loop
      vertex 5.65 2.65 0
      vertex 8.0154 8.43495 0
      vertex 8 8.2 0
    endloop
  endfacet
  facet normal 0 0 -1
    outer loop
      vertex 5.65 2.65 0
      vertex 8.06133 8.66587 0
      vertex 8.0154 8.43495 0
    endloop
  endfacet
  facet normal 0 0 -1
    outer loop
      vertex 5.65 26.15 0
      vertex 8.06133 8.66587 0
      vertex 5.65 2.65 0
    endloop
  endfacet
  facet normal 0 0 -1
    outer loop
      vertex 38.2 10 0
      vertex 5.65 26.15 0
      vertex 68.15 26.15 0
    endloop
  endfacet
  facet normal 0 0 -1
    outer loop
      vertex 9.11117 9.86298 0
      vertex 5.65 26.15 0
      vertex 9.33413 9.93867 0
    endloop
  endfacet
  facet normal 0 0 -1
    outer loop
      vertex 8.9 9.75885 0
      vertex 5.65 26.15 0
      vertex 9.11117 9.86298 0
    endloop
  endfacet
  facet normal 0 0 -1
    outer loop
      vertex 8.70423 9.62804 0
      vertex 5.65 26.15 0
      vertex 8.9 9.75885 0
    endloop
  endfacet
  facet normal 0 0 -1
    outer loop
      vertex 8.52721 9.47279 0
      vertex 5.65 26.15 0
      vertex 8.70423 9.62804 0
    endloop
  endfacet
  facet normal 0 0 -1
    outer loop
      vertex 8.37196 9.29577 0
      vertex 5.65 26.15 0
      vertex 8.52721 9.47279 0
    endloop
  endfacet
  facet normal 0 0 -1
    outer loop
      vertex 8.24115 9.1 0
      vertex 5.65 26.15 0
      vertex 8.37196 9.29577 0
    endloop
  endfacet
  facet normal 0 0 -1
    outer loop
      vertex 8.13702 8.88883 0
      vertex 5.65 26.15 0
      vertex 8.24115 9.1 0
    endloop
  endfacet
  facet normal 0 0 -1
    outer loop
      vertex 8.06133 8.66587 0
      vertex 5.65 26.15 0
      vertex 8.13702 8.88883 0
    endloop
  endfacet
  facet normal -0.555637 0.831425 0
    outer loop
      vertex 1.75 61.8311 0
      vertex 1.36933 61.5767 2.4
      vertex 1.75 61.8311 2.4
    endloop
  endfacet
  facet normal -0.555637 0.831425 0
    outer loop
      vertex 1.36933 61.5767 2.4
      vertex 1.75 61.8311 0
      vertex 1.36933 61.5767 0
    endloop
  endfacet
  facet normal -0.65936 -0.751827 0
    outer loop
      vertex 1.02513 1.02513 0
      vertex 1.36933 0.723263 2.4
      vertex 1.02513 1.02513 2.4
    endloop
  endfacet
  facet normal -0.65936 -0.751827 -0
    outer loop
      vertex 1.36933 0.723263 2.4
      vertex 1.02513 1.02513 0
      vertex 1.36933 0.723263 0
    endloop
  endfacet
  facet normal -0.997859 0.065408 0
    outer loop
      vertex 0 58.8 0
      vertex 0.0299425 59.2568 2.4
      vertex 0.0299425 59.2568 0
    endloop
  endfacet
  facet normal -0.997859 0.065408 0
    outer loop
      vertex 0.0299425 59.2568 2.4
      vertex 0 58.8 0
      vertex 0 58.8 2.4
    endloop
  endfacet
  facet normal -0.751827 -0.65936 0
    outer loop
      vertex 1.02513 1.02513 0
      vertex 0.723263 1.36933 2.4
      vertex 0.723263 1.36933 0
    endloop
  endfacet
  facet normal -0.751827 -0.65936 0
    outer loop
      vertex 0.723263 1.36933 2.4
      vertex 1.02513 1.02513 0
      vertex 1.02513 1.02513 2.4
    endloop
  endfacet
  facet normal -0.831472 -0.555566 0
    outer loop
      vertex 0.723263 1.36933 0
      vertex 0.46891 1.75 2.4
      vertex 0.46891 1.75 0
    endloop
  endfacet
  facet normal -0.831472 -0.555566 0
    outer loop
      vertex 0.46891 1.75 2.4
      vertex 0.723263 1.36933 0
      vertex 0.723263 1.36933 2.4
    endloop
  endfacet
  facet normal -0.946924 0.321456 0
    outer loop
      vertex 0.119259 59.7059 0
      vertex 0.266421 60.1394 2.4
      vertex 0.266421 60.1394 0
    endloop
  endfacet
  facet normal -0.946924 0.321456 0
    outer loop
      vertex 0.266421 60.1394 2.4
      vertex 0.119259 59.7059 0
      vertex 0.119259 59.7059 2.4
    endloop
  endfacet
  facet normal -0.831492 0.555536 0
    outer loop
      vertex 0.46891 60.55 0
      vertex 0.723263 60.9307 2.4
      vertex 0.723263 60.9307 0
    endloop
  endfacet
  facet normal -0.831492 0.555536 0
    outer loop
      vertex 0.723263 60.9307 2.4
      vertex 0.46891 60.55 0
      vertex 0.46891 60.55 2.4
    endloop
  endfacet
  facet normal -0.442286 -0.896874 0
    outer loop
      vertex 1.75 0.46891 0
      vertex 2.16061 0.266421 2.4
      vertex 1.75 0.46891 2.4
    endloop
  endfacet
  facet normal -0.442286 -0.896874 -0
    outer loop
      vertex 2.16061 0.266421 2.4
      vertex 1.75 0.46891 0
      vertex 2.16061 0.266421 0
    endloop
  endfacet
  facet normal 0.321537 -0.946897 0
    outer loop
      vertex 76.4112 9.86298 0
      vertex 76.6341 9.93867 2.4
      vertex 76.4112 9.86298 2.4
    endloop
  endfacet
  facet normal 0.321537 -0.946897 0
    outer loop
      vertex 76.6341 9.93867 2.4
      vertex 76.4112 9.86298 0
      vertex 76.6341 9.93867 0
    endloop
  endfacet
  facet normal 0 -1 0
    outer loop
      vertex 77.1 10 0
      vertex 82.5 10 2.4
      vertex 77.1 10 2.4
    endloop
  endfacet
  facet normal 0 -1 -0
    outer loop
      vertex 82.5 10 2.4
      vertex 77.1 10 0
      vertex 82.5 10 0
    endloop
  endfacet
  facet normal -0.831488 -0.555543 0
    outer loop
      vertex 84.0588 9.1 0
      vertex 83.928 9.29577 2.4
      vertex 83.928 9.29577 0
    endloop
  endfacet
  facet normal -0.831488 -0.555543 0
    outer loop
      vertex 83.928 9.29577 2.4
      vertex 84.0588 9.1 0
      vertex 84.0588 9.1 2.4
    endloop
  endfacet
  facet normal 0.0654194 -0.997858 0
    outer loop
      vertex 76.8651 9.9846 0
      vertex 77.1 10 2.4
      vertex 76.8651 9.9846 2.4
    endloop
  endfacet
  facet normal 0.0654194 -0.997858 0
    outer loop
      vertex 77.1 10 2.4
      vertex 76.8651 9.9846 0
      vertex 77.1 10 0
    endloop
  endfacet
  facet normal 0.442212 -0.89691 0
    outer loop
      vertex 76.2 9.75885 0
      vertex 76.4112 9.86298 2.4
      vertex 76.2 9.75885 2.4
    endloop
  endfacet
  facet normal 0.442212 -0.89691 0
    outer loop
      vertex 76.4112 9.86298 2.4
      vertex 76.2 9.75885 0
      vertex 76.4112 9.86298 0
    endloop
  endfacet
  facet normal -0.321537 -0.946897 0
    outer loop
      vertex 82.9659 9.93867 0
      vertex 83.1888 9.86298 2.4
      vertex 82.9659 9.93867 2.4
    endloop
  endfacet
  facet normal -0.321537 -0.946897 -0
    outer loop
      vertex 83.1888 9.86298 2.4
      vertex 82.9659 9.93867 0
      vertex 83.1888 9.86298 0
    endloop
  endfacet
  facet normal 0.94691 -0.321498 0
    outer loop
      vertex 75.3613 8.66587 2.4
      vertex 75.437 8.88883 0
      vertex 75.437 8.88883 2.4
    endloop
  endfacet
  facet normal 0.94691 -0.321498 0
    outer loop
      vertex 75.437 8.88883 0
      vertex 75.3613 8.66587 2.4
      vertex 75.3613 8.66587 0
    endloop
  endfacet
  facet normal 0.321537 0.946897 -0
    outer loop
      vertex 76.6341 6.06133 0
      vertex 76.4112 6.13702 2.4
      vertex 76.6341 6.06133 2.4
    endloop
  endfacet
  facet normal 0.321537 0.946897 0
    outer loop
      vertex 76.4112 6.13702 2.4
      vertex 76.6341 6.06133 0
      vertex 76.4112 6.13702 0
    endloop
  endfacet
  facet normal 0.442212 0.89691 -0
    outer loop
      vertex 76.4112 6.13702 0
      vertex 76.2 6.24115 2.4
      vertex 76.4112 6.13702 2.4
    endloop
  endfacet
  facet normal 0.442212 0.89691 0
    outer loop
      vertex 76.2 6.24115 2.4
      vertex 76.4112 6.13702 0
      vertex 76.2 6.24115 0
    endloop
  endfacet
  facet normal -1 0 0
    outer loop
      vertex 84.3 7.8 0
      vertex 84.3 8.2 2.4
      vertex 84.3 8.2 0
    endloop
  endfacet
  facet normal -1 -0 0
    outer loop
      vertex 84.3 8.2 2.4
      vertex 84.3 7.8 0
      vertex 84.3 7.8 2.4
    endloop
  endfacet
  facet normal 0.195014 -0.980801 0
    outer loop
      vertex 76.6341 9.93867 0
      vertex 76.8651 9.9846 2.4
      vertex 76.6341 9.93867 2.4
    endloop
  endfacet
  facet normal 0.195014 -0.980801 0
    outer loop
      vertex 76.8651 9.9846 2.4
      vertex 76.6341 9.93867 0
      vertex 76.8651 9.9846 0
    endloop
  endfacet
  facet normal 0.555513 -0.831508 0
    outer loop
      vertex 76.0042 9.62804 0
      vertex 76.2 9.75885 2.4
      vertex 76.0042 9.62804 2.4
    endloop
  endfacet
  facet normal 0.555513 -0.831508 0
    outer loop
      vertex 76.2 9.75885 2.4
      vertex 76.0042 9.62804 0
      vertex 76.2 9.75885 0
    endloop
  endfacet
  facet normal -0.442212 0.89691 0
    outer loop
      vertex 83.4 6.24115 0
      vertex 83.1888 6.13702 2.4
      vertex 83.4 6.24115 2.4
    endloop
  endfacet
  facet normal -0.442212 0.89691 0
    outer loop
      vertex 83.1888 6.13702 2.4
      vertex 83.4 6.24115 0
      vertex 83.1888 6.13702 0
    endloop
  endfacet
  facet normal 0.980812 -0.194956 0
    outer loop
      vertex 75.3154 8.43495 2.4
      vertex 75.3613 8.66587 0
      vertex 75.3613 8.66587 2.4
    endloop
  endfacet
  facet normal 0.980812 -0.194956 0
    outer loop
      vertex 75.3613 8.66587 0
      vertex 75.3154 8.43495 2.4
      vertex 75.3154 8.43495 0
    endloop
  endfacet
  facet normal -0.896767 -0.442502 0
    outer loop
      vertex 84.163 8.88883 0
      vertex 84.0588 9.1 2.4
      vertex 84.0588 9.1 0
    endloop
  endfacet
  facet normal -0.896767 -0.442502 0
    outer loop
      vertex 84.0588 9.1 2.4
      vertex 84.163 8.88883 0
      vertex 84.163 8.88883 2.4
    endloop
  endfacet
  facet normal -0.659406 -0.751787 0
    outer loop
      vertex 83.5958 9.62804 0
      vertex 83.7728 9.47279 2.4
      vertex 83.5958 9.62804 2.4
    endloop
  endfacet
  facet normal -0.659406 -0.751787 -0
    outer loop
      vertex 83.7728 9.47279 2.4
      vertex 83.5958 9.62804 0
      vertex 83.7728 9.47279 0
    endloop
  endfacet
  facet normal 0.896767 0.442502 0
    outer loop
      vertex 75.5412 6.9 2.4
      vertex 75.437 7.11117 0
      vertex 75.437 7.11117 2.4
    endloop
  endfacet
  facet normal 0.896767 0.442502 0
    outer loop
      vertex 75.437 7.11117 0
      vertex 75.5412 6.9 2.4
      vertex 75.5412 6.9 0
    endloop
  endfacet
  facet normal -0.896767 0.442502 0
    outer loop
      vertex 84.0588 6.9 0
      vertex 84.163 7.11117 2.4
      vertex 84.163 7.11117 0
    endloop
  endfacet
  facet normal -0.896767 0.442502 0
    outer loop
      vertex 84.163 7.11117 2.4
      vertex 84.0588 6.9 0
      vertex 84.0588 6.9 2.4
    endloop
  endfacet
  facet normal 0.831488 0.555543 0
    outer loop
      vertex 75.672 6.70423 2.4
      vertex 75.5412 6.9 0
      vertex 75.5412 6.9 2.4
    endloop
  endfacet
  facet normal 0.831488 0.555543 0
    outer loop
      vertex 75.5412 6.9 0
      vertex 75.672 6.70423 2.4
      vertex 75.672 6.70423 0
    endloop
  endfacet
  facet normal 0.659406 -0.751787 0
    outer loop
      vertex 75.8272 9.47279 0
      vertex 76.0042 9.62804 2.4
      vertex 75.8272 9.47279 2.4
    endloop
  endfacet
  facet normal 0.659406 -0.751787 0
    outer loop
      vertex 76.0042 9.62804 2.4
      vertex 75.8272 9.47279 0
      vertex 76.0042 9.62804 0
    endloop
  endfacet
  facet normal -0.195014 -0.980801 0
    outer loop
      vertex 82.7349 9.9846 0
      vertex 82.9659 9.93867 2.4
      vertex 82.7349 9.9846 2.4
    endloop
  endfacet
  facet normal -0.195014 -0.980801 -0
    outer loop
      vertex 82.9659 9.93867 2.4
      vertex 82.7349 9.9846 0
      vertex 82.9659 9.93867 0
    endloop
  endfacet
  facet normal -0.0654194 -0.997858 0
    outer loop
      vertex 82.5 10 0
      vertex 82.7349 9.9846 2.4
      vertex 82.5 10 2.4
    endloop
  endfacet
  facet normal -0.0654194 -0.997858 -0
    outer loop
      vertex 82.7349 9.9846 2.4
      vertex 82.5 10 0
      vertex 82.7349 9.9846 0
    endloop
  endfacet
  facet normal -0.442212 -0.89691 0
    outer loop
      vertex 83.1888 9.86298 0
      vertex 83.4 9.75885 2.4
      vertex 83.1888 9.86298 2.4
    endloop
  endfacet
  facet normal -0.442212 -0.89691 -0
    outer loop
      vertex 83.4 9.75885 2.4
      vertex 83.1888 9.86298 0
      vertex 83.4 9.75885 0
    endloop
  endfacet
  facet normal 0.0654194 0.997858 -0
    outer loop
      vertex 77.1 6 0
      vertex 76.8651 6.0154 2.4
      vertex 77.1 6 2.4
    endloop
  endfacet
  facet normal 0.0654194 0.997858 0
    outer loop
      vertex 76.8651 6.0154 2.4
      vertex 77.1 6 0
      vertex 76.8651 6.0154 0
    endloop
  endfacet
  facet normal -0.997859 -0.0654055 0
    outer loop
      vertex 84.3 8.2 0
      vertex 84.2846 8.43495 2.4
      vertex 84.2846 8.43495 0
    endloop
  endfacet
  facet normal -0.997859 -0.0654055 0
    outer loop
      vertex 84.2846 8.43495 2.4
      vertex 84.3 8.2 0
      vertex 84.3 8.2 2.4
    endloop
  endfacet
  facet normal -0.195014 0.980801 0
    outer loop
      vertex 82.9659 6.06133 0
      vertex 82.7349 6.0154 2.4
      vertex 82.9659 6.06133 2.4
    endloop
  endfacet
  facet normal -0.195014 0.980801 0
    outer loop
      vertex 82.7349 6.0154 2.4
      vertex 82.9659 6.06133 0
      vertex 82.7349 6.0154 0
    endloop
  endfacet
  facet normal -0.94691 -0.321498 0
    outer loop
      vertex 84.2387 8.66587 0
      vertex 84.163 8.88883 2.4
      vertex 84.163 8.88883 0
    endloop
  endfacet
  facet normal -0.94691 -0.321498 0
    outer loop
      vertex 84.163 8.88883 2.4
      vertex 84.2387 8.66587 0
      vertex 84.2387 8.66587 2.4
    endloop
  endfacet
  facet normal -0.555513 0.831508 0
    outer loop
      vertex 83.5958 6.37196 0
      vertex 83.4 6.24115 2.4
      vertex 83.5958 6.37196 2.4
    endloop
  endfacet
  facet normal -0.555513 0.831508 0
    outer loop
      vertex 83.4 6.24115 2.4
      vertex 83.5958 6.37196 0
      vertex 83.4 6.24115 0
    endloop
  endfacet
  facet normal 0 1 -0
    outer loop
      vertex 82.5 6 0
      vertex 77.1 6 2.4
      vertex 82.5 6 2.4
    endloop
  endfacet
  facet normal 0 1 0
    outer loop
      vertex 77.1 6 2.4
      vertex 82.5 6 0
      vertex 77.1 6 0
    endloop
  endfacet
  facet normal -0.980812 -0.194956 0
    outer loop
      vertex 84.2846 8.43495 0
      vertex 84.2387 8.66587 2.4
      vertex 84.2387 8.66587 0
    endloop
  endfacet
  facet normal -0.980812 -0.194956 0
    outer loop
      vertex 84.2387 8.66587 2.4
      vertex 84.2846 8.43495 0
      vertex 84.2846 8.43495 2.4
    endloop
  endfacet
  facet normal 0.997859 0.0654055 0
    outer loop
      vertex 75.3154 7.56505 2.4
      vertex 75.3 7.8 0
      vertex 75.3 7.8 2.4
    endloop
  endfacet
  facet normal 0.997859 0.0654055 0
    outer loop
      vertex 75.3 7.8 0
      vertex 75.3154 7.56505 2.4
      vertex 75.3154 7.56505 0
    endloop
  endfacet
  facet normal -0.831488 0.555543 0
    outer loop
      vertex 83.928 6.70423 0
      vertex 84.0588 6.9 2.4
      vertex 84.0588 6.9 0
    endloop
  endfacet
  facet normal -0.831488 0.555543 0
    outer loop
      vertex 84.0588 6.9 2.4
      vertex 83.928 6.70423 0
      vertex 83.928 6.70423 2.4
    endloop
  endfacet
  facet normal -0.751929 0.659244 0
    outer loop
      vertex 83.7728 6.52721 0
      vertex 83.928 6.70423 2.4
      vertex 83.928 6.70423 0
    endloop
  endfacet
  facet normal -0.751929 0.659244 0
    outer loop
      vertex 83.928 6.70423 2.4
      vertex 83.7728 6.52721 0
      vertex 83.7728 6.52721 2.4
    endloop
  endfacet
  facet normal -0.321537 0.946897 0
    outer loop
      vertex 83.1888 6.13702 0
      vertex 82.9659 6.06133 2.4
      vertex 83.1888 6.13702 2.4
    endloop
  endfacet
  facet normal -0.321537 0.946897 0
    outer loop
      vertex 82.9659 6.06133 2.4
      vertex 83.1888 6.13702 0
      vertex 82.9659 6.06133 0
    endloop
  endfacet
  facet normal 0.195014 0.980801 -0
    outer loop
      vertex 76.8651 6.0154 0
      vertex 76.6341 6.06133 2.4
      vertex 76.8651 6.0154 2.4
    endloop
  endfacet
  facet normal 0.195014 0.980801 0
    outer loop
      vertex 76.6341 6.06133 2.4
      vertex 76.8651 6.0154 0
      vertex 76.6341 6.06133 0
    endloop
  endfacet
  facet normal -0.997859 0.0654055 0
    outer loop
      vertex 84.2846 7.56505 0
      vertex 84.3 7.8 2.4
      vertex 84.3 7.8 0
    endloop
  endfacet
  facet normal -0.997859 0.0654055 0
    outer loop
      vertex 84.3 7.8 2.4
      vertex 84.2846 7.56505 0
      vertex 84.2846 7.56505 2.4
    endloop
  endfacet
  facet normal 0.751929 -0.659244 0
    outer loop
      vertex 75.672 9.29577 2.4
      vertex 75.8272 9.47279 0
      vertex 75.8272 9.47279 2.4
    endloop
  endfacet
  facet normal 0.751929 -0.659244 0
    outer loop
      vertex 75.8272 9.47279 0
      vertex 75.672 9.29577 2.4
      vertex 75.672 9.29577 0
    endloop
  endfacet
  facet normal 0.896767 -0.442502 0
    outer loop
      vertex 75.437 8.88883 2.4
      vertex 75.5412 9.1 0
      vertex 75.5412 9.1 2.4
    endloop
  endfacet
  facet normal 0.896767 -0.442502 0
    outer loop
      vertex 75.5412 9.1 0
      vertex 75.437 8.88883 2.4
      vertex 75.437 8.88883 0
    endloop
  endfacet
  facet normal 0.980812 0.194956 0
    outer loop
      vertex 75.3613 7.33413 2.4
      vertex 75.3154 7.56505 0
      vertex 75.3154 7.56505 2.4
    endloop
  endfacet
  facet normal 0.980812 0.194956 0
    outer loop
      vertex 75.3154 7.56505 0
      vertex 75.3613 7.33413 2.4
      vertex 75.3613 7.33413 0
    endloop
  endfacet
  facet normal -0.0654194 0.997858 0
    outer loop
      vertex 82.7349 6.0154 0
      vertex 82.5 6 2.4
      vertex 82.7349 6.0154 2.4
    endloop
  endfacet
  facet normal -0.0654194 0.997858 0
    outer loop
      vertex 82.5 6 2.4
      vertex 82.7349 6.0154 0
      vertex 82.5 6 0
    endloop
  endfacet
  facet normal 0.94691 0.321498 0
    outer loop
      vertex 75.437 7.11117 2.4
      vertex 75.3613 7.33413 0
      vertex 75.3613 7.33413 2.4
    endloop
  endfacet
  facet normal 0.94691 0.321498 0
    outer loop
      vertex 75.3613 7.33413 0
      vertex 75.437 7.11117 2.4
      vertex 75.437 7.11117 0
    endloop
  endfacet
  facet normal -0.751929 -0.659244 0
    outer loop
      vertex 83.928 9.29577 0
      vertex 83.7728 9.47279 2.4
      vertex 83.7728 9.47279 0
    endloop
  endfacet
  facet normal -0.751929 -0.659244 0
    outer loop
      vertex 83.7728 9.47279 2.4
      vertex 83.928 9.29577 0
      vertex 83.928 9.29577 2.4
    endloop
  endfacet
  facet normal 0.831488 -0.555543 0
    outer loop
      vertex 75.5412 9.1 2.4
      vertex 75.672 9.29577 0
      vertex 75.672 9.29577 2.4
    endloop
  endfacet
  facet normal 0.831488 -0.555543 0
    outer loop
      vertex 75.672 9.29577 0
      vertex 75.5412 9.1 2.4
      vertex 75.5412 9.1 0
    endloop
  endfacet
  facet normal 0.751929 0.659244 0
    outer loop
      vertex 75.8272 6.52721 2.4
      vertex 75.672 6.70423 0
      vertex 75.672 6.70423 2.4
    endloop
  endfacet
  facet normal 0.751929 0.659244 0
    outer loop
      vertex 75.672 6.70423 0
      vertex 75.8272 6.52721 2.4
      vertex 75.8272 6.52721 0
    endloop
  endfacet
  facet normal 1 -0 0
    outer loop
      vertex 75.3 7.8 2.4
      vertex 75.3 8.2 0
      vertex 75.3 8.2 2.4
    endloop
  endfacet
  facet normal 1 0 0
    outer loop
      vertex 75.3 8.2 0
      vertex 75.3 7.8 2.4
      vertex 75.3 7.8 0
    endloop
  endfacet
  facet normal 0.555513 0.831508 -0
    outer loop
      vertex 76.2 6.24115 0
      vertex 76.0042 6.37196 2.4
      vertex 76.2 6.24115 2.4
    endloop
  endfacet
  facet normal 0.555513 0.831508 0
    outer loop
      vertex 76.0042 6.37196 2.4
      vertex 76.2 6.24115 0
      vertex 76.0042 6.37196 0
    endloop
  endfacet
  facet normal 0.659406 0.751787 -0
    outer loop
      vertex 76.0042 6.37196 0
      vertex 75.8272 6.52721 2.4
      vertex 76.0042 6.37196 2.4
    endloop
  endfacet
  facet normal 0.659406 0.751787 0
    outer loop
      vertex 75.8272 6.52721 2.4
      vertex 76.0042 6.37196 0
      vertex 75.8272 6.52721 0
    endloop
  endfacet
  facet normal -0.659406 0.751787 0
    outer loop
      vertex 83.7728 6.52721 0
      vertex 83.5958 6.37196 2.4
      vertex 83.7728 6.52721 2.4
    endloop
  endfacet
  facet normal -0.659406 0.751787 0
    outer loop
      vertex 83.5958 6.37196 2.4
      vertex 83.7728 6.52721 0
      vertex 83.5958 6.37196 0
    endloop
  endfacet
  facet normal -0.555513 -0.831508 0
    outer loop
      vertex 83.4 9.75885 0
      vertex 83.5958 9.62804 2.4
      vertex 83.4 9.75885 2.4
    endloop
  endfacet
  facet normal -0.555513 -0.831508 -0
    outer loop
      vertex 83.5958 9.62804 2.4
      vertex 83.4 9.75885 0
      vertex 83.5958 9.62804 0
    endloop
  endfacet
  facet normal -0.980812 0.194956 0
    outer loop
      vertex 84.2387 7.33413 0
      vertex 84.2846 7.56505 2.4
      vertex 84.2846 7.56505 0
    endloop
  endfacet
  facet normal -0.980812 0.194956 0
    outer loop
      vertex 84.2846 7.56505 2.4
      vertex 84.2387 7.33413 0
      vertex 84.2387 7.33413 2.4
    endloop
  endfacet
  facet normal 0.997859 -0.0654055 0
    outer loop
      vertex 75.3 8.2 2.4
      vertex 75.3154 8.43495 0
      vertex 75.3154 8.43495 2.4
    endloop
  endfacet
  facet normal 0.997859 -0.0654055 0
    outer loop
      vertex 75.3154 8.43495 0
      vertex 75.3 8.2 2.4
      vertex 75.3 8.2 0
    endloop
  endfacet
  facet normal -0.94691 0.321498 0
    outer loop
      vertex 84.163 7.11117 0
      vertex 84.2387 7.33413 2.4
      vertex 84.2387 7.33413 0
    endloop
  endfacet
  facet normal -0.94691 0.321498 0
    outer loop
      vertex 84.2387 7.33413 2.4
      vertex 84.163 7.11117 0
      vertex 84.163 7.11117 2.4
    endloop
  endfacet
  facet normal 0.321575 -0.946884 0
    outer loop
      vertex 76.4112 16.863 0
      vertex 76.6341 16.9387 2.4
      vertex 76.4112 16.863 2.4
    endloop
  endfacet
  facet normal 0.321575 -0.946884 0
    outer loop
      vertex 76.6341 16.9387 2.4
      vertex 76.4112 16.863 0
      vertex 76.6341 16.9387 0
    endloop
  endfacet
  facet normal 0 -1 0
    outer loop
      vertex 77.1 17 0
      vertex 82.5 17 2.4
      vertex 77.1 17 2.4
    endloop
  endfacet
  facet normal 0 -1 -0
    outer loop
      vertex 82.5 17 2.4
      vertex 77.1 17 0
      vertex 82.5 17 0
    endloop
  endfacet
  facet normal -0.831527 -0.555484 0
    outer loop
      vertex 84.0588 16.1 0
      vertex 83.928 16.2958 2.4
      vertex 83.928 16.2958 0
    endloop
  endfacet
  facet normal -0.831527 -0.555484 0
    outer loop
      vertex 83.928 16.2958 2.4
      vertex 84.0588 16.1 0
      vertex 84.0588 16.1 2.4
    endloop
  endfacet
  facet normal 0.0654194 -0.997858 0
    outer loop
      vertex 76.8651 16.9846 0
      vertex 77.1 17 2.4
      vertex 76.8651 16.9846 2.4
    endloop
  endfacet
  facet normal 0.0654194 -0.997858 0
    outer loop
      vertex 77.1 17 2.4
      vertex 76.8651 16.9846 0
      vertex 77.1 17 0
    endloop
  endfacet
  facet normal 0.442452 -0.896792 0
    outer loop
      vertex 76.2 16.7588 0
      vertex 76.4112 16.863 2.4
      vertex 76.2 16.7588 2.4
    endloop
  endfacet
  facet normal 0.442452 -0.896792 0
    outer loop
      vertex 76.4112 16.863 2.4
      vertex 76.2 16.7588 0
      vertex 76.4112 16.863 0
    endloop
  endfacet
  facet normal -0.321575 -0.946884 0
    outer loop
      vertex 82.9659 16.9387 0
      vertex 83.1888 16.863 2.4
      vertex 82.9659 16.9387 2.4
    endloop
  endfacet
  facet normal -0.321575 -0.946884 -0
    outer loop
      vertex 83.1888 16.863 2.4
      vertex 82.9659 16.9387 0
      vertex 83.1888 16.863 0
    endloop
  endfacet
  facet normal 0.946884 -0.321575 0
    outer loop
      vertex 75.3613 15.6659 2.4
      vertex 75.437 15.8888 0
      vertex 75.437 15.8888 2.4
    endloop
  endfacet
  facet normal 0.946884 -0.321575 0
    outer loop
      vertex 75.437 15.8888 0
      vertex 75.3613 15.6659 2.4
      vertex 75.3613 15.6659 0
    endloop
  endfacet
  facet normal 0.442452 0.896792 -0
    outer loop
      vertex 76.4112 13.137 0
      vertex 76.2 13.2412 2.4
      vertex 76.4112 13.137 2.4
    endloop
  endfacet
  facet normal 0.442452 0.896792 0
    outer loop
      vertex 76.2 13.2412 2.4
      vertex 76.4112 13.137 0
      vertex 76.2 13.2412 0
    endloop
  endfacet
  facet normal -1 0 0
    outer loop
      vertex 84.3 14.8 0
      vertex 84.3 15.2 2.4
      vertex 84.3 15.2 0
    endloop
  endfacet
  facet normal -1 -0 0
    outer loop
      vertex 84.3 15.2 2.4
      vertex 84.3 14.8 0
      vertex 84.3 14.8 2.4
    endloop
  endfacet
  facet normal 0.194891 -0.980825 0
    outer loop
      vertex 76.6341 16.9387 0
      vertex 76.8651 16.9846 2.4
      vertex 76.6341 16.9387 2.4
    endloop
  endfacet
  facet normal 0.194891 -0.980825 0
    outer loop
      vertex 76.8651 16.9846 2.4
      vertex 76.6341 16.9387 0
      vertex 76.8651 16.9846 0
    endloop
  endfacet
  facet normal 0.555484 -0.831527 0
    outer loop
      vertex 76.0042 16.628 0
      vertex 76.2 16.7588 2.4
      vertex 76.0042 16.628 2.4
    endloop
  endfacet
  facet normal 0.555484 -0.831527 0
    outer loop
      vertex 76.2 16.7588 2.4
      vertex 76.0042 16.628 0
      vertex 76.2 16.7588 0
    endloop
  endfacet
  facet normal -0.442452 0.896792 0
    outer loop
      vertex 83.4 13.2412 0
      vertex 83.1888 13.137 2.4
      vertex 83.4 13.2412 2.4
    endloop
  endfacet
  facet normal -0.442452 0.896792 0
    outer loop
      vertex 83.1888 13.137 2.4
      vertex 83.4 13.2412 0
      vertex 83.1888 13.137 0
    endloop
  endfacet
  facet normal 0.980825 -0.194891 0
    outer loop
      vertex 75.3154 15.4349 2.4
      vertex 75.3613 15.6659 0
      vertex 75.3613 15.6659 2.4
    endloop
  endfacet
  facet normal 0.980825 -0.194891 0
    outer loop
      vertex 75.3613 15.6659 0
      vertex 75.3154 15.4349 2.4
      vertex 75.3154 15.4349 0
    endloop
  endfacet
  facet normal -0.896792 -0.442452 0
    outer loop
      vertex 84.163 15.8888 0
      vertex 84.0588 16.1 2.4
      vertex 84.0588 16.1 0
    endloop
  endfacet
  facet normal -0.896792 -0.442452 0
    outer loop
      vertex 84.0588 16.1 2.4
      vertex 84.163 15.8888 0
      vertex 84.163 15.8888 2.4
    endloop
  endfacet
  facet normal -0.659286 -0.751892 0
    outer loop
      vertex 83.5958 16.628 0
      vertex 83.7728 16.4728 2.4
      vertex 83.5958 16.628 2.4
    endloop
  endfacet
  facet normal -0.659286 -0.751892 -0
    outer loop
      vertex 83.7728 16.4728 2.4
      vertex 83.5958 16.628 0
      vertex 83.7728 16.4728 0
    endloop
  endfacet
  facet normal 0.896792 0.442452 0
    outer loop
      vertex 75.5412 13.9 2.4
      vertex 75.437 14.1112 0
      vertex 75.437 14.1112 2.4
    endloop
  endfacet
  facet normal 0.896792 0.442452 0
    outer loop
      vertex 75.437 14.1112 0
      vertex 75.5412 13.9 2.4
      vertex 75.5412 13.9 0
    endloop
  endfacet
  facet normal -0.896792 0.442452 0
    outer loop
      vertex 84.0588 13.9 0
      vertex 84.163 14.1112 2.4
      vertex 84.163 14.1112 0
    endloop
  endfacet
  facet normal -0.896792 0.442452 0
    outer loop
      vertex 84.163 14.1112 2.4
      vertex 84.0588 13.9 0
      vertex 84.0588 13.9 2.4
    endloop
  endfacet
  facet normal 0.831527 0.555484 0
    outer loop
      vertex 75.672 13.7042 2.4
      vertex 75.5412 13.9 0
      vertex 75.5412 13.9 2.4
    endloop
  endfacet
  facet normal 0.831527 0.555484 0
    outer loop
      vertex 75.5412 13.9 0
      vertex 75.672 13.7042 2.4
      vertex 75.672 13.7042 0
    endloop
  endfacet
  facet normal 0.659286 -0.751892 0
    outer loop
      vertex 75.8272 16.4728 0
      vertex 76.0042 16.628 2.4
      vertex 75.8272 16.4728 2.4
    endloop
  endfacet
  facet normal 0.659286 -0.751892 0
    outer loop
      vertex 76.0042 16.628 2.4
      vertex 75.8272 16.4728 0
      vertex 76.0042 16.628 0
    endloop
  endfacet
  facet normal -0.194891 -0.980825 0
    outer loop
      vertex 82.7349 16.9846 0
      vertex 82.9659 16.9387 2.4
      vertex 82.7349 16.9846 2.4
    endloop
  endfacet
  facet normal -0.194891 -0.980825 -0
    outer loop
      vertex 82.9659 16.9387 2.4
      vertex 82.7349 16.9846 0
      vertex 82.9659 16.9387 0
    endloop
  endfacet
  facet normal -0.0654194 -0.997858 0
    outer loop
      vertex 82.5 17 0
      vertex 82.7349 16.9846 2.4
      vertex 82.5 17 2.4
    endloop
  endfacet
  facet normal -0.0654194 -0.997858 -0
    outer loop
      vertex 82.7349 16.9846 2.4
      vertex 82.5 17 0
      vertex 82.7349 16.9846 0
    endloop
  endfacet
  facet normal 0.0654194 0.997858 -0
    outer loop
      vertex 77.1 13 0
      vertex 76.8651 13.0154 2.4
      vertex 77.1 13 2.4
    endloop
  endfacet
  facet normal 0.0654194 0.997858 0
    outer loop
      vertex 76.8651 13.0154 2.4
      vertex 77.1 13 0
      vertex 76.8651 13.0154 0
    endloop
  endfacet
  facet normal -0.997858 -0.0654194 0
    outer loop
      vertex 84.3 15.2 0
      vertex 84.2846 15.4349 2.4
      vertex 84.2846 15.4349 0
    endloop
  endfacet
  facet normal -0.997858 -0.0654194 0
    outer loop
      vertex 84.2846 15.4349 2.4
      vertex 84.3 15.2 0
      vertex 84.3 15.2 2.4
    endloop
  endfacet
  facet normal -0.194891 0.980825 0
    outer loop
      vertex 82.9659 13.0613 0
      vertex 82.7349 13.0154 2.4
      vertex 82.9659 13.0613 2.4
    endloop
  endfacet
  facet normal -0.194891 0.980825 0
    outer loop
      vertex 82.7349 13.0154 2.4
      vertex 82.9659 13.0613 0
      vertex 82.7349 13.0154 0
    endloop
  endfacet
  facet normal -0.946884 -0.321575 0
    outer loop
      vertex 84.2387 15.6659 0
      vertex 84.163 15.8888 2.4
      vertex 84.163 15.8888 0
    endloop
  endfacet
  facet normal -0.946884 -0.321575 0
    outer loop
      vertex 84.163 15.8888 2.4
      vertex 84.2387 15.6659 0
      vertex 84.2387 15.6659 2.4
    endloop
  endfacet
  facet normal -0.555484 0.831527 0
    outer loop
      vertex 83.5958 13.372 0
      vertex 83.4 13.2412 2.4
      vertex 83.5958 13.372 2.4
    endloop
  endfacet
  facet normal -0.555484 0.831527 0
    outer loop
      vertex 83.4 13.2412 2.4
      vertex 83.5958 13.372 0
      vertex 83.4 13.2412 0
    endloop
  endfacet
  facet normal 0 1 -0
    outer loop
      vertex 82.5 13 0
      vertex 77.1 13 2.4
      vertex 82.5 13 2.4
    endloop
  endfacet
  facet normal 0 1 0
    outer loop
      vertex 77.1 13 2.4
      vertex 82.5 13 0
      vertex 77.1 13 0
    endloop
  endfacet
  facet normal -0.980825 -0.194891 0
    outer loop
      vertex 84.2846 15.4349 0
      vertex 84.2387 15.6659 2.4
      vertex 84.2387 15.6659 0
    endloop
  endfacet
  facet normal -0.980825 -0.194891 0
    outer loop
      vertex 84.2387 15.6659 2.4
      vertex 84.2846 15.4349 0
      vertex 84.2846 15.4349 2.4
    endloop
  endfacet
  facet normal 0.997858 0.0654194 0
    outer loop
      vertex 75.3154 14.5651 2.4
      vertex 75.3 14.8 0
      vertex 75.3 14.8 2.4
    endloop
  endfacet
  facet normal 0.997858 0.0654194 0
    outer loop
      vertex 75.3 14.8 0
      vertex 75.3154 14.5651 2.4
      vertex 75.3154 14.5651 0
    endloop
  endfacet
  facet normal 0.946884 0.321575 0
    outer loop
      vertex 75.437 14.1112 2.4
      vertex 75.3613 14.3341 0
      vertex 75.3613 14.3341 2.4
    endloop
  endfacet
  facet normal 0.946884 0.321575 0
    outer loop
      vertex 75.3613 14.3341 0
      vertex 75.437 14.1112 2.4
      vertex 75.437 14.1112 0
    endloop
  endfacet
  facet normal 0.555484 0.831527 -0
    outer loop
      vertex 76.2 13.2412 0
      vertex 76.0042 13.372 2.4
      vertex 76.2 13.2412 2.4
    endloop
  endfacet
  facet normal 0.555484 0.831527 0
    outer loop
      vertex 76.0042 13.372 2.4
      vertex 76.2 13.2412 0
      vertex 76.0042 13.372 0
    endloop
  endfacet
  facet normal -0.831527 0.555484 0
    outer loop
      vertex 83.928 13.7042 0
      vertex 84.0588 13.9 2.4
      vertex 84.0588 13.9 0
    endloop
  endfacet
  facet normal -0.831527 0.555484 0
    outer loop
      vertex 84.0588 13.9 2.4
      vertex 83.928 13.7042 0
      vertex 83.928 13.7042 2.4
    endloop
  endfacet
  facet normal -0.751892 0.659286 0
    outer loop
      vertex 83.7728 13.5272 0
      vertex 83.928 13.7042 2.4
      vertex 83.928 13.7042 0
    endloop
  endfacet
  facet normal -0.751892 0.659286 0
    outer loop
      vertex 83.928 13.7042 2.4
      vertex 83.7728 13.5272 0
      vertex 83.7728 13.5272 2.4
    endloop
  endfacet
  facet normal -0.321575 0.946884 0
    outer loop
      vertex 83.1888 13.137 0
      vertex 82.9659 13.0613 2.4
      vertex 83.1888 13.137 2.4
    endloop
  endfacet
  facet normal -0.321575 0.946884 0
    outer loop
      vertex 82.9659 13.0613 2.4
      vertex 83.1888 13.137 0
      vertex 82.9659 13.0613 0
    endloop
  endfacet
  facet normal 0.194891 0.980825 -0
    outer loop
      vertex 76.8651 13.0154 0
      vertex 76.6341 13.0613 2.4
      vertex 76.8651 13.0154 2.4
    endloop
  endfacet
  facet normal 0.194891 0.980825 0
    outer loop
      vertex 76.6341 13.0613 2.4
      vertex 76.8651 13.0154 0
      vertex 76.6341 13.0613 0
    endloop
  endfacet
  facet normal -0.997858 0.0654194 0
    outer loop
      vertex 84.2846 14.5651 0
      vertex 84.3 14.8 2.4
      vertex 84.3 14.8 0
    endloop
  endfacet
  facet normal -0.997858 0.0654194 0
    outer loop
      vertex 84.3 14.8 2.4
      vertex 84.2846 14.5651 0
      vertex 84.2846 14.5651 2.4
    endloop
  endfacet
  facet normal 0.751892 -0.659286 0
    outer loop
      vertex 75.672 16.2958 2.4
      vertex 75.8272 16.4728 0
      vertex 75.8272 16.4728 2.4
    endloop
  endfacet
  facet normal 0.751892 -0.659286 0
    outer loop
      vertex 75.8272 16.4728 0
      vertex 75.672 16.2958 2.4
      vertex 75.672 16.2958 0
    endloop
  endfacet
  facet normal 0.896792 -0.442452 0
    outer loop
      vertex 75.437 15.8888 2.4
      vertex 75.5412 16.1 0
      vertex 75.5412 16.1 2.4
    endloop
  endfacet
  facet normal 0.896792 -0.442452 0
    outer loop
      vertex 75.5412 16.1 0
      vertex 75.437 15.8888 2.4
      vertex 75.437 15.8888 0
    endloop
  endfacet
  facet normal 0.980825 0.194891 0
    outer loop
      vertex 75.3613 14.3341 2.4
      vertex 75.3154 14.5651 0
      vertex 75.3154 14.5651 2.4
    endloop
  endfacet
  facet normal 0.980825 0.194891 0
    outer loop
      vertex 75.3154 14.5651 0
      vertex 75.3613 14.3341 2.4
      vertex 75.3613 14.3341 0
    endloop
  endfacet
  facet normal -0.0654194 0.997858 0
    outer loop
      vertex 82.7349 13.0154 0
      vertex 82.5 13 2.4
      vertex 82.7349 13.0154 2.4
    endloop
  endfacet
  facet normal -0.0654194 0.997858 0
    outer loop
      vertex 82.5 13 2.4
      vertex 82.7349 13.0154 0
      vertex 82.5 13 0
    endloop
  endfacet
  facet normal -0.751892 -0.659286 0
    outer loop
      vertex 83.928 16.2958 0
      vertex 83.7728 16.4728 2.4
      vertex 83.7728 16.4728 0
    endloop
  endfacet
  facet normal -0.751892 -0.659286 0
    outer loop
      vertex 83.7728 16.4728 2.4
      vertex 83.928 16.2958 0
      vertex 83.928 16.2958 2.4
    endloop
  endfacet
  facet normal 0.831527 -0.555484 0
    outer loop
      vertex 75.5412 16.1 2.4
      vertex 75.672 16.2958 0
      vertex 75.672 16.2958 2.4
    endloop
  endfacet
  facet normal 0.831527 -0.555484 0
    outer loop
      vertex 75.672 16.2958 0
      vertex 75.5412 16.1 2.4
      vertex 75.5412 16.1 0
    endloop
  endfacet
  facet normal 0.751892 0.659286 0
    outer loop
      vertex 75.8272 13.5272 2.4
      vertex 75.672 13.7042 0
      vertex 75.672 13.7042 2.4
    endloop
  endfacet
  facet normal 0.751892 0.659286 0
    outer loop
      vertex 75.672 13.7042 0
      vertex 75.8272 13.5272 2.4
      vertex 75.8272 13.5272 0
    endloop
  endfacet
  facet normal 1 -0 0
    outer loop
      vertex 75.3 14.8 2.4
      vertex 75.3 15.2 0
      vertex 75.3 15.2 2.4
    endloop
  endfacet
  facet normal 1 0 0
    outer loop
      vertex 75.3 15.2 0
      vertex 75.3 14.8 2.4
      vertex 75.3 14.8 0
    endloop
  endfacet
  facet normal 0.659286 0.751892 -0
    outer loop
      vertex 76.0042 13.372 0
      vertex 75.8272 13.5272 2.4
      vertex 76.0042 13.372 2.4
    endloop
  endfacet
  facet normal 0.659286 0.751892 0
    outer loop
      vertex 75.8272 13.5272 2.4
      vertex 76.0042 13.372 0
      vertex 75.8272 13.5272 0
    endloop
  endfacet
  facet normal -0.659286 0.751892 0
    outer loop
      vertex 83.7728 13.5272 0
      vertex 83.5958 13.372 2.4
      vertex 83.7728 13.5272 2.4
    endloop
  endfacet
  facet normal -0.659286 0.751892 0
    outer loop
      vertex 83.5958 13.372 2.4
      vertex 83.7728 13.5272 0
      vertex 83.5958 13.372 0
    endloop
  endfacet
  facet normal -0.555484 -0.831527 0
    outer loop
      vertex 83.4 16.7588 0
      vertex 83.5958 16.628 2.4
      vertex 83.4 16.7588 2.4
    endloop
  endfacet
  facet normal -0.555484 -0.831527 -0
    outer loop
      vertex 83.5958 16.628 2.4
      vertex 83.4 16.7588 0
      vertex 83.5958 16.628 0
    endloop
  endfacet
  facet normal -0.442452 -0.896792 0
    outer loop
      vertex 83.1888 16.863 0
      vertex 83.4 16.7588 2.4
      vertex 83.1888 16.863 2.4
    endloop
  endfacet
  facet normal -0.442452 -0.896792 -0
    outer loop
      vertex 83.4 16.7588 2.4
      vertex 83.1888 16.863 0
      vertex 83.4 16.7588 0
    endloop
  endfacet
  facet normal -0.980825 0.194891 0
    outer loop
      vertex 84.2387 14.3341 0
      vertex 84.2846 14.5651 2.4
      vertex 84.2846 14.5651 0
    endloop
  endfacet
  facet normal -0.980825 0.194891 0
    outer loop
      vertex 84.2846 14.5651 2.4
      vertex 84.2387 14.3341 0
      vertex 84.2387 14.3341 2.4
    endloop
  endfacet
  facet normal 0.997858 -0.0654194 0
    outer loop
      vertex 75.3 15.2 2.4
      vertex 75.3154 15.4349 0
      vertex 75.3154 15.4349 2.4
    endloop
  endfacet
  facet normal 0.997858 -0.0654194 0
    outer loop
      vertex 75.3154 15.4349 0
      vertex 75.3 15.2 2.4
      vertex 75.3 15.2 0
    endloop
  endfacet
  facet normal -0.946884 0.321575 0
    outer loop
      vertex 84.163 14.1112 0
      vertex 84.2387 14.3341 2.4
      vertex 84.2387 14.3341 0
    endloop
  endfacet
  facet normal -0.946884 0.321575 0
    outer loop
      vertex 84.2387 14.3341 2.4
      vertex 84.163 14.1112 0
      vertex 84.163 14.1112 2.4
    endloop
  endfacet
  facet normal 0.321575 0.946884 -0
    outer loop
      vertex 76.6341 13.0613 0
      vertex 76.4112 13.137 2.4
      vertex 76.6341 13.0613 2.4
    endloop
  endfacet
  facet normal 0.321575 0.946884 0
    outer loop
      vertex 76.4112 13.137 2.4
      vertex 76.6341 13.0613 0
      vertex 76.4112 13.137 0
    endloop
  endfacet
  facet normal 0.321575 -0.946884 0
    outer loop
      vertex 76.4112 23.863 0
      vertex 76.6341 23.9387 2.4
      vertex 76.4112 23.863 2.4
    endloop
  endfacet
  facet normal 0.321575 -0.946884 0
    outer loop
      vertex 76.6341 23.9387 2.4
      vertex 76.4112 23.863 0
      vertex 76.6341 23.9387 0
    endloop
  endfacet
  facet normal 0 -1 0
    outer loop
      vertex 77.1 24 0
      vertex 82.5 24 2.4
      vertex 77.1 24 2.4
    endloop
  endfacet
  facet normal 0 -1 -0
    outer loop
      vertex 82.5 24 2.4
      vertex 77.1 24 0
      vertex 82.5 24 0
    endloop
  endfacet
  facet normal -0.831527 -0.555484 0
    outer loop
      vertex 84.0588 23.1 0
      vertex 83.928 23.2958 2.4
      vertex 83.928 23.2958 0
    endloop
  endfacet
  facet normal -0.831527 -0.555484 0
    outer loop
      vertex 83.928 23.2958 2.4
      vertex 84.0588 23.1 0
      vertex 84.0588 23.1 2.4
    endloop
  endfacet
  facet normal 0.0654194 -0.997858 0
    outer loop
      vertex 76.8651 23.9846 0
      vertex 77.1 24 2.4
      vertex 76.8651 23.9846 2.4
    endloop
  endfacet
  facet normal 0.0654194 -0.997858 0
    outer loop
      vertex 77.1 24 2.4
      vertex 76.8651 23.9846 0
      vertex 77.1 24 0
    endloop
  endfacet
  facet normal 0.442452 -0.896792 0
    outer loop
      vertex 76.2 23.7588 0
      vertex 76.4112 23.863 2.4
      vertex 76.2 23.7588 2.4
    endloop
  endfacet
  facet normal 0.442452 -0.896792 0
    outer loop
      vertex 76.4112 23.863 2.4
      vertex 76.2 23.7588 0
      vertex 76.4112 23.863 0
    endloop
  endfacet
  facet normal -0.321575 -0.946884 0
    outer loop
      vertex 82.9659 23.9387 0
      vertex 83.1888 23.863 2.4
      vertex 82.9659 23.9387 2.4
    endloop
  endfacet
  facet normal -0.321575 -0.946884 -0
    outer loop
      vertex 83.1888 23.863 2.4
      vertex 82.9659 23.9387 0
      vertex 83.1888 23.863 0
    endloop
  endfacet
  facet normal 0.946884 -0.321575 0
    outer loop
      vertex 75.3613 22.6659 2.4
      vertex 75.437 22.8888 0
      vertex 75.437 22.8888 2.4
    endloop
  endfacet
  facet normal 0.946884 -0.321575 0
    outer loop
      vertex 75.437 22.8888 0
      vertex 75.3613 22.6659 2.4
      vertex 75.3613 22.6659 0
    endloop
  endfacet
  facet normal 0.442452 0.896792 -0
    outer loop
      vertex 76.4112 20.137 0
      vertex 76.2 20.2412 2.4
      vertex 76.4112 20.137 2.4
    endloop
  endfacet
  facet normal 0.442452 0.896792 0
    outer loop
      vertex 76.2 20.2412 2.4
      vertex 76.4112 20.137 0
      vertex 76.2 20.2412 0
    endloop
  endfacet
  facet normal -1 0 0
    outer loop
      vertex 84.3 21.8 0
      vertex 84.3 22.2 2.4
      vertex 84.3 22.2 0
    endloop
  endfacet
  facet normal -1 -0 0
    outer loop
      vertex 84.3 22.2 2.4
      vertex 84.3 21.8 0
      vertex 84.3 21.8 2.4
    endloop
  endfacet
  facet normal 0.194891 -0.980825 0
    outer loop
      vertex 76.6341 23.9387 0
      vertex 76.8651 23.9846 2.4
      vertex 76.6341 23.9387 2.4
    endloop
  endfacet
  facet normal 0.194891 -0.980825 0
    outer loop
      vertex 76.8651 23.9846 2.4
      vertex 76.6341 23.9387 0
      vertex 76.8651 23.9846 0
    endloop
  endfacet
  facet normal 0.555484 -0.831527 0
    outer loop
      vertex 76.0042 23.628 0
      vertex 76.2 23.7588 2.4
      vertex 76.0042 23.628 2.4
    endloop
  endfacet
  facet normal 0.555484 -0.831527 0
    outer loop
      vertex 76.2 23.7588 2.4
      vertex 76.0042 23.628 0
      vertex 76.2 23.7588 0
    endloop
  endfacet
  facet normal -0.442452 0.896792 0
    outer loop
      vertex 83.4 20.2412 0
      vertex 83.1888 20.137 2.4
      vertex 83.4 20.2412 2.4
    endloop
  endfacet
  facet normal -0.442452 0.896792 0
    outer loop
      vertex 83.1888 20.137 2.4
      vertex 83.4 20.2412 0
      vertex 83.1888 20.137 0
    endloop
  endfacet
  facet normal 0.980825 -0.194891 0
    outer loop
      vertex 75.3154 22.4349 2.4
      vertex 75.3613 22.6659 0
      vertex 75.3613 22.6659 2.4
    endloop
  endfacet
  facet normal 0.980825 -0.194891 0
    outer loop
      vertex 75.3613 22.6659 0
      vertex 75.3154 22.4349 2.4
      vertex 75.3154 22.4349 0
    endloop
  endfacet
  facet normal -0.896792 -0.442452 0
    outer loop
      vertex 84.163 22.8888 0
      vertex 84.0588 23.1 2.4
      vertex 84.0588 23.1 0
    endloop
  endfacet
  facet normal -0.896792 -0.442452 0
    outer loop
      vertex 84.0588 23.1 2.4
      vertex 84.163 22.8888 0
      vertex 84.163 22.8888 2.4
    endloop
  endfacet
  facet normal -0.659286 -0.751892 0
    outer loop
      vertex 83.5958 23.628 0
      vertex 83.7728 23.4728 2.4
      vertex 83.5958 23.628 2.4
    endloop
  endfacet
  facet normal -0.659286 -0.751892 -0
    outer loop
      vertex 83.7728 23.4728 2.4
      vertex 83.5958 23.628 0
      vertex 83.7728 23.4728 0
    endloop
  endfacet
  facet normal 0.896792 0.442452 0
    outer loop
      vertex 75.5412 20.9 2.4
      vertex 75.437 21.1112 0
      vertex 75.437 21.1112 2.4
    endloop
  endfacet
  facet normal 0.896792 0.442452 0
    outer loop
      vertex 75.437 21.1112 0
      vertex 75.5412 20.9 2.4
      vertex 75.5412 20.9 0
    endloop
  endfacet
  facet normal -0.896792 0.442452 0
    outer loop
      vertex 84.0588 20.9 0
      vertex 84.163 21.1112 2.4
      vertex 84.163 21.1112 0
    endloop
  endfacet
  facet normal -0.896792 0.442452 0
    outer loop
      vertex 84.163 21.1112 2.4
      vertex 84.0588 20.9 0
      vertex 84.0588 20.9 2.4
    endloop
  endfacet
  facet normal 0.831527 0.555484 0
    outer loop
      vertex 75.672 20.7042 2.4
      vertex 75.5412 20.9 0
      vertex 75.5412 20.9 2.4
    endloop
  endfacet
  facet normal 0.831527 0.555484 0
    outer loop
      vertex 75.5412 20.9 0
      vertex 75.672 20.7042 2.4
      vertex 75.672 20.7042 0
    endloop
  endfacet
  facet normal 0.659286 -0.751892 0
    outer loop
      vertex 75.8272 23.4728 0
      vertex 76.0042 23.628 2.4
      vertex 75.8272 23.4728 2.4
    endloop
  endfacet
  facet normal 0.659286 -0.751892 0
    outer loop
      vertex 76.0042 23.628 2.4
      vertex 75.8272 23.4728 0
      vertex 76.0042 23.628 0
    endloop
  endfacet
  facet normal -0.194891 -0.980825 0
    outer loop
      vertex 82.7349 23.9846 0
      vertex 82.9659 23.9387 2.4
      vertex 82.7349 23.9846 2.4
    endloop
  endfacet
  facet normal -0.194891 -0.980825 -0
    outer loop
      vertex 82.9659 23.9387 2.4
      vertex 82.7349 23.9846 0
      vertex 82.9659 23.9387 0
    endloop
  endfacet
  facet normal -0.0654194 -0.997858 0
    outer loop
      vertex 82.5 24 0
      vertex 82.7349 23.9846 2.4
      vertex 82.5 24 2.4
    endloop
  endfacet
  facet normal -0.0654194 -0.997858 -0
    outer loop
      vertex 82.7349 23.9846 2.4
      vertex 82.5 24 0
      vertex 82.7349 23.9846 0
    endloop
  endfacet
  facet normal -0.442452 -0.896792 0
    outer loop
      vertex 83.1888 23.863 0
      vertex 83.4 23.7588 2.4
      vertex 83.1888 23.863 2.4
    endloop
  endfacet
  facet normal -0.442452 -0.896792 -0
    outer loop
      vertex 83.4 23.7588 2.4
      vertex 83.1888 23.863 0
      vertex 83.4 23.7588 0
    endloop
  endfacet
  facet normal 0.0654194 0.997858 -0
    outer loop
      vertex 77.1 20 0
      vertex 76.8651 20.0154 2.4
      vertex 77.1 20 2.4
    endloop
  endfacet
  facet normal 0.0654194 0.997858 0
    outer loop
      vertex 76.8651 20.0154 2.4
      vertex 77.1 20 0
      vertex 76.8651 20.0154 0
    endloop
  endfacet
  facet normal -0.997858 -0.0654194 0
    outer loop
      vertex 84.3 22.2 0
      vertex 84.2846 22.4349 2.4
      vertex 84.2846 22.4349 0
    endloop
  endfacet
  facet normal -0.997858 -0.0654194 0
    outer loop
      vertex 84.2846 22.4349 2.4
      vertex 84.3 22.2 0
      vertex 84.3 22.2 2.4
    endloop
  endfacet
  facet normal -0.194891 0.980825 0
    outer loop
      vertex 82.9659 20.0613 0
      vertex 82.7349 20.0154 2.4
      vertex 82.9659 20.0613 2.4
    endloop
  endfacet
  facet normal -0.194891 0.980825 0
    outer loop
      vertex 82.7349 20.0154 2.4
      vertex 82.9659 20.0613 0
      vertex 82.7349 20.0154 0
    endloop
  endfacet
  facet normal -0.946884 -0.321575 0
    outer loop
      vertex 84.2387 22.6659 0
      vertex 84.163 22.8888 2.4
      vertex 84.163 22.8888 0
    endloop
  endfacet
  facet normal -0.946884 -0.321575 0
    outer loop
      vertex 84.163 22.8888 2.4
      vertex 84.2387 22.6659 0
      vertex 84.2387 22.6659 2.4
    endloop
  endfacet
  facet normal -0.555484 0.831527 0
    outer loop
      vertex 83.5958 20.372 0
      vertex 83.4 20.2412 2.4
      vertex 83.5958 20.372 2.4
    endloop
  endfacet
  facet normal -0.555484 0.831527 0
    outer loop
      vertex 83.4 20.2412 2.4
      vertex 83.5958 20.372 0
      vertex 83.4 20.2412 0
    endloop
  endfacet
  facet normal 0 1 -0
    outer loop
      vertex 82.5 20 0
      vertex 77.1 20 2.4
      vertex 82.5 20 2.4
    endloop
  endfacet
  facet normal 0 1 0
    outer loop
      vertex 77.1 20 2.4
      vertex 82.5 20 0
      vertex 77.1 20 0
    endloop
  endfacet
  facet normal -0.980825 -0.194891 0
    outer loop
      vertex 84.2846 22.4349 0
      vertex 84.2387 22.6659 2.4
      vertex 84.2387 22.6659 0
    endloop
  endfacet
  facet normal -0.980825 -0.194891 0
    outer loop
      vertex 84.2387 22.6659 2.4
      vertex 84.2846 22.4349 0
      vertex 84.2846 22.4349 2.4
    endloop
  endfacet
  facet normal 0.997858 0.0654194 0
    outer loop
      vertex 75.3154 21.5651 2.4
      vertex 75.3 21.8 0
      vertex 75.3 21.8 2.4
    endloop
  endfacet
  facet normal 0.997858 0.0654194 0
    outer loop
      vertex 75.3 21.8 0
      vertex 75.3154 21.5651 2.4
      vertex 75.3154 21.5651 0
    endloop
  endfacet
  facet normal 0.555484 0.831527 -0
    outer loop
      vertex 76.2 20.2412 0
      vertex 76.0042 20.372 2.4
      vertex 76.2 20.2412 2.4
    endloop
  endfacet
  facet normal 0.555484 0.831527 0
    outer loop
      vertex 76.0042 20.372 2.4
      vertex 76.2 20.2412 0
      vertex 76.0042 20.372 0
    endloop
  endfacet
  facet normal -0.831527 0.555484 0
    outer loop
      vertex 83.928 20.7042 0
      vertex 84.0588 20.9 2.4
      vertex 84.0588 20.9 0
    endloop
  endfacet
  facet normal -0.831527 0.555484 0
    outer loop
      vertex 84.0588 20.9 2.4
      vertex 83.928 20.7042 0
      vertex 83.928 20.7042 2.4
    endloop
  endfacet
  facet normal -0.751892 0.659286 0
    outer loop
      vertex 83.7728 20.5272 0
      vertex 83.928 20.7042 2.4
      vertex 83.928 20.7042 0
    endloop
  endfacet
  facet normal -0.751892 0.659286 0
    outer loop
      vertex 83.928 20.7042 2.4
      vertex 83.7728 20.5272 0
      vertex 83.7728 20.5272 2.4
    endloop
  endfacet
  facet normal -0.321575 0.946884 0
    outer loop
      vertex 83.1888 20.137 0
      vertex 82.9659 20.0613 2.4
      vertex 83.1888 20.137 2.4
    endloop
  endfacet
  facet normal -0.321575 0.946884 0
    outer loop
      vertex 82.9659 20.0613 2.4
      vertex 83.1888 20.137 0
      vertex 82.9659 20.0613 0
    endloop
  endfacet
  facet normal 0.194891 0.980825 -0
    outer loop
      vertex 76.8651 20.0154 0
      vertex 76.6341 20.0613 2.4
      vertex 76.8651 20.0154 2.4
    endloop
  endfacet
  facet normal 0.194891 0.980825 0
    outer loop
      vertex 76.6341 20.0613 2.4
      vertex 76.8651 20.0154 0
      vertex 76.6341 20.0613 0
    endloop
  endfacet
  facet normal -0.997858 0.0654194 0
    outer loop
      vertex 84.2846 21.5651 0
      vertex 84.3 21.8 2.4
      vertex 84.3 21.8 0
    endloop
  endfacet
  facet normal -0.997858 0.0654194 0
    outer loop
      vertex 84.3 21.8 2.4
      vertex 84.2846 21.5651 0
      vertex 84.2846 21.5651 2.4
    endloop
  endfacet
  facet normal 0.751892 -0.659286 0
    outer loop
      vertex 75.672 23.2958 2.4
      vertex 75.8272 23.4728 0
      vertex 75.8272 23.4728 2.4
    endloop
  endfacet
  facet normal 0.751892 -0.659286 0
    outer loop
      vertex 75.8272 23.4728 0
      vertex 75.672 23.2958 2.4
      vertex 75.672 23.2958 0
    endloop
  endfacet
  facet normal 0.896792 -0.442452 0
    outer loop
      vertex 75.437 22.8888 2.4
      vertex 75.5412 23.1 0
      vertex 75.5412 23.1 2.4
    endloop
  endfacet
  facet normal 0.896792 -0.442452 0
    outer loop
      vertex 75.5412 23.1 0
      vertex 75.437 22.8888 2.4
      vertex 75.437 22.8888 0
    endloop
  endfacet
  facet normal 0.980825 0.194891 0
    outer loop
      vertex 75.3613 21.3341 2.4
      vertex 75.3154 21.5651 0
      vertex 75.3154 21.5651 2.4
    endloop
  endfacet
  facet normal 0.980825 0.194891 0
    outer loop
      vertex 75.3154 21.5651 0
      vertex 75.3613 21.3341 2.4
      vertex 75.3613 21.3341 0
    endloop
  endfacet
  facet normal -0.0654194 0.997858 0
    outer loop
      vertex 82.7349 20.0154 0
      vertex 82.5 20 2.4
      vertex 82.7349 20.0154 2.4
    endloop
  endfacet
  facet normal -0.0654194 0.997858 0
    outer loop
      vertex 82.5 20 2.4
      vertex 82.7349 20.0154 0
      vertex 82.5 20 0
    endloop
  endfacet
  facet normal 0.946884 0.321575 0
    outer loop
      vertex 75.437 21.1112 2.4
      vertex 75.3613 21.3341 0
      vertex 75.3613 21.3341 2.4
    endloop
  endfacet
  facet normal 0.946884 0.321575 0
    outer loop
      vertex 75.3613 21.3341 0
      vertex 75.437 21.1112 2.4
      vertex 75.437 21.1112 0
    endloop
  endfacet
  facet normal -0.751892 -0.659286 0
    outer loop
      vertex 83.928 23.2958 0
      vertex 83.7728 23.4728 2.4
      vertex 83.7728 23.4728 0
    endloop
  endfacet
  facet normal -0.751892 -0.659286 0
    outer loop
      vertex 83.7728 23.4728 2.4
      vertex 83.928 23.2958 0
      vertex 83.928 23.2958 2.4
    endloop
  endfacet
  facet normal 0.831527 -0.555484 0
    outer loop
      vertex 75.5412 23.1 2.4
      vertex 75.672 23.2958 0
      vertex 75.672 23.2958 2.4
    endloop
  endfacet
  facet normal 0.831527 -0.555484 0
    outer loop
      vertex 75.672 23.2958 0
      vertex 75.5412 23.1 2.4
      vertex 75.5412 23.1 0
    endloop
  endfacet
  facet normal 0.751892 0.659286 0
    outer loop
      vertex 75.8272 20.5272 2.4
      vertex 75.672 20.7042 0
      vertex 75.672 20.7042 2.4
    endloop
  endfacet
  facet normal 0.751892 0.659286 0
    outer loop
      vertex 75.672 20.7042 0
      vertex 75.8272 20.5272 2.4
      vertex 75.8272 20.5272 0
    endloop
  endfacet
  facet normal 1 -0 0
    outer loop
      vertex 75.3 21.8 2.4
      vertex 75.3 22.2 0
      vertex 75.3 22.2 2.4
    endloop
  endfacet
  facet normal 1 0 0
    outer loop
      vertex 75.3 22.2 0
      vertex 75.3 21.8 2.4
      vertex 75.3 21.8 0
    endloop
  endfacet
  facet normal 0.659286 0.751892 -0
    outer loop
      vertex 76.0042 20.372 0
      vertex 75.8272 20.5272 2.4
      vertex 76.0042 20.372 2.4
    endloop
  endfacet
  facet normal 0.659286 0.751892 0
    outer loop
      vertex 75.8272 20.5272 2.4
      vertex 76.0042 20.372 0
      vertex 75.8272 20.5272 0
    endloop
  endfacet
  facet normal -0.659286 0.751892 0
    outer loop
      vertex 83.7728 20.5272 0
      vertex 83.5958 20.372 2.4
      vertex 83.7728 20.5272 2.4
    endloop
  endfacet
  facet normal -0.659286 0.751892 0
    outer loop
      vertex 83.5958 20.372 2.4
      vertex 83.7728 20.5272 0
      vertex 83.5958 20.372 0
    endloop
  endfacet
  facet normal -0.555484 -0.831527 0
    outer loop
      vertex 83.4 23.7588 0
      vertex 83.5958 23.628 2.4
      vertex 83.4 23.7588 2.4
    endloop
  endfacet
  facet normal -0.555484 -0.831527 -0
    outer loop
      vertex 83.5958 23.628 2.4
      vertex 83.4 23.7588 0
      vertex 83.5958 23.628 0
    endloop
  endfacet
  facet normal -0.980825 0.194891 0
    outer loop
      vertex 84.2387 21.3341 0
      vertex 84.2846 21.5651 2.4
      vertex 84.2846 21.5651 0
    endloop
  endfacet
  facet normal -0.980825 0.194891 0
    outer loop
      vertex 84.2846 21.5651 2.4
      vertex 84.2387 21.3341 0
      vertex 84.2387 21.3341 2.4
    endloop
  endfacet
  facet normal 0.997858 -0.0654194 0
    outer loop
      vertex 75.3 22.2 2.4
      vertex 75.3154 22.4349 0
      vertex 75.3154 22.4349 2.4
    endloop
  endfacet
  facet normal 0.997858 -0.0654194 0
    outer loop
      vertex 75.3154 22.4349 0
      vertex 75.3 22.2 2.4
      vertex 75.3 22.2 0
    endloop
  endfacet
  facet normal -0.946884 0.321575 0
    outer loop
      vertex 84.163 21.1112 0
      vertex 84.2387 21.3341 2.4
      vertex 84.2387 21.3341 0
    endloop
  endfacet
  facet normal -0.946884 0.321575 0
    outer loop
      vertex 84.2387 21.3341 2.4
      vertex 84.163 21.1112 0
      vertex 84.163 21.1112 2.4
    endloop
  endfacet
  facet normal 0.321575 0.946884 -0
    outer loop
      vertex 76.6341 20.0613 0
      vertex 76.4112 20.137 2.4
      vertex 76.6341 20.0613 2.4
    endloop
  endfacet
  facet normal 0.321575 0.946884 0
    outer loop
      vertex 76.4112 20.137 2.4
      vertex 76.6341 20.0613 0
      vertex 76.4112 20.137 0
    endloop
  endfacet
  facet normal 0.321575 -0.946884 0
    outer loop
      vertex 76.4112 30.863 0
      vertex 76.6341 30.9387 2.4
      vertex 76.4112 30.863 2.4
    endloop
  endfacet
  facet normal 0.321575 -0.946884 0
    outer loop
      vertex 76.6341 30.9387 2.4
      vertex 76.4112 30.863 0
      vertex 76.6341 30.9387 0
    endloop
  endfacet
  facet normal 0 -1 0
    outer loop
      vertex 77.1 31 0
      vertex 82.5 31 2.4
      vertex 77.1 31 2.4
    endloop
  endfacet
  facet normal 0 -1 -0
    outer loop
      vertex 82.5 31 2.4
      vertex 77.1 31 0
      vertex 82.5 31 0
    endloop
  endfacet
  facet normal -0.831527 -0.555484 0
    outer loop
      vertex 84.0588 30.1 0
      vertex 83.928 30.2958 2.4
      vertex 83.928 30.2958 0
    endloop
  endfacet
  facet normal -0.831527 -0.555484 0
    outer loop
      vertex 83.928 30.2958 2.4
      vertex 84.0588 30.1 0
      vertex 84.0588 30.1 2.4
    endloop
  endfacet
  facet normal 0.0654194 -0.997858 0
    outer loop
      vertex 76.8651 30.9846 0
      vertex 77.1 31 2.4
      vertex 76.8651 30.9846 2.4
    endloop
  endfacet
  facet normal 0.0654194 -0.997858 0
    outer loop
      vertex 77.1 31 2.4
      vertex 76.8651 30.9846 0
      vertex 77.1 31 0
    endloop
  endfacet
  facet normal 0.442452 -0.896792 0
    outer loop
      vertex 76.2 30.7588 0
      vertex 76.4112 30.863 2.4
      vertex 76.2 30.7588 2.4
    endloop
  endfacet
  facet normal 0.442452 -0.896792 0
    outer loop
      vertex 76.4112 30.863 2.4
      vertex 76.2 30.7588 0
      vertex 76.4112 30.863 0
    endloop
  endfacet
  facet normal -0.321575 -0.946884 0
    outer loop
      vertex 82.9659 30.9387 0
      vertex 83.1888 30.863 2.4
      vertex 82.9659 30.9387 2.4
    endloop
  endfacet
  facet normal -0.321575 -0.946884 -0
    outer loop
      vertex 83.1888 30.863 2.4
      vertex 82.9659 30.9387 0
      vertex 83.1888 30.863 0
    endloop
  endfacet
  facet normal 0.946884 -0.321575 0
    outer loop
      vertex 75.3613 29.6659 2.4
      vertex 75.437 29.8888 0
      vertex 75.437 29.8888 2.4
    endloop
  endfacet
  facet normal 0.946884 -0.321575 0
    outer loop
      vertex 75.437 29.8888 0
      vertex 75.3613 29.6659 2.4
      vertex 75.3613 29.6659 0
    endloop
  endfacet
  facet normal 0.442452 0.896792 -0
    outer loop
      vertex 76.4112 27.137 0
      vertex 76.2 27.2412 2.4
      vertex 76.4112 27.137 2.4
    endloop
  endfacet
  facet normal 0.442452 0.896792 0
    outer loop
      vertex 76.2 27.2412 2.4
      vertex 76.4112 27.137 0
      vertex 76.2 27.2412 0
    endloop
  endfacet
  facet normal -1 0 0
    outer loop
      vertex 84.3 28.8 0
      vertex 84.3 29.2 2.4
      vertex 84.3 29.2 0
    endloop
  endfacet
  facet normal -1 -0 0
    outer loop
      vertex 84.3 29.2 2.4
      vertex 84.3 28.8 0
      vertex 84.3 28.8 2.4
    endloop
  endfacet
  facet normal 0.194891 -0.980825 0
    outer loop
      vertex 76.6341 30.9387 0
      vertex 76.8651 30.9846 2.4
      vertex 76.6341 30.9387 2.4
    endloop
  endfacet
  facet normal 0.194891 -0.980825 0
    outer loop
      vertex 76.8651 30.9846 2.4
      vertex 76.6341 30.9387 0
      vertex 76.8651 30.9846 0
    endloop
  endfacet
  facet normal 0.555484 -0.831527 0
    outer loop
      vertex 76.0042 30.628 0
      vertex 76.2 30.7588 2.4
      vertex 76.0042 30.628 2.4
    endloop
  endfacet
  facet normal 0.555484 -0.831527 0
    outer loop
      vertex 76.2 30.7588 2.4
      vertex 76.0042 30.628 0
      vertex 76.2 30.7588 0
    endloop
  endfacet
  facet normal -0.442452 0.896792 0
    outer loop
      vertex 83.4 27.2412 0
      vertex 83.1888 27.137 2.4
      vertex 83.4 27.2412 2.4
    endloop
  endfacet
  facet normal -0.442452 0.896792 0
    outer loop
      vertex 83.1888 27.137 2.4
      vertex 83.4 27.2412 0
      vertex 83.1888 27.137 0
    endloop
  endfacet
  facet normal 0.980825 -0.194891 0
    outer loop
      vertex 75.3154 29.4349 2.4
      vertex 75.3613 29.6659 0
      vertex 75.3613 29.6659 2.4
    endloop
  endfacet
  facet normal 0.980825 -0.194891 0
    outer loop
      vertex 75.3613 29.6659 0
      vertex 75.3154 29.4349 2.4
      vertex 75.3154 29.4349 0
    endloop
  endfacet
  facet normal -0.896792 -0.442452 0
    outer loop
      vertex 84.163 29.8888 0
      vertex 84.0588 30.1 2.4
      vertex 84.0588 30.1 0
    endloop
  endfacet
  facet normal -0.896792 -0.442452 0
    outer loop
      vertex 84.0588 30.1 2.4
      vertex 84.163 29.8888 0
      vertex 84.163 29.8888 2.4
    endloop
  endfacet
  facet normal -0.659286 -0.751892 0
    outer loop
      vertex 83.5958 30.628 0
      vertex 83.7728 30.4728 2.4
      vertex 83.5958 30.628 2.4
    endloop
  endfacet
  facet normal -0.659286 -0.751892 -0
    outer loop
      vertex 83.7728 30.4728 2.4
      vertex 83.5958 30.628 0
      vertex 83.7728 30.4728 0
    endloop
  endfacet
  facet normal 0.896792 0.442452 0
    outer loop
      vertex 75.5412 27.9 2.4
      vertex 75.437 28.1112 0
      vertex 75.437 28.1112 2.4
    endloop
  endfacet
  facet normal 0.896792 0.442452 0
    outer loop
      vertex 75.437 28.1112 0
      vertex 75.5412 27.9 2.4
      vertex 75.5412 27.9 0
    endloop
  endfacet
  facet normal -0.896792 0.442452 0
    outer loop
      vertex 84.0588 27.9 0
      vertex 84.163 28.1112 2.4
      vertex 84.163 28.1112 0
    endloop
  endfacet
  facet normal -0.896792 0.442452 0
    outer loop
      vertex 84.163 28.1112 2.4
      vertex 84.0588 27.9 0
      vertex 84.0588 27.9 2.4
    endloop
  endfacet
  facet normal 0.831527 0.555484 0
    outer loop
      vertex 75.672 27.7042 2.4
      vertex 75.5412 27.9 0
      vertex 75.5412 27.9 2.4
    endloop
  endfacet
  facet normal 0.831527 0.555484 0
    outer loop
      vertex 75.5412 27.9 0
      vertex 75.672 27.7042 2.4
      vertex 75.672 27.7042 0
    endloop
  endfacet
  facet normal 0.659286 -0.751892 0
    outer loop
      vertex 75.8272 30.4728 0
      vertex 76.0042 30.628 2.4
      vertex 75.8272 30.4728 2.4
    endloop
  endfacet
  facet normal 0.659286 -0.751892 0
    outer loop
      vertex 76.0042 30.628 2.4
      vertex 75.8272 30.4728 0
      vertex 76.0042 30.628 0
    endloop
  endfacet
  facet normal -0.194891 -0.980825 0
    outer loop
      vertex 82.7349 30.9846 0
      vertex 82.9659 30.9387 2.4
      vertex 82.7349 30.9846 2.4
    endloop
  endfacet
  facet normal -0.194891 -0.980825 -0
    outer loop
      vertex 82.9659 30.9387 2.4
      vertex 82.7349 30.9846 0
      vertex 82.9659 30.9387 0
    endloop
  endfacet
  facet normal -0.0654194 -0.997858 0
    outer loop
      vertex 82.5 31 0
      vertex 82.7349 30.9846 2.4
      vertex 82.5 31 2.4
    endloop
  endfacet
  facet normal -0.0654194 -0.997858 -0
    outer loop
      vertex 82.7349 30.9846 2.4
      vertex 82.5 31 0
      vertex 82.7349 30.9846 0
    endloop
  endfacet
  facet normal -0.442452 -0.896792 0
    outer loop
      vertex 83.1888 30.863 0
      vertex 83.4 30.7588 2.4
      vertex 83.1888 30.863 2.4
    endloop
  endfacet
  facet normal -0.442452 -0.896792 -0
    outer loop
      vertex 83.4 30.7588 2.4
      vertex 83.1888 30.863 0
      vertex 83.4 30.7588 0
    endloop
  endfacet
  facet normal 0.0654194 0.997858 -0
    outer loop
      vertex 77.1 27 0
      vertex 76.8651 27.0154 2.4
      vertex 77.1 27 2.4
    endloop
  endfacet
  facet normal 0.0654194 0.997858 0
    outer loop
      vertex 76.8651 27.0154 2.4
      vertex 77.1 27 0
      vertex 76.8651 27.0154 0
    endloop
  endfacet
  facet normal -0.997858 -0.0654194 0
    outer loop
      vertex 84.3 29.2 0
      vertex 84.2846 29.4349 2.4
      vertex 84.2846 29.4349 0
    endloop
  endfacet
  facet normal -0.997858 -0.0654194 0
    outer loop
      vertex 84.2846 29.4349 2.4
      vertex 84.3 29.2 0
      vertex 84.3 29.2 2.4
    endloop
  endfacet
  facet normal -0.194891 0.980825 0
    outer loop
      vertex 82.9659 27.0613 0
      vertex 82.7349 27.0154 2.4
      vertex 82.9659 27.0613 2.4
    endloop
  endfacet
  facet normal -0.194891 0.980825 0
    outer loop
      vertex 82.7349 27.0154 2.4
      vertex 82.9659 27.0613 0
      vertex 82.7349 27.0154 0
    endloop
  endfacet
  facet normal -0.946884 -0.321575 0
    outer loop
      vertex 84.2387 29.6659 0
      vertex 84.163 29.8888 2.4
      vertex 84.163 29.8888 0
    endloop
  endfacet
  facet normal -0.946884 -0.321575 0
    outer loop
      vertex 84.163 29.8888 2.4
      vertex 84.2387 29.6659 0
      vertex 84.2387 29.6659 2.4
    endloop
  endfacet
  facet normal -0.555484 0.831527 0
    outer loop
      vertex 83.5958 27.372 0
      vertex 83.4 27.2412 2.4
      vertex 83.5958 27.372 2.4
    endloop
  endfacet
  facet normal -0.555484 0.831527 0
    outer loop
      vertex 83.4 27.2412 2.4
      vertex 83.5958 27.372 0
      vertex 83.4 27.2412 0
    endloop
  endfacet
  facet normal 0 1 -0
    outer loop
      vertex 82.5 27 0
      vertex 77.1 27 2.4
      vertex 82.5 27 2.4
    endloop
  endfacet
  facet normal 0 1 0
    outer loop
      vertex 77.1 27 2.4
      vertex 82.5 27 0
      vertex 77.1 27 0
    endloop
  endfacet
  facet normal -0.980825 -0.194891 0
    outer loop
      vertex 84.2846 29.4349 0
      vertex 84.2387 29.6659 2.4
      vertex 84.2387 29.6659 0
    endloop
  endfacet
  facet normal -0.980825 -0.194891 0
    outer loop
      vertex 84.2387 29.6659 2.4
      vertex 84.2846 29.4349 0
      vertex 84.2846 29.4349 2.4
    endloop
  endfacet
  facet normal 0.997858 0.0654194 0
    outer loop
      vertex 75.3154 28.5651 2.4
      vertex 75.3 28.8 0
      vertex 75.3 28.8 2.4
    endloop
  endfacet
  facet normal 0.997858 0.0654194 0
    outer loop
      vertex 75.3 28.8 0
      vertex 75.3154 28.5651 2.4
      vertex 75.3154 28.5651 0
    endloop
  endfacet
  facet normal 0.946884 0.321575 0
    outer loop
      vertex 75.437 28.1112 2.4
      vertex 75.3613 28.3341 0
      vertex 75.3613 28.3341 2.4
    endloop
  endfacet
  facet normal 0.946884 0.321575 0
    outer loop
      vertex 75.3613 28.3341 0
      vertex 75.437 28.1112 2.4
      vertex 75.437 28.1112 0
    endloop
  endfacet
  facet normal 0.555484 0.831527 -0
    outer loop
      vertex 76.2 27.2412 0
      vertex 76.0042 27.372 2.4
      vertex 76.2 27.2412 2.4
    endloop
  endfacet
  facet normal 0.555484 0.831527 0
    outer loop
      vertex 76.0042 27.372 2.4
      vertex 76.2 27.2412 0
      vertex 76.0042 27.372 0
    endloop
  endfacet
  facet normal -0.831527 0.555484 0
    outer loop
      vertex 83.928 27.7042 0
      vertex 84.0588 27.9 2.4
      vertex 84.0588 27.9 0
    endloop
  endfacet
  facet normal -0.831527 0.555484 0
    outer loop
      vertex 84.0588 27.9 2.4
      vertex 83.928 27.7042 0
      vertex 83.928 27.7042 2.4
    endloop
  endfacet
  facet normal -0.751892 0.659286 0
    outer loop
      vertex 83.7728 27.5272 0
      vertex 83.928 27.7042 2.4
      vertex 83.928 27.7042 0
    endloop
  endfacet
  facet normal -0.751892 0.659286 0
    outer loop
      vertex 83.928 27.7042 2.4
      vertex 83.7728 27.5272 0
      vertex 83.7728 27.5272 2.4
    endloop
  endfacet
  facet normal -0.321575 0.946884 0
    outer loop
      vertex 83.1888 27.137 0
      vertex 82.9659 27.0613 2.4
      vertex 83.1888 27.137 2.4
    endloop
  endfacet
  facet normal -0.321575 0.946884 0
    outer loop
      vertex 82.9659 27.0613 2.4
      vertex 83.1888 27.137 0
      vertex 82.9659 27.0613 0
    endloop
  endfacet
  facet normal 0.194891 0.980825 -0
    outer loop
      vertex 76.8651 27.0154 0
      vertex 76.6341 27.0613 2.4
      vertex 76.8651 27.0154 2.4
    endloop
  endfacet
  facet normal 0.194891 0.980825 0
    outer loop
      vertex 76.6341 27.0613 2.4
      vertex 76.8651 27.0154 0
      vertex 76.6341 27.0613 0
    endloop
  endfacet
  facet normal -0.997858 0.0654194 0
    outer loop
      vertex 84.2846 28.5651 0
      vertex 84.3 28.8 2.4
      vertex 84.3 28.8 0
    endloop
  endfacet
  facet normal -0.997858 0.0654194 0
    outer loop
      vertex 84.3 28.8 2.4
      vertex 84.2846 28.5651 0
      vertex 84.2846 28.5651 2.4
    endloop
  endfacet
  facet normal 0.751892 -0.659286 0
    outer loop
      vertex 75.672 30.2958 2.4
      vertex 75.8272 30.4728 0
      vertex 75.8272 30.4728 2.4
    endloop
  endfacet
  facet normal 0.751892 -0.659286 0
    outer loop
      vertex 75.8272 30.4728 0
      vertex 75.672 30.2958 2.4
      vertex 75.672 30.2958 0
    endloop
  endfacet
  facet normal 0.896792 -0.442452 0
    outer loop
      vertex 75.437 29.8888 2.4
      vertex 75.5412 30.1 0
      vertex 75.5412 30.1 2.4
    endloop
  endfacet
  facet normal 0.896792 -0.442452 0
    outer loop
      vertex 75.5412 30.1 0
      vertex 75.437 29.8888 2.4
      vertex 75.437 29.8888 0
    endloop
  endfacet
  facet normal 0.980825 0.194891 0
    outer loop
      vertex 75.3613 28.3341 2.4
      vertex 75.3154 28.5651 0
      vertex 75.3154 28.5651 2.4
    endloop
  endfacet
  facet normal 0.980825 0.194891 0
    outer loop
      vertex 75.3154 28.5651 0
      vertex 75.3613 28.3341 2.4
      vertex 75.3613 28.3341 0
    endloop
  endfacet
  facet normal -0.0654194 0.997858 0
    outer loop
      vertex 82.7349 27.0154 0
      vertex 82.5 27 2.4
      vertex 82.7349 27.0154 2.4
    endloop
  endfacet
  facet normal -0.0654194 0.997858 0
    outer loop
      vertex 82.5 27 2.4
      vertex 82.7349 27.0154 0
      vertex 82.5 27 0
    endloop
  endfacet
  facet normal -0.751892 -0.659286 0
    outer loop
      vertex 83.928 30.2958 0
      vertex 83.7728 30.4728 2.4
      vertex 83.7728 30.4728 0
    endloop
  endfacet
  facet normal -0.751892 -0.659286 0
    outer loop
      vertex 83.7728 30.4728 2.4
      vertex 83.928 30.2958 0
      vertex 83.928 30.2958 2.4
    endloop
  endfacet
  facet normal 0.831527 -0.555484 0
    outer loop
      vertex 75.5412 30.1 2.4
      vertex 75.672 30.2958 0
      vertex 75.672 30.2958 2.4
    endloop
  endfacet
  facet normal 0.831527 -0.555484 0
    outer loop
      vertex 75.672 30.2958 0
      vertex 75.5412 30.1 2.4
      vertex 75.5412 30.1 0
    endloop
  endfacet
  facet normal 0.751892 0.659286 0
    outer loop
      vertex 75.8272 27.5272 2.4
      vertex 75.672 27.7042 0
      vertex 75.672 27.7042 2.4
    endloop
  endfacet
  facet normal 0.751892 0.659286 0
    outer loop
      vertex 75.672 27.7042 0
      vertex 75.8272 27.5272 2.4
      vertex 75.8272 27.5272 0
    endloop
  endfacet
  facet normal 1 -0 0
    outer loop
      vertex 75.3 28.8 2.4
      vertex 75.3 29.2 0
      vertex 75.3 29.2 2.4
    endloop
  endfacet
  facet normal 1 0 0
    outer loop
      vertex 75.3 29.2 0
      vertex 75.3 28.8 2.4
      vertex 75.3 28.8 0
    endloop
  endfacet
  facet normal 0.659286 0.751892 -0
    outer loop
      vertex 76.0042 27.372 0
      vertex 75.8272 27.5272 2.4
      vertex 76.0042 27.372 2.4
    endloop
  endfacet
  facet normal 0.659286 0.751892 0
    outer loop
      vertex 75.8272 27.5272 2.4
      vertex 76.0042 27.372 0
      vertex 75.8272 27.5272 0
    endloop
  endfacet
  facet normal -0.659286 0.751892 0
    outer loop
      vertex 83.7728 27.5272 0
      vertex 83.5958 27.372 2.4
      vertex 83.7728 27.5272 2.4
    endloop
  endfacet
  facet normal -0.659286 0.751892 0
    outer loop
      vertex 83.5958 27.372 2.4
      vertex 83.7728 27.5272 0
      vertex 83.5958 27.372 0
    endloop
  endfacet
  facet normal -0.555484 -0.831527 0
    outer loop
      vertex 83.4 30.7588 0
      vertex 83.5958 30.628 2.4
      vertex 83.4 30.7588 2.4
    endloop
  endfacet
  facet normal -0.555484 -0.831527 -0
    outer loop
      vertex 83.5958 30.628 2.4
      vertex 83.4 30.7588 0
      vertex 83.5958 30.628 0
    endloop
  endfacet
  facet normal -0.980825 0.194891 0
    outer loop
      vertex 84.2387 28.3341 0
      vertex 84.2846 28.5651 2.4
      vertex 84.2846 28.5651 0
    endloop
  endfacet
  facet normal -0.980825 0.194891 0
    outer loop
      vertex 84.2846 28.5651 2.4
      vertex 84.2387 28.3341 0
      vertex 84.2387 28.3341 2.4
    endloop
  endfacet
  facet normal 0.997858 -0.0654194 0
    outer loop
      vertex 75.3 29.2 2.4
      vertex 75.3154 29.4349 0
      vertex 75.3154 29.4349 2.4
    endloop
  endfacet
  facet normal 0.997858 -0.0654194 0
    outer loop
      vertex 75.3154 29.4349 0
      vertex 75.3 29.2 2.4
      vertex 75.3 29.2 0
    endloop
  endfacet
  facet normal -0.946884 0.321575 0
    outer loop
      vertex 84.163 28.1112 0
      vertex 84.2387 28.3341 2.4
      vertex 84.2387 28.3341 0
    endloop
  endfacet
  facet normal -0.946884 0.321575 0
    outer loop
      vertex 84.2387 28.3341 2.4
      vertex 84.163 28.1112 0
      vertex 84.163 28.1112 2.4
    endloop
  endfacet
  facet normal 0.321575 0.946884 -0
    outer loop
      vertex 76.6341 27.0613 0
      vertex 76.4112 27.137 2.4
      vertex 76.6341 27.0613 2.4
    endloop
  endfacet
  facet normal 0.321575 0.946884 0
    outer loop
      vertex 76.4112 27.137 2.4
      vertex 76.6341 27.0613 0
      vertex 76.4112 27.137 0
    endloop
  endfacet
  facet normal 0.896885 -0.442263 0
    outer loop
      vertex 8.13702 8.88883 2.4
      vertex 8.24115 9.1 0
      vertex 8.24115 9.1 2.4
    endloop
  endfacet
  facet normal 0.896885 -0.442263 0
    outer loop
      vertex 8.24115 9.1 0
      vertex 8.13702 8.88883 2.4
      vertex 8.13702 8.88883 0
    endloop
  endfacet
  facet normal -0.195014 0.980801 0
    outer loop
      vertex 14.6659 6.06133 0
      vertex 14.4349 6.0154 2.4
      vertex 14.6659 6.06133 2.4
    endloop
  endfacet
  facet normal -0.195014 0.980801 0
    outer loop
      vertex 14.4349 6.0154 2.4
      vertex 14.6659 6.06133 0
      vertex 14.4349 6.0154 0
    endloop
  endfacet
  facet normal 1 -0 0
    outer loop
      vertex 8 7.8 2.4
      vertex 8 8.2 0
      vertex 8 8.2 2.4
    endloop
  endfacet
  facet normal 1 0 0
    outer loop
      vertex 8 8.2 0
      vertex 8 7.8 2.4
      vertex 8 7.8 0
    endloop
  endfacet
  facet normal -0.659406 -0.751787 0
    outer loop
      vertex 15.2958 9.62804 0
      vertex 15.4728 9.47279 2.4
      vertex 15.2958 9.62804 2.4
    endloop
  endfacet
  facet normal -0.659406 -0.751787 -0
    outer loop
      vertex 15.4728 9.47279 2.4
      vertex 15.2958 9.62804 0
      vertex 15.4728 9.47279 0
    endloop
  endfacet
  facet normal -0.94691 -0.321498 0
    outer loop
      vertex 15.9387 8.66587 0
      vertex 15.863 8.88883 2.4
      vertex 15.863 8.88883 0
    endloop
  endfacet
  facet normal -0.94691 -0.321498 0
    outer loop
      vertex 15.863 8.88883 2.4
      vertex 15.9387 8.66587 0
      vertex 15.9387 8.66587 2.4
    endloop
  endfacet
  facet normal -0.442212 -0.89691 0
    outer loop
      vertex 14.8888 9.86298 0
      vertex 15.1 9.75885 2.4
      vertex 14.8888 9.86298 2.4
    endloop
  endfacet
  facet normal -0.442212 -0.89691 -0
    outer loop
      vertex 15.1 9.75885 2.4
      vertex 14.8888 9.86298 0
      vertex 15.1 9.75885 0
    endloop
  endfacet
  facet normal -0.442212 0.89691 0
    outer loop
      vertex 15.1 6.24115 0
      vertex 14.8888 6.13702 2.4
      vertex 15.1 6.24115 2.4
    endloop
  endfacet
  facet normal -0.442212 0.89691 0
    outer loop
      vertex 14.8888 6.13702 2.4
      vertex 15.1 6.24115 0
      vertex 14.8888 6.13702 0
    endloop
  endfacet
  facet normal -0.555513 -0.831508 0
    outer loop
      vertex 15.1 9.75885 0
      vertex 15.2958 9.62804 2.4
      vertex 15.1 9.75885 2.4
    endloop
  endfacet
  facet normal -0.555513 -0.831508 -0
    outer loop
      vertex 15.2958 9.62804 2.4
      vertex 15.1 9.75885 0
      vertex 15.2958 9.62804 0
    endloop
  endfacet
  facet normal -0.751929 0.659244 0
    outer loop
      vertex 15.4728 6.52721 0
      vertex 15.628 6.70423 2.4
      vertex 15.628 6.70423 0
    endloop
  endfacet
  facet normal -0.751929 0.659244 0
    outer loop
      vertex 15.628 6.70423 2.4
      vertex 15.4728 6.52721 0
      vertex 15.4728 6.52721 2.4
    endloop
  endfacet
  facet normal -0.896767 0.442502 0
    outer loop
      vertex 15.7588 6.9 0
      vertex 15.863 7.11117 2.4
      vertex 15.863 7.11117 0
    endloop
  endfacet
  facet normal -0.896767 0.442502 0
    outer loop
      vertex 15.863 7.11117 2.4
      vertex 15.7588 6.9 0
      vertex 15.7588 6.9 2.4
    endloop
  endfacet
  facet normal -0.997859 -0.0654055 0
    outer loop
      vertex 16 8.2 0
      vertex 15.9846 8.43495 2.4
      vertex 15.9846 8.43495 0
    endloop
  endfacet
  facet normal -0.997859 -0.0654055 0
    outer loop
      vertex 15.9846 8.43495 2.4
      vertex 16 8.2 0
      vertex 16 8.2 2.4
    endloop
  endfacet
  facet normal 0.32146 0.946923 -0
    outer loop
      vertex 9.33413 6.06133 0
      vertex 9.11117 6.13702 2.4
      vertex 9.33413 6.06133 2.4
    endloop
  endfacet
  facet normal 0.32146 0.946923 0
    outer loop
      vertex 9.11117 6.13702 2.4
      vertex 9.33413 6.06133 0
      vertex 9.11117 6.13702 0
    endloop
  endfacet
  facet normal -0.896767 -0.442502 0
    outer loop
      vertex 15.863 8.88883 0
      vertex 15.7588 9.1 2.4
      vertex 15.7588 9.1 0
    endloop
  endfacet
  facet normal -0.896767 -0.442502 0
    outer loop
      vertex 15.7588 9.1 2.4
      vertex 15.863 8.88883 0
      vertex 15.863 8.88883 2.4
    endloop
  endfacet
  facet normal -0.980812 0.194956 0
    outer loop
      vertex 15.9387 7.33413 0
      vertex 15.9846 7.56505 2.4
      vertex 15.9846 7.56505 0
    endloop
  endfacet
  facet normal -0.980812 0.194956 0
    outer loop
      vertex 15.9846 7.56505 2.4
      vertex 15.9387 7.33413 0
      vertex 15.9387 7.33413 2.4
    endloop
  endfacet
  facet normal 0 1 -0
    outer loop
      vertex 14.2 6 0
      vertex 9.8 6 2.4
      vertex 14.2 6 2.4
    endloop
  endfacet
  facet normal 0 1 0
    outer loop
      vertex 9.8 6 2.4
      vertex 14.2 6 0
      vertex 9.8 6 0
    endloop
  endfacet
  facet normal -0.0654194 -0.997858 0
    outer loop
      vertex 14.2 10 0
      vertex 14.4349 9.9846 2.4
      vertex 14.2 10 2.4
    endloop
  endfacet
  facet normal -0.0654194 -0.997858 -0
    outer loop
      vertex 14.4349 9.9846 2.4
      vertex 14.2 10 0
      vertex 14.4349 9.9846 0
    endloop
  endfacet
  facet normal -0.659406 0.751787 0
    outer loop
      vertex 15.4728 6.52721 0
      vertex 15.2958 6.37196 2.4
      vertex 15.4728 6.52721 2.4
    endloop
  endfacet
  facet normal -0.659406 0.751787 0
    outer loop
      vertex 15.2958 6.37196 2.4
      vertex 15.4728 6.52721 0
      vertex 15.2958 6.37196 0
    endloop
  endfacet
  facet normal 0 -1 0
    outer loop
      vertex 9.8 10 0
      vertex 14.2 10 2.4
      vertex 9.8 10 2.4
    endloop
  endfacet
  facet normal 0 -1 -0
    outer loop
      vertex 14.2 10 2.4
      vertex 9.8 10 0
      vertex 14.2 10 0
    endloop
  endfacet
  facet normal 0.896885 0.442263 0
    outer loop
      vertex 8.24115 6.9 2.4
      vertex 8.13702 7.11117 0
      vertex 8.13702 7.11117 2.4
    endloop
  endfacet
  facet normal 0.896885 0.442263 0
    outer loop
      vertex 8.13702 7.11117 0
      vertex 8.24115 6.9 2.4
      vertex 8.24115 6.9 0
    endloop
  endfacet
  facet normal -0.321537 -0.946897 0
    outer loop
      vertex 14.6659 9.93867 0
      vertex 14.8888 9.86298 2.4
      vertex 14.6659 9.93867 2.4
    endloop
  endfacet
  facet normal -0.321537 -0.946897 -0
    outer loop
      vertex 14.8888 9.86298 2.4
      vertex 14.6659 9.93867 0
      vertex 14.8888 9.86298 0
    endloop
  endfacet
  facet normal -0.980812 -0.194956 0
    outer loop
      vertex 15.9846 8.43495 0
      vertex 15.9387 8.66587 2.4
      vertex 15.9387 8.66587 0
    endloop
  endfacet
  facet normal -0.980812 -0.194956 0
    outer loop
      vertex 15.9387 8.66587 2.4
      vertex 15.9846 8.43495 0
      vertex 15.9846 8.43495 2.4
    endloop
  endfacet
  facet normal 0.0654055 -0.997859 0
    outer loop
      vertex 9.56505 9.9846 0
      vertex 9.8 10 2.4
      vertex 9.56505 9.9846 2.4
    endloop
  endfacet
  facet normal 0.0654055 -0.997859 0
    outer loop
      vertex 9.8 10 2.4
      vertex 9.56505 9.9846 0
      vertex 9.8 10 0
    endloop
  endfacet
  facet normal -0.831488 0.555543 0
    outer loop
      vertex 15.628 6.70423 0
      vertex 15.7588 6.9 2.4
      vertex 15.7588 6.9 0
    endloop
  endfacet
  facet normal -0.831488 0.555543 0
    outer loop
      vertex 15.7588 6.9 2.4
      vertex 15.628 6.70423 0
      vertex 15.628 6.70423 2.4
    endloop
  endfacet
  facet normal -0.831488 -0.555543 0
    outer loop
      vertex 15.7588 9.1 0
      vertex 15.628 9.29577 2.4
      vertex 15.628 9.29577 0
    endloop
  endfacet
  facet normal -0.831488 -0.555543 0
    outer loop
      vertex 15.628 9.29577 2.4
      vertex 15.7588 9.1 0
      vertex 15.7588 9.1 2.4
    endloop
  endfacet
  facet normal -0.94691 0.321498 0
    outer loop
      vertex 15.863 7.11117 0
      vertex 15.9387 7.33413 2.4
      vertex 15.9387 7.33413 0
    endloop
  endfacet
  facet normal -0.94691 0.321498 0
    outer loop
      vertex 15.9387 7.33413 2.4
      vertex 15.863 7.11117 0
      vertex 15.863 7.11117 2.4
    endloop
  endfacet
  facet normal -1 0 0
    outer loop
      vertex 16 7.8 0
      vertex 16 8.2 2.4
      vertex 16 8.2 0
    endloop
  endfacet
  facet normal -1 -0 0
    outer loop
      vertex 16 8.2 2.4
      vertex 16 7.8 0
      vertex 16 7.8 2.4
    endloop
  endfacet
  facet normal 0.442263 0.896885 -0
    outer loop
      vertex 9.11117 6.13702 0
      vertex 8.9 6.24115 2.4
      vertex 9.11117 6.13702 2.4
    endloop
  endfacet
  facet normal 0.442263 0.896885 0
    outer loop
      vertex 8.9 6.24115 2.4
      vertex 9.11117 6.13702 0
      vertex 8.9 6.24115 0
    endloop
  endfacet
  facet normal 0.980788 0.195079 0
    outer loop
      vertex 8.06133 7.33413 2.4
      vertex 8.0154 7.56505 0
      vertex 8.0154 7.56505 2.4
    endloop
  endfacet
  facet normal 0.980788 0.195079 0
    outer loop
      vertex 8.0154 7.56505 0
      vertex 8.06133 7.33413 2.4
      vertex 8.06133 7.33413 0
    endloop
  endfacet
  facet normal -0.997859 0.0654055 0
    outer loop
      vertex 15.9846 7.56505 0
      vertex 16 7.8 2.4
      vertex 16 7.8 0
    endloop
  endfacet
  facet normal -0.997859 0.0654055 0
    outer loop
      vertex 16 7.8 2.4
      vertex 15.9846 7.56505 0
      vertex 15.9846 7.56505 2.4
    endloop
  endfacet
  facet normal 0.659364 -0.751824 0
    outer loop
      vertex 8.52721 9.47279 0
      vertex 8.70423 9.62804 2.4
      vertex 8.52721 9.47279 2.4
    endloop
  endfacet
  facet normal 0.659364 -0.751824 0
    outer loop
      vertex 8.70423 9.62804 2.4
      vertex 8.52721 9.47279 0
      vertex 8.70423 9.62804 0
    endloop
  endfacet
  facet normal 0.195079 0.980788 -0
    outer loop
      vertex 9.56505 6.0154 0
      vertex 9.33413 6.06133 2.4
      vertex 9.56505 6.0154 2.4
    endloop
  endfacet
  facet normal 0.195079 0.980788 0
    outer loop
      vertex 9.33413 6.06133 2.4
      vertex 9.56505 6.0154 0
      vertex 9.33413 6.06133 0
    endloop
  endfacet
  facet normal -0.195014 -0.980801 0
    outer loop
      vertex 14.4349 9.9846 0
      vertex 14.6659 9.93867 2.4
      vertex 14.4349 9.9846 2.4
    endloop
  endfacet
  facet normal -0.195014 -0.980801 -0
    outer loop
      vertex 14.6659 9.93867 2.4
      vertex 14.4349 9.9846 0
      vertex 14.6659 9.93867 0
    endloop
  endfacet
  facet normal -0.321537 0.946897 0
    outer loop
      vertex 14.8888 6.13702 0
      vertex 14.6659 6.06133 2.4
      vertex 14.8888 6.13702 2.4
    endloop
  endfacet
  facet normal -0.321537 0.946897 0
    outer loop
      vertex 14.6659 6.06133 2.4
      vertex 14.8888 6.13702 0
      vertex 14.6659 6.06133 0
    endloop
  endfacet
  facet normal 0.946923 -0.32146 0
    outer loop
      vertex 8.06133 8.66587 2.4
      vertex 8.13702 8.88883 0
      vertex 8.13702 8.88883 2.4
    endloop
  endfacet
  facet normal 0.946923 -0.32146 0
    outer loop
      vertex 8.13702 8.88883 0
      vertex 8.06133 8.66587 2.4
      vertex 8.06133 8.66587 0
    endloop
  endfacet
  facet normal 0.555572 -0.831468 0
    outer loop
      vertex 8.70423 9.62804 0
      vertex 8.9 9.75885 2.4
      vertex 8.70423 9.62804 2.4
    endloop
  endfacet
  facet normal 0.555572 -0.831468 0
    outer loop
      vertex 8.9 9.75885 2.4
      vertex 8.70423 9.62804 0
      vertex 8.9 9.75885 0
    endloop
  endfacet
  facet normal 0.751824 0.659364 0
    outer loop
      vertex 8.52721 6.52721 2.4
      vertex 8.37196 6.70423 0
      vertex 8.37196 6.70423 2.4
    endloop
  endfacet
  facet normal 0.751824 0.659364 0
    outer loop
      vertex 8.37196 6.70423 0
      vertex 8.52721 6.52721 2.4
      vertex 8.52721 6.52721 0
    endloop
  endfacet
  facet normal 0.0654055 0.997859 -0
    outer loop
      vertex 9.8 6 0
      vertex 9.56505 6.0154 2.4
      vertex 9.8 6 2.4
    endloop
  endfacet
  facet normal 0.0654055 0.997859 0
    outer loop
      vertex 9.56505 6.0154 2.4
      vertex 9.8 6 0
      vertex 9.56505 6.0154 0
    endloop
  endfacet
  facet normal -0.751929 -0.659244 0
    outer loop
      vertex 15.628 9.29577 0
      vertex 15.4728 9.47279 2.4
      vertex 15.4728 9.47279 0
    endloop
  endfacet
  facet normal -0.751929 -0.659244 0
    outer loop
      vertex 15.4728 9.47279 2.4
      vertex 15.628 9.29577 0
      vertex 15.628 9.29577 2.4
    endloop
  endfacet
  facet normal 0.751824 -0.659364 0
    outer loop
      vertex 8.37196 9.29577 2.4
      vertex 8.52721 9.47279 0
      vertex 8.52721 9.47279 2.4
    endloop
  endfacet
  facet normal 0.751824 -0.659364 0
    outer loop
      vertex 8.52721 9.47279 0
      vertex 8.37196 9.29577 2.4
      vertex 8.37196 9.29577 0
    endloop
  endfacet
  facet normal 0.555572 0.831468 -0
    outer loop
      vertex 8.9 6.24115 0
      vertex 8.70423 6.37196 2.4
      vertex 8.9 6.24115 2.4
    endloop
  endfacet
  facet normal 0.555572 0.831468 0
    outer loop
      vertex 8.70423 6.37196 2.4
      vertex 8.9 6.24115 0
      vertex 8.70423 6.37196 0
    endloop
  endfacet
  facet normal -0.555513 0.831508 0
    outer loop
      vertex 15.2958 6.37196 0
      vertex 15.1 6.24115 2.4
      vertex 15.2958 6.37196 2.4
    endloop
  endfacet
  facet normal -0.555513 0.831508 0
    outer loop
      vertex 15.1 6.24115 2.4
      vertex 15.2958 6.37196 0
      vertex 15.1 6.24115 0
    endloop
  endfacet
  facet normal 0.980788 -0.195079 0
    outer loop
      vertex 8.0154 8.43495 2.4
      vertex 8.06133 8.66587 0
      vertex 8.06133 8.66587 2.4
    endloop
  endfacet
  facet normal 0.980788 -0.195079 0
    outer loop
      vertex 8.06133 8.66587 0
      vertex 8.0154 8.43495 2.4
      vertex 8.0154 8.43495 0
    endloop
  endfacet
  facet normal 0.997859 -0.0654055 0
    outer loop
      vertex 8 8.2 2.4
      vertex 8.0154 8.43495 0
      vertex 8.0154 8.43495 2.4
    endloop
  endfacet
  facet normal 0.997859 -0.0654055 0
    outer loop
      vertex 8.0154 8.43495 0
      vertex 8 8.2 2.4
      vertex 8 8.2 0
    endloop
  endfacet
  facet normal 0.659364 0.751824 -0
    outer loop
      vertex 8.70423 6.37196 0
      vertex 8.52721 6.52721 2.4
      vertex 8.70423 6.37196 2.4
    endloop
  endfacet
  facet normal 0.659364 0.751824 0
    outer loop
      vertex 8.52721 6.52721 2.4
      vertex 8.70423 6.37196 0
      vertex 8.52721 6.52721 0
    endloop
  endfacet
  facet normal 0.946923 0.32146 0
    outer loop
      vertex 8.13702 7.11117 2.4
      vertex 8.06133 7.33413 0
      vertex 8.06133 7.33413 2.4
    endloop
  endfacet
  facet normal 0.946923 0.32146 0
    outer loop
      vertex 8.06133 7.33413 0
      vertex 8.13702 7.11117 2.4
      vertex 8.13702 7.11117 0
    endloop
  endfacet
  facet normal 0.195079 -0.980788 0
    outer loop
      vertex 9.33413 9.93867 0
      vertex 9.56505 9.9846 2.4
      vertex 9.33413 9.93867 2.4
    endloop
  endfacet
  facet normal 0.195079 -0.980788 0
    outer loop
      vertex 9.56505 9.9846 2.4
      vertex 9.33413 9.93867 0
      vertex 9.56505 9.9846 0
    endloop
  endfacet
  facet normal 0.831468 0.555572 0
    outer loop
      vertex 8.37196 6.70423 2.4
      vertex 8.24115 6.9 0
      vertex 8.24115 6.9 2.4
    endloop
  endfacet
  facet normal 0.831468 0.555572 0
    outer loop
      vertex 8.24115 6.9 0
      vertex 8.37196 6.70423 2.4
      vertex 8.37196 6.70423 0
    endloop
  endfacet
  facet normal 0.831468 -0.555572 0
    outer loop
      vertex 8.24115 9.1 2.4
      vertex 8.37196 9.29577 0
      vertex 8.37196 9.29577 2.4
    endloop
  endfacet
  facet normal 0.831468 -0.555572 0
    outer loop
      vertex 8.37196 9.29577 0
      vertex 8.24115 9.1 2.4
      vertex 8.24115 9.1 0
    endloop
  endfacet
  facet normal 0.997859 0.0654055 0
    outer loop
      vertex 8.0154 7.56505 2.4
      vertex 8 7.8 0
      vertex 8 7.8 2.4
    endloop
  endfacet
  facet normal 0.997859 0.0654055 0
    outer loop
      vertex 8 7.8 0
      vertex 8.0154 7.56505 2.4
      vertex 8.0154 7.56505 0
    endloop
  endfacet
  facet normal -0.0654194 0.997858 0
    outer loop
      vertex 14.4349 6.0154 0
      vertex 14.2 6 2.4
      vertex 14.4349 6.0154 2.4
    endloop
  endfacet
  facet normal -0.0654194 0.997858 0
    outer loop
      vertex 14.2 6 2.4
      vertex 14.4349 6.0154 0
      vertex 14.2 6 0
    endloop
  endfacet
  facet normal 0.442263 -0.896885 0
    outer loop
      vertex 8.9 9.75885 0
      vertex 9.11117 9.86298 2.4
      vertex 8.9 9.75885 2.4
    endloop
  endfacet
  facet normal 0.442263 -0.896885 0
    outer loop
      vertex 9.11117 9.86298 2.4
      vertex 8.9 9.75885 0
      vertex 9.11117 9.86298 0
    endloop
  endfacet
  facet normal 0.32146 -0.946923 0
    outer loop
      vertex 9.11117 9.86298 0
      vertex 9.33413 9.93867 2.4
      vertex 9.11117 9.86298 2.4
    endloop
  endfacet
  facet normal 0.32146 -0.946923 0
    outer loop
      vertex 9.33413 9.93867 2.4
      vertex 9.11117 9.86298 0
      vertex 9.33413 9.93867 0
    endloop
  endfacet
  facet normal 0.896767 -0.442502 0
    outer loop
      vertex 20.137 8.88883 2.4
      vertex 20.2412 9.1 0
      vertex 20.2412 9.1 2.4
    endloop
  endfacet
  facet normal 0.896767 -0.442502 0
    outer loop
      vertex 20.2412 9.1 0
      vertex 20.137 8.88883 2.4
      vertex 20.137 8.88883 0
    endloop
  endfacet
  facet normal -0.195014 0.980801 0
    outer loop
      vertex 26.6659 6.06133 0
      vertex 26.4349 6.0154 2.4
      vertex 26.6659 6.06133 2.4
    endloop
  endfacet
  facet normal -0.195014 0.980801 0
    outer loop
      vertex 26.4349 6.0154 2.4
      vertex 26.6659 6.06133 0
      vertex 26.4349 6.0154 0
    endloop
  endfacet
  facet normal 1 -0 0
    outer loop
      vertex 20 7.8 2.4
      vertex 20 8.2 0
      vertex 20 8.2 2.4
    endloop
  endfacet
  facet normal 1 0 0
    outer loop
      vertex 20 8.2 0
      vertex 20 7.8 2.4
      vertex 20 7.8 0
    endloop
  endfacet
  facet normal -0.659406 -0.751787 0
    outer loop
      vertex 27.2958 9.62804 0
      vertex 27.4728 9.47279 2.4
      vertex 27.2958 9.62804 2.4
    endloop
  endfacet
  facet normal -0.659406 -0.751787 -0
    outer loop
      vertex 27.4728 9.47279 2.4
      vertex 27.2958 9.62804 0
      vertex 27.4728 9.47279 0
    endloop
  endfacet
  facet normal -0.94691 -0.321498 0
    outer loop
      vertex 27.9387 8.66587 0
      vertex 27.863 8.88883 2.4
      vertex 27.863 8.88883 0
    endloop
  endfacet
  facet normal -0.94691 -0.321498 0
    outer loop
      vertex 27.863 8.88883 2.4
      vertex 27.9387 8.66587 0
      vertex 27.9387 8.66587 2.4
    endloop
  endfacet
  facet normal -0.442212 -0.89691 0
    outer loop
      vertex 26.8888 9.86298 0
      vertex 27.1 9.75885 2.4
      vertex 26.8888 9.86298 2.4
    endloop
  endfacet
  facet normal -0.442212 -0.89691 -0
    outer loop
      vertex 27.1 9.75885 2.4
      vertex 26.8888 9.86298 0
      vertex 27.1 9.75885 0
    endloop
  endfacet
  facet normal -0.442212 0.89691 0
    outer loop
      vertex 27.1 6.24115 0
      vertex 26.8888 6.13702 2.4
      vertex 27.1 6.24115 2.4
    endloop
  endfacet
  facet normal -0.442212 0.89691 0
    outer loop
      vertex 26.8888 6.13702 2.4
      vertex 27.1 6.24115 0
      vertex 26.8888 6.13702 0
    endloop
  endfacet
  facet normal -0.555513 -0.831508 0
    outer loop
      vertex 27.1 9.75885 0
      vertex 27.2958 9.62804 2.4
      vertex 27.1 9.75885 2.4
    endloop
  endfacet
  facet normal -0.555513 -0.831508 -0
    outer loop
      vertex 27.2958 9.62804 2.4
      vertex 27.1 9.75885 0
      vertex 27.2958 9.62804 0
    endloop
  endfacet
  facet normal -0.751929 0.659244 0
    outer loop
      vertex 27.4728 6.52721 0
      vertex 27.628 6.70423 2.4
      vertex 27.628 6.70423 0
    endloop
  endfacet
  facet normal -0.751929 0.659244 0
    outer loop
      vertex 27.628 6.70423 2.4
      vertex 27.4728 6.52721 0
      vertex 27.4728 6.52721 2.4
    endloop
  endfacet
  facet normal -0.896767 0.442502 0
    outer loop
      vertex 27.7588 6.9 0
      vertex 27.863 7.11117 2.4
      vertex 27.863 7.11117 0
    endloop
  endfacet
  facet normal -0.896767 0.442502 0
    outer loop
      vertex 27.863 7.11117 2.4
      vertex 27.7588 6.9 0
      vertex 27.7588 6.9 2.4
    endloop
  endfacet
  facet normal -0.997859 -0.0654055 0
    outer loop
      vertex 28 8.2 0
      vertex 27.9846 8.43495 2.4
      vertex 27.9846 8.43495 0
    endloop
  endfacet
  facet normal -0.997859 -0.0654055 0
    outer loop
      vertex 27.9846 8.43495 2.4
      vertex 28 8.2 0
      vertex 28 8.2 2.4
    endloop
  endfacet
  facet normal 0.321537 0.946897 -0
    outer loop
      vertex 21.3341 6.06133 0
      vertex 21.1112 6.13702 2.4
      vertex 21.3341 6.06133 2.4
    endloop
  endfacet
  facet normal 0.321537 0.946897 0
    outer loop
      vertex 21.1112 6.13702 2.4
      vertex 21.3341 6.06133 0
      vertex 21.1112 6.13702 0
    endloop
  endfacet
  facet normal -0.896767 -0.442502 0
    outer loop
      vertex 27.863 8.88883 0
      vertex 27.7588 9.1 2.4
      vertex 27.7588 9.1 0
    endloop
  endfacet
  facet normal -0.896767 -0.442502 0
    outer loop
      vertex 27.7588 9.1 2.4
      vertex 27.863 8.88883 0
      vertex 27.863 8.88883 2.4
    endloop
  endfacet
  facet normal -0.980812 0.194956 0
    outer loop
      vertex 27.9387 7.33413 0
      vertex 27.9846 7.56505 2.4
      vertex 27.9846 7.56505 0
    endloop
  endfacet
  facet normal -0.980812 0.194956 0
    outer loop
      vertex 27.9846 7.56505 2.4
      vertex 27.9387 7.33413 0
      vertex 27.9387 7.33413 2.4
    endloop
  endfacet
  facet normal 0 1 -0
    outer loop
      vertex 26.2 6 0
      vertex 21.8 6 2.4
      vertex 26.2 6 2.4
    endloop
  endfacet
  facet normal 0 1 0
    outer loop
      vertex 21.8 6 2.4
      vertex 26.2 6 0
      vertex 21.8 6 0
    endloop
  endfacet
  facet normal -0.0654194 -0.997858 0
    outer loop
      vertex 26.2 10 0
      vertex 26.4349 9.9846 2.4
      vertex 26.2 10 2.4
    endloop
  endfacet
  facet normal -0.0654194 -0.997858 -0
    outer loop
      vertex 26.4349 9.9846 2.4
      vertex 26.2 10 0
      vertex 26.4349 9.9846 0
    endloop
  endfacet
  facet normal -0.659406 0.751787 0
    outer loop
      vertex 27.4728 6.52721 0
      vertex 27.2958 6.37196 2.4
      vertex 27.4728 6.52721 2.4
    endloop
  endfacet
  facet normal -0.659406 0.751787 0
    outer loop
      vertex 27.2958 6.37196 2.4
      vertex 27.4728 6.52721 0
      vertex 27.2958 6.37196 0
    endloop
  endfacet
  facet normal 0 -1 0
    outer loop
      vertex 21.8 10 0
      vertex 26.2 10 2.4
      vertex 21.8 10 2.4
    endloop
  endfacet
  facet normal 0 -1 -0
    outer loop
      vertex 26.2 10 2.4
      vertex 21.8 10 0
      vertex 26.2 10 0
    endloop
  endfacet
  facet normal 0.896767 0.442502 0
    outer loop
      vertex 20.2412 6.9 2.4
      vertex 20.137 7.11117 0
      vertex 20.137 7.11117 2.4
    endloop
  endfacet
  facet normal 0.896767 0.442502 0
    outer loop
      vertex 20.137 7.11117 0
      vertex 20.2412 6.9 2.4
      vertex 20.2412 6.9 0
    endloop
  endfacet
  facet normal -0.321537 -0.946897 0
    outer loop
      vertex 26.6659 9.93867 0
      vertex 26.8888 9.86298 2.4
      vertex 26.6659 9.93867 2.4
    endloop
  endfacet
  facet normal -0.321537 -0.946897 -0
    outer loop
      vertex 26.8888 9.86298 2.4
      vertex 26.6659 9.93867 0
      vertex 26.8888 9.86298 0
    endloop
  endfacet
  facet normal -0.980812 -0.194956 0
    outer loop
      vertex 27.9846 8.43495 0
      vertex 27.9387 8.66587 2.4
      vertex 27.9387 8.66587 0
    endloop
  endfacet
  facet normal -0.980812 -0.194956 0
    outer loop
      vertex 27.9387 8.66587 2.4
      vertex 27.9846 8.43495 0
      vertex 27.9846 8.43495 2.4
    endloop
  endfacet
  facet normal 0.0654194 -0.997858 0
    outer loop
      vertex 21.5651 9.9846 0
      vertex 21.8 10 2.4
      vertex 21.5651 9.9846 2.4
    endloop
  endfacet
  facet normal 0.0654194 -0.997858 0
    outer loop
      vertex 21.8 10 2.4
      vertex 21.5651 9.9846 0
      vertex 21.8 10 0
    endloop
  endfacet
  facet normal -0.831488 0.555543 0
    outer loop
      vertex 27.628 6.70423 0
      vertex 27.7588 6.9 2.4
      vertex 27.7588 6.9 0
    endloop
  endfacet
  facet normal -0.831488 0.555543 0
    outer loop
      vertex 27.7588 6.9 2.4
      vertex 27.628 6.70423 0
      vertex 27.628 6.70423 2.4
    endloop
  endfacet
  facet normal -0.831488 -0.555543 0
    outer loop
      vertex 27.7588 9.1 0
      vertex 27.628 9.29577 2.4
      vertex 27.628 9.29577 0
    endloop
  endfacet
  facet normal -0.831488 -0.555543 0
    outer loop
      vertex 27.628 9.29577 2.4
      vertex 27.7588 9.1 0
      vertex 27.7588 9.1 2.4
    endloop
  endfacet
  facet normal -0.94691 0.321498 0
    outer loop
      vertex 27.863 7.11117 0
      vertex 27.9387 7.33413 2.4
      vertex 27.9387 7.33413 0
    endloop
  endfacet
  facet normal -0.94691 0.321498 0
    outer loop
      vertex 27.9387 7.33413 2.4
      vertex 27.863 7.11117 0
      vertex 27.863 7.11117 2.4
    endloop
  endfacet
  facet normal -1 0 0
    outer loop
      vertex 28 7.8 0
      vertex 28 8.2 2.4
      vertex 28 8.2 0
    endloop
  endfacet
  facet normal -1 -0 0
    outer loop
      vertex 28 8.2 2.4
      vertex 28 7.8 0
      vertex 28 7.8 2.4
    endloop
  endfacet
  facet normal 0.442212 0.89691 -0
    outer loop
      vertex 21.1112 6.13702 0
      vertex 20.9 6.24115 2.4
      vertex 21.1112 6.13702 2.4
    endloop
  endfacet
  facet normal 0.442212 0.89691 0
    outer loop
      vertex 20.9 6.24115 2.4
      vertex 21.1112 6.13702 0
      vertex 20.9 6.24115 0
    endloop
  endfacet
  facet normal 0.980812 0.194956 0
    outer loop
      vertex 20.0613 7.33413 2.4
      vertex 20.0154 7.56505 0
      vertex 20.0154 7.56505 2.4
    endloop
  endfacet
  facet normal 0.980812 0.194956 0
    outer loop
      vertex 20.0154 7.56505 0
      vertex 20.0613 7.33413 2.4
      vertex 20.0613 7.33413 0
    endloop
  endfacet
  facet normal -0.997859 0.0654055 0
    outer loop
      vertex 27.9846 7.56505 0
      vertex 28 7.8 2.4
      vertex 28 7.8 0
    endloop
  endfacet
  facet normal -0.997859 0.0654055 0
    outer loop
      vertex 28 7.8 2.4
      vertex 27.9846 7.56505 0
      vertex 27.9846 7.56505 2.4
    endloop
  endfacet
  facet normal 0.659406 -0.751787 0
    outer loop
      vertex 20.5272 9.47279 0
      vertex 20.7042 9.62804 2.4
      vertex 20.5272 9.47279 2.4
    endloop
  endfacet
  facet normal 0.659406 -0.751787 0
    outer loop
      vertex 20.7042 9.62804 2.4
      vertex 20.5272 9.47279 0
      vertex 20.7042 9.62804 0
    endloop
  endfacet
  facet normal 0.195014 0.980801 -0
    outer loop
      vertex 21.5651 6.0154 0
      vertex 21.3341 6.06133 2.4
      vertex 21.5651 6.0154 2.4
    endloop
  endfacet
  facet normal 0.195014 0.980801 0
    outer loop
      vertex 21.3341 6.06133 2.4
      vertex 21.5651 6.0154 0
      vertex 21.3341 6.06133 0
    endloop
  endfacet
  facet normal -0.195014 -0.980801 0
    outer loop
      vertex 26.4349 9.9846 0
      vertex 26.6659 9.93867 2.4
      vertex 26.4349 9.9846 2.4
    endloop
  endfacet
  facet normal -0.195014 -0.980801 -0
    outer loop
      vertex 26.6659 9.93867 2.4
      vertex 26.4349 9.9846 0
      vertex 26.6659 9.93867 0
    endloop
  endfacet
  facet normal -0.321537 0.946897 0
    outer loop
      vertex 26.8888 6.13702 0
      vertex 26.6659 6.06133 2.4
      vertex 26.8888 6.13702 2.4
    endloop
  endfacet
  facet normal -0.321537 0.946897 0
    outer loop
      vertex 26.6659 6.06133 2.4
      vertex 26.8888 6.13702 0
      vertex 26.6659 6.06133 0
    endloop
  endfacet
  facet normal 0.94691 -0.321498 0
    outer loop
      vertex 20.0613 8.66587 2.4
      vertex 20.137 8.88883 0
      vertex 20.137 8.88883 2.4
    endloop
  endfacet
  facet normal 0.94691 -0.321498 0
    outer loop
      vertex 20.137 8.88883 0
      vertex 20.0613 8.66587 2.4
      vertex 20.0613 8.66587 0
    endloop
  endfacet
  facet normal 0.555513 -0.831508 0
    outer loop
      vertex 20.7042 9.62804 0
      vertex 20.9 9.75885 2.4
      vertex 20.7042 9.62804 2.4
    endloop
  endfacet
  facet normal 0.555513 -0.831508 0
    outer loop
      vertex 20.9 9.75885 2.4
      vertex 20.7042 9.62804 0
      vertex 20.9 9.75885 0
    endloop
  endfacet
  facet normal 0.751929 0.659244 0
    outer loop
      vertex 20.5272 6.52721 2.4
      vertex 20.372 6.70423 0
      vertex 20.372 6.70423 2.4
    endloop
  endfacet
  facet normal 0.751929 0.659244 0
    outer loop
      vertex 20.372 6.70423 0
      vertex 20.5272 6.52721 2.4
      vertex 20.5272 6.52721 0
    endloop
  endfacet
  facet normal 0.0654194 0.997858 -0
    outer loop
      vertex 21.8 6 0
      vertex 21.5651 6.0154 2.4
      vertex 21.8 6 2.4
    endloop
  endfacet
  facet normal 0.0654194 0.997858 0
    outer loop
      vertex 21.5651 6.0154 2.4
      vertex 21.8 6 0
      vertex 21.5651 6.0154 0
    endloop
  endfacet
  facet normal -0.751929 -0.659244 0
    outer loop
      vertex 27.628 9.29577 0
      vertex 27.4728 9.47279 2.4
      vertex 27.4728 9.47279 0
    endloop
  endfacet
  facet normal -0.751929 -0.659244 0
    outer loop
      vertex 27.4728 9.47279 2.4
      vertex 27.628 9.29577 0
      vertex 27.628 9.29577 2.4
    endloop
  endfacet
  facet normal 0.751929 -0.659244 0
    outer loop
      vertex 20.372 9.29577 2.4
      vertex 20.5272 9.47279 0
      vertex 20.5272 9.47279 2.4
    endloop
  endfacet
  facet normal 0.751929 -0.659244 0
    outer loop
      vertex 20.5272 9.47279 0
      vertex 20.372 9.29577 2.4
      vertex 20.372 9.29577 0
    endloop
  endfacet
  facet normal 0.555513 0.831508 -0
    outer loop
      vertex 20.9 6.24115 0
      vertex 20.7042 6.37196 2.4
      vertex 20.9 6.24115 2.4
    endloop
  endfacet
  facet normal 0.555513 0.831508 0
    outer loop
      vertex 20.7042 6.37196 2.4
      vertex 20.9 6.24115 0
      vertex 20.7042 6.37196 0
    endloop
  endfacet
  facet normal -0.555513 0.831508 0
    outer loop
      vertex 27.2958 6.37196 0
      vertex 27.1 6.24115 2.4
      vertex 27.2958 6.37196 2.4
    endloop
  endfacet
  facet normal -0.555513 0.831508 0
    outer loop
      vertex 27.1 6.24115 2.4
      vertex 27.2958 6.37196 0
      vertex 27.1 6.24115 0
    endloop
  endfacet
  facet normal 0.980812 -0.194956 0
    outer loop
      vertex 20.0154 8.43495 2.4
      vertex 20.0613 8.66587 0
      vertex 20.0613 8.66587 2.4
    endloop
  endfacet
  facet normal 0.980812 -0.194956 0
    outer loop
      vertex 20.0613 8.66587 0
      vertex 20.0154 8.43495 2.4
      vertex 20.0154 8.43495 0
    endloop
  endfacet
  facet normal 0.997859 -0.0654055 0
    outer loop
      vertex 20 8.2 2.4
      vertex 20.0154 8.43495 0
      vertex 20.0154 8.43495 2.4
    endloop
  endfacet
  facet normal 0.997859 -0.0654055 0
    outer loop
      vertex 20.0154 8.43495 0
      vertex 20 8.2 2.4
      vertex 20 8.2 0
    endloop
  endfacet
  facet normal 0.659406 0.751787 -0
    outer loop
      vertex 20.7042 6.37196 0
      vertex 20.5272 6.52721 2.4
      vertex 20.7042 6.37196 2.4
    endloop
  endfacet
  facet normal 0.659406 0.751787 0
    outer loop
      vertex 20.5272 6.52721 2.4
      vertex 20.7042 6.37196 0
      vertex 20.5272 6.52721 0
    endloop
  endfacet
  facet normal 0.94691 0.321498 0
    outer loop
      vertex 20.137 7.11117 2.4
      vertex 20.0613 7.33413 0
      vertex 20.0613 7.33413 2.4
    endloop
  endfacet
  facet normal 0.94691 0.321498 0
    outer loop
      vertex 20.0613 7.33413 0
      vertex 20.137 7.11117 2.4
      vertex 20.137 7.11117 0
    endloop
  endfacet
  facet normal 0.831488 0.555543 0
    outer loop
      vertex 20.372 6.70423 2.4
      vertex 20.2412 6.9 0
      vertex 20.2412 6.9 2.4
    endloop
  endfacet
  facet normal 0.831488 0.555543 0
    outer loop
      vertex 20.2412 6.9 0
      vertex 20.372 6.70423 2.4
      vertex 20.372 6.70423 0
    endloop
  endfacet
  facet normal 0.195014 -0.980801 0
    outer loop
      vertex 21.3341 9.93867 0
      vertex 21.5651 9.9846 2.4
      vertex 21.3341 9.93867 2.4
    endloop
  endfacet
  facet normal 0.195014 -0.980801 0
    outer loop
      vertex 21.5651 9.9846 2.4
      vertex 21.3341 9.93867 0
      vertex 21.5651 9.9846 0
    endloop
  endfacet
  facet normal 0.831488 -0.555543 0
    outer loop
      vertex 20.2412 9.1 2.4
      vertex 20.372 9.29577 0
      vertex 20.372 9.29577 2.4
    endloop
  endfacet
  facet normal 0.831488 -0.555543 0
    outer loop
      vertex 20.372 9.29577 0
      vertex 20.2412 9.1 2.4
      vertex 20.2412 9.1 0
    endloop
  endfacet
  facet normal 0.997859 0.0654055 0
    outer loop
      vertex 20.0154 7.56505 2.4
      vertex 20 7.8 0
      vertex 20 7.8 2.4
    endloop
  endfacet
  facet normal 0.997859 0.0654055 0
    outer loop
      vertex 20 7.8 0
      vertex 20.0154 7.56505 2.4
      vertex 20.0154 7.56505 0
    endloop
  endfacet
  facet normal -0.0654194 0.997858 0
    outer loop
      vertex 26.4349 6.0154 0
      vertex 26.2 6 2.4
      vertex 26.4349 6.0154 2.4
    endloop
  endfacet
  facet normal -0.0654194 0.997858 0
    outer loop
      vertex 26.2 6 2.4
      vertex 26.4349 6.0154 0
      vertex 26.2 6 0
    endloop
  endfacet
  facet normal 0.442212 -0.89691 0
    outer loop
      vertex 20.9 9.75885 0
      vertex 21.1112 9.86298 2.4
      vertex 20.9 9.75885 2.4
    endloop
  endfacet
  facet normal 0.442212 -0.89691 0
    outer loop
      vertex 21.1112 9.86298 2.4
      vertex 20.9 9.75885 0
      vertex 21.1112 9.86298 0
    endloop
  endfacet
  facet normal 0.321537 -0.946897 0
    outer loop
      vertex 21.1112 9.86298 0
      vertex 21.3341 9.93867 2.4
      vertex 21.1112 9.86298 2.4
    endloop
  endfacet
  facet normal 0.321537 -0.946897 0
    outer loop
      vertex 21.3341 9.93867 2.4
      vertex 21.1112 9.86298 0
      vertex 21.3341 9.93867 0
    endloop
  endfacet
  facet normal 0.896767 -0.442502 0
    outer loop
      vertex 32.137 8.88883 2.4
      vertex 32.2412 9.1 0
      vertex 32.2412 9.1 2.4
    endloop
  endfacet
  facet normal 0.896767 -0.442502 0
    outer loop
      vertex 32.2412 9.1 0
      vertex 32.137 8.88883 2.4
      vertex 32.137 8.88883 0
    endloop
  endfacet
  facet normal -0.195014 0.980801 0
    outer loop
      vertex 38.6659 6.06133 0
      vertex 38.4349 6.0154 2.4
      vertex 38.6659 6.06133 2.4
    endloop
  endfacet
  facet normal -0.195014 0.980801 0
    outer loop
      vertex 38.4349 6.0154 2.4
      vertex 38.6659 6.06133 0
      vertex 38.4349 6.0154 0
    endloop
  endfacet
  facet normal 1 -0 0
    outer loop
      vertex 32 7.8 2.4
      vertex 32 8.2 0
      vertex 32 8.2 2.4
    endloop
  endfacet
  facet normal 1 0 0
    outer loop
      vertex 32 8.2 0
      vertex 32 7.8 2.4
      vertex 32 7.8 0
    endloop
  endfacet
  facet normal -0.659406 -0.751787 0
    outer loop
      vertex 39.2958 9.62804 0
      vertex 39.4728 9.47279 2.4
      vertex 39.2958 9.62804 2.4
    endloop
  endfacet
  facet normal -0.659406 -0.751787 -0
    outer loop
      vertex 39.4728 9.47279 2.4
      vertex 39.2958 9.62804 0
      vertex 39.4728 9.47279 0
    endloop
  endfacet
  facet normal -0.94691 -0.321498 0
    outer loop
      vertex 39.9387 8.66587 0
      vertex 39.863 8.88883 2.4
      vertex 39.863 8.88883 0
    endloop
  endfacet
  facet normal -0.94691 -0.321498 0
    outer loop
      vertex 39.863 8.88883 2.4
      vertex 39.9387 8.66587 0
      vertex 39.9387 8.66587 2.4
    endloop
  endfacet
  facet normal -0.442212 -0.89691 0
    outer loop
      vertex 38.8888 9.86298 0
      vertex 39.1 9.75885 2.4
      vertex 38.8888 9.86298 2.4
    endloop
  endfacet
  facet normal -0.442212 -0.89691 -0
    outer loop
      vertex 39.1 9.75885 2.4
      vertex 38.8888 9.86298 0
      vertex 39.1 9.75885 0
    endloop
  endfacet
  facet normal -0.442212 0.89691 0
    outer loop
      vertex 39.1 6.24115 0
      vertex 38.8888 6.13702 2.4
      vertex 39.1 6.24115 2.4
    endloop
  endfacet
  facet normal -0.442212 0.89691 0
    outer loop
      vertex 38.8888 6.13702 2.4
      vertex 39.1 6.24115 0
      vertex 38.8888 6.13702 0
    endloop
  endfacet
  facet normal -0.555513 -0.831508 0
    outer loop
      vertex 39.1 9.75885 0
      vertex 39.2958 9.62804 2.4
      vertex 39.1 9.75885 2.4
    endloop
  endfacet
  facet normal -0.555513 -0.831508 -0
    outer loop
      vertex 39.2958 9.62804 2.4
      vertex 39.1 9.75885 0
      vertex 39.2958 9.62804 0
    endloop
  endfacet
  facet normal -0.751929 0.659244 0
    outer loop
      vertex 39.4728 6.52721 0
      vertex 39.628 6.70423 2.4
      vertex 39.628 6.70423 0
    endloop
  endfacet
  facet normal -0.751929 0.659244 0
    outer loop
      vertex 39.628 6.70423 2.4
      vertex 39.4728 6.52721 0
      vertex 39.4728 6.52721 2.4
    endloop
  endfacet
  facet normal -0.896767 0.442502 0
    outer loop
      vertex 39.7588 6.9 0
      vertex 39.863 7.11117 2.4
      vertex 39.863 7.11117 0
    endloop
  endfacet
  facet normal -0.896767 0.442502 0
    outer loop
      vertex 39.863 7.11117 2.4
      vertex 39.7588 6.9 0
      vertex 39.7588 6.9 2.4
    endloop
  endfacet
  facet normal -0.997859 -0.0654055 0
    outer loop
      vertex 40 8.2 0
      vertex 39.9846 8.43495 2.4
      vertex 39.9846 8.43495 0
    endloop
  endfacet
  facet normal -0.997859 -0.0654055 0
    outer loop
      vertex 39.9846 8.43495 2.4
      vertex 40 8.2 0
      vertex 40 8.2 2.4
    endloop
  endfacet
  facet normal 0.321537 0.946897 -0
    outer loop
      vertex 33.3341 6.06133 0
      vertex 33.1112 6.13702 2.4
      vertex 33.3341 6.06133 2.4
    endloop
  endfacet
  facet normal 0.321537 0.946897 0
    outer loop
      vertex 33.1112 6.13702 2.4
      vertex 33.3341 6.06133 0
      vertex 33.1112 6.13702 0
    endloop
  endfacet
  facet normal -0.896767 -0.442502 0
    outer loop
      vertex 39.863 8.88883 0
      vertex 39.7588 9.1 2.4
      vertex 39.7588 9.1 0
    endloop
  endfacet
  facet normal -0.896767 -0.442502 0
    outer loop
      vertex 39.7588 9.1 2.4
      vertex 39.863 8.88883 0
      vertex 39.863 8.88883 2.4
    endloop
  endfacet
  facet normal -0.980812 0.194956 0
    outer loop
      vertex 39.9387 7.33413 0
      vertex 39.9846 7.56505 2.4
      vertex 39.9846 7.56505 0
    endloop
  endfacet
  facet normal -0.980812 0.194956 0
    outer loop
      vertex 39.9846 7.56505 2.4
      vertex 39.9387 7.33413 0
      vertex 39.9387 7.33413 2.4
    endloop
  endfacet
  facet normal 0 1 -0
    outer loop
      vertex 38.2 6 0
      vertex 33.8 6 2.4
      vertex 38.2 6 2.4
    endloop
  endfacet
  facet normal 0 1 0
    outer loop
      vertex 33.8 6 2.4
      vertex 38.2 6 0
      vertex 33.8 6 0
    endloop
  endfacet
  facet normal -0.0654194 -0.997858 0
    outer loop
      vertex 38.2 10 0
      vertex 38.4349 9.9846 2.4
      vertex 38.2 10 2.4
    endloop
  endfacet
  facet normal -0.0654194 -0.997858 -0
    outer loop
      vertex 38.4349 9.9846 2.4
      vertex 38.2 10 0
      vertex 38.4349 9.9846 0
    endloop
  endfacet
  facet normal -0.659406 0.751787 0
    outer loop
      vertex 39.4728 6.52721 0
      vertex 39.2958 6.37196 2.4
      vertex 39.4728 6.52721 2.4
    endloop
  endfacet
  facet normal -0.659406 0.751787 0
    outer loop
      vertex 39.2958 6.37196 2.4
      vertex 39.4728 6.52721 0
      vertex 39.2958 6.37196 0
    endloop
  endfacet
  facet normal 0 -1 0
    outer loop
      vertex 33.8 10 0
      vertex 38.2 10 2.4
      vertex 33.8 10 2.4
    endloop
  endfacet
  facet normal 0 -1 -0
    outer loop
      vertex 38.2 10 2.4
      vertex 33.8 10 0
      vertex 38.2 10 0
    endloop
  endfacet
  facet normal 0.896767 0.442502 0
    outer loop
      vertex 32.2412 6.9 2.4
      vertex 32.137 7.11117 0
      vertex 32.137 7.11117 2.4
    endloop
  endfacet
  facet normal 0.896767 0.442502 0
    outer loop
      vertex 32.137 7.11117 0
      vertex 32.2412 6.9 2.4
      vertex 32.2412 6.9 0
    endloop
  endfacet
  facet normal -0.321537 -0.946897 0
    outer loop
      vertex 38.6659 9.93867 0
      vertex 38.8888 9.86298 2.4
      vertex 38.6659 9.93867 2.4
    endloop
  endfacet
  facet normal -0.321537 -0.946897 -0
    outer loop
      vertex 38.8888 9.86298 2.4
      vertex 38.6659 9.93867 0
      vertex 38.8888 9.86298 0
    endloop
  endfacet
  facet normal -0.980812 -0.194956 0
    outer loop
      vertex 39.9846 8.43495 0
      vertex 39.9387 8.66587 2.4
      vertex 39.9387 8.66587 0
    endloop
  endfacet
  facet normal -0.980812 -0.194956 0
    outer loop
      vertex 39.9387 8.66587 2.4
      vertex 39.9846 8.43495 0
      vertex 39.9846 8.43495 2.4
    endloop
  endfacet
  facet normal 0.0654194 -0.997858 0
    outer loop
      vertex 33.5651 9.9846 0
      vertex 33.8 10 2.4
      vertex 33.5651 9.9846 2.4
    endloop
  endfacet
  facet normal 0.0654194 -0.997858 0
    outer loop
      vertex 33.8 10 2.4
      vertex 33.5651 9.9846 0
      vertex 33.8 10 0
    endloop
  endfacet
  facet normal -0.831488 0.555543 0
    outer loop
      vertex 39.628 6.70423 0
      vertex 39.7588 6.9 2.4
      vertex 39.7588 6.9 0
    endloop
  endfacet
  facet normal -0.831488 0.555543 0
    outer loop
      vertex 39.7588 6.9 2.4
      vertex 39.628 6.70423 0
      vertex 39.628 6.70423 2.4
    endloop
  endfacet
  facet normal -0.831488 -0.555543 0
    outer loop
      vertex 39.7588 9.1 0
      vertex 39.628 9.29577 2.4
      vertex 39.628 9.29577 0
    endloop
  endfacet
  facet normal -0.831488 -0.555543 0
    outer loop
      vertex 39.628 9.29577 2.4
      vertex 39.7588 9.1 0
      vertex 39.7588 9.1 2.4
    endloop
  endfacet
  facet normal -0.94691 0.321498 0
    outer loop
      vertex 39.863 7.11117 0
      vertex 39.9387 7.33413 2.4
      vertex 39.9387 7.33413 0
    endloop
  endfacet
  facet normal -0.94691 0.321498 0
    outer loop
      vertex 39.9387 7.33413 2.4
      vertex 39.863 7.11117 0
      vertex 39.863 7.11117 2.4
    endloop
  endfacet
  facet normal -1 0 0
    outer loop
      vertex 40 7.8 0
      vertex 40 8.2 2.4
      vertex 40 8.2 0
    endloop
  endfacet
  facet normal -1 -0 0
    outer loop
      vertex 40 8.2 2.4
      vertex 40 7.8 0
      vertex 40 7.8 2.4
    endloop
  endfacet
  facet normal 0.442212 0.89691 -0
    outer loop
      vertex 33.1112 6.13702 0
      vertex 32.9 6.24115 2.4
      vertex 33.1112 6.13702 2.4
    endloop
  endfacet
  facet normal 0.442212 0.89691 0
    outer loop
      vertex 32.9 6.24115 2.4
      vertex 33.1112 6.13702 0
      vertex 32.9 6.24115 0
    endloop
  endfacet
  facet normal 0.980812 0.194956 0
    outer loop
      vertex 32.0613 7.33413 2.4
      vertex 32.0154 7.56505 0
      vertex 32.0154 7.56505 2.4
    endloop
  endfacet
  facet normal 0.980812 0.194956 0
    outer loop
      vertex 32.0154 7.56505 0
      vertex 32.0613 7.33413 2.4
      vertex 32.0613 7.33413 0
    endloop
  endfacet
  facet normal 0.195014 -0.980801 0
    outer loop
      vertex 33.3341 9.93867 0
      vertex 33.5651 9.9846 2.4
      vertex 33.3341 9.93867 2.4
    endloop
  endfacet
  facet normal 0.195014 -0.980801 0
    outer loop
      vertex 33.5651 9.9846 2.4
      vertex 33.3341 9.93867 0
      vertex 33.5651 9.9846 0
    endloop
  endfacet
  facet normal -0.997859 0.0654055 0
    outer loop
      vertex 39.9846 7.56505 0
      vertex 40 7.8 2.4
      vertex 40 7.8 0
    endloop
  endfacet
  facet normal -0.997859 0.0654055 0
    outer loop
      vertex 40 7.8 2.4
      vertex 39.9846 7.56505 0
      vertex 39.9846 7.56505 2.4
    endloop
  endfacet
  facet normal 0.659406 -0.751787 0
    outer loop
      vertex 32.5272 9.47279 0
      vertex 32.7042 9.62804 2.4
      vertex 32.5272 9.47279 2.4
    endloop
  endfacet
  facet normal 0.659406 -0.751787 0
    outer loop
      vertex 32.7042 9.62804 2.4
      vertex 32.5272 9.47279 0
      vertex 32.7042 9.62804 0
    endloop
  endfacet
  facet normal 0.195014 0.980801 -0
    outer loop
      vertex 33.5651 6.0154 0
      vertex 33.3341 6.06133 2.4
      vertex 33.5651 6.0154 2.4
    endloop
  endfacet
  facet normal 0.195014 0.980801 0
    outer loop
      vertex 33.3341 6.06133 2.4
      vertex 33.5651 6.0154 0
      vertex 33.3341 6.06133 0
    endloop
  endfacet
  facet normal -0.195014 -0.980801 0
    outer loop
      vertex 38.4349 9.9846 0
      vertex 38.6659 9.93867 2.4
      vertex 38.4349 9.9846 2.4
    endloop
  endfacet
  facet normal -0.195014 -0.980801 -0
    outer loop
      vertex 38.6659 9.93867 2.4
      vertex 38.4349 9.9846 0
      vertex 38.6659 9.93867 0
    endloop
  endfacet
  facet normal -0.321537 0.946897 0
    outer loop
      vertex 38.8888 6.13702 0
      vertex 38.6659 6.06133 2.4
      vertex 38.8888 6.13702 2.4
    endloop
  endfacet
  facet normal -0.321537 0.946897 0
    outer loop
      vertex 38.6659 6.06133 2.4
      vertex 38.8888 6.13702 0
      vertex 38.6659 6.06133 0
    endloop
  endfacet
  facet normal 0.94691 -0.321498 0
    outer loop
      vertex 32.0613 8.66587 2.4
      vertex 32.137 8.88883 0
      vertex 32.137 8.88883 2.4
    endloop
  endfacet
  facet normal 0.94691 -0.321498 0
    outer loop
      vertex 32.137 8.88883 0
      vertex 32.0613 8.66587 2.4
      vertex 32.0613 8.66587 0
    endloop
  endfacet
  facet normal 0.555513 -0.831508 0
    outer loop
      vertex 32.7042 9.62804 0
      vertex 32.9 9.75885 2.4
      vertex 32.7042 9.62804 2.4
    endloop
  endfacet
  facet normal 0.555513 -0.831508 0
    outer loop
      vertex 32.9 9.75885 2.4
      vertex 32.7042 9.62804 0
      vertex 32.9 9.75885 0
    endloop
  endfacet
  facet normal 0.751929 0.659244 0
    outer loop
      vertex 32.5272 6.52721 2.4
      vertex 32.372 6.70423 0
      vertex 32.372 6.70423 2.4
    endloop
  endfacet
  facet normal 0.751929 0.659244 0
    outer loop
      vertex 32.372 6.70423 0
      vertex 32.5272 6.52721 2.4
      vertex 32.5272 6.52721 0
    endloop
  endfacet
  facet normal 0.0654194 0.997858 -0
    outer loop
      vertex 33.8 6 0
      vertex 33.5651 6.0154 2.4
      vertex 33.8 6 2.4
    endloop
  endfacet
  facet normal 0.0654194 0.997858 0
    outer loop
      vertex 33.5651 6.0154 2.4
      vertex 33.8 6 0
      vertex 33.5651 6.0154 0
    endloop
  endfacet
  facet normal -0.751929 -0.659244 0
    outer loop
      vertex 39.628 9.29577 0
      vertex 39.4728 9.47279 2.4
      vertex 39.4728 9.47279 0
    endloop
  endfacet
  facet normal -0.751929 -0.659244 0
    outer loop
      vertex 39.4728 9.47279 2.4
      vertex 39.628 9.29577 0
      vertex 39.628 9.29577 2.4
    endloop
  endfacet
  facet normal 0.751929 -0.659244 0
    outer loop
      vertex 32.372 9.29577 2.4
      vertex 32.5272 9.47279 0
      vertex 32.5272 9.47279 2.4
    endloop
  endfacet
  facet normal 0.751929 -0.659244 0
    outer loop
      vertex 32.5272 9.47279 0
      vertex 32.372 9.29577 2.4
      vertex 32.372 9.29577 0
    endloop
  endfacet
  facet normal 0.555513 0.831508 -0
    outer loop
      vertex 32.9 6.24115 0
      vertex 32.7042 6.37196 2.4
      vertex 32.9 6.24115 2.4
    endloop
  endfacet
  facet normal 0.555513 0.831508 0
    outer loop
      vertex 32.7042 6.37196 2.4
      vertex 32.9 6.24115 0
      vertex 32.7042 6.37196 0
    endloop
  endfacet
  facet normal -0.555513 0.831508 0
    outer loop
      vertex 39.2958 6.37196 0
      vertex 39.1 6.24115 2.4
      vertex 39.2958 6.37196 2.4
    endloop
  endfacet
  facet normal -0.555513 0.831508 0
    outer loop
      vertex 39.1 6.24115 2.4
      vertex 39.2958 6.37196 0
      vertex 39.1 6.24115 0
    endloop
  endfacet
  facet normal 0.980812 -0.194956 0
    outer loop
      vertex 32.0154 8.43495 2.4
      vertex 32.0613 8.66587 0
      vertex 32.0613 8.66587 2.4
    endloop
  endfacet
  facet normal 0.980812 -0.194956 0
    outer loop
      vertex 32.0613 8.66587 0
      vertex 32.0154 8.43495 2.4
      vertex 32.0154 8.43495 0
    endloop
  endfacet
  facet normal 0.997859 -0.0654055 0
    outer loop
      vertex 32 8.2 2.4
      vertex 32.0154 8.43495 0
      vertex 32.0154 8.43495 2.4
    endloop
  endfacet
  facet normal 0.997859 -0.0654055 0
    outer loop
      vertex 32.0154 8.43495 0
      vertex 32 8.2 2.4
      vertex 32 8.2 0
    endloop
  endfacet
  facet normal 0.659406 0.751787 -0
    outer loop
      vertex 32.7042 6.37196 0
      vertex 32.5272 6.52721 2.4
      vertex 32.7042 6.37196 2.4
    endloop
  endfacet
  facet normal 0.659406 0.751787 0
    outer loop
      vertex 32.5272 6.52721 2.4
      vertex 32.7042 6.37196 0
      vertex 32.5272 6.52721 0
    endloop
  endfacet
  facet normal 0.94691 0.321498 0
    outer loop
      vertex 32.137 7.11117 2.4
      vertex 32.0613 7.33413 0
      vertex 32.0613 7.33413 2.4
    endloop
  endfacet
  facet normal 0.94691 0.321498 0
    outer loop
      vertex 32.0613 7.33413 0
      vertex 32.137 7.11117 2.4
      vertex 32.137 7.11117 0
    endloop
  endfacet
  facet normal 0.831488 0.555543 0
    outer loop
      vertex 32.372 6.70423 2.4
      vertex 32.2412 6.9 0
      vertex 32.2412 6.9 2.4
    endloop
  endfacet
  facet normal 0.831488 0.555543 0
    outer loop
      vertex 32.2412 6.9 0
      vertex 32.372 6.70423 2.4
      vertex 32.372 6.70423 0
    endloop
  endfacet
  facet normal 0.831488 -0.555543 0
    outer loop
      vertex 32.2412 9.1 2.4
      vertex 32.372 9.29577 0
      vertex 32.372 9.29577 2.4
    endloop
  endfacet
  facet normal 0.831488 -0.555543 0
    outer loop
      vertex 32.372 9.29577 0
      vertex 32.2412 9.1 2.4
      vertex 32.2412 9.1 0
    endloop
  endfacet
  facet normal 0.997859 0.0654055 0
    outer loop
      vertex 32.0154 7.56505 2.4
      vertex 32 7.8 0
      vertex 32 7.8 2.4
    endloop
  endfacet
  facet normal 0.997859 0.0654055 0
    outer loop
      vertex 32 7.8 0
      vertex 32.0154 7.56505 2.4
      vertex 32.0154 7.56505 0
    endloop
  endfacet
  facet normal -0.0654194 0.997858 0
    outer loop
      vertex 38.4349 6.0154 0
      vertex 38.2 6 2.4
      vertex 38.4349 6.0154 2.4
    endloop
  endfacet
  facet normal -0.0654194 0.997858 0
    outer loop
      vertex 38.2 6 2.4
      vertex 38.4349 6.0154 0
      vertex 38.2 6 0
    endloop
  endfacet
  facet normal 0.442212 -0.89691 0
    outer loop
      vertex 32.9 9.75885 0
      vertex 33.1112 9.86298 2.4
      vertex 32.9 9.75885 2.4
    endloop
  endfacet
  facet normal 0.442212 -0.89691 0
    outer loop
      vertex 33.1112 9.86298 2.4
      vertex 32.9 9.75885 0
      vertex 33.1112 9.86298 0
    endloop
  endfacet
  facet normal 0.321537 -0.946897 0
    outer loop
      vertex 33.1112 9.86298 0
      vertex 33.3341 9.93867 2.4
      vertex 33.1112 9.86298 2.4
    endloop
  endfacet
  facet normal 0.321537 -0.946897 0
    outer loop
      vertex 33.3341 9.93867 2.4
      vertex 33.1112 9.86298 0
      vertex 33.3341 9.93867 0
    endloop
  endfacet
  facet normal 0.896767 -0.442502 0
    outer loop
      vertex 44.137 8.88883 2.4
      vertex 44.2412 9.1 0
      vertex 44.2412 9.1 2.4
    endloop
  endfacet
  facet normal 0.896767 -0.442502 0
    outer loop
      vertex 44.2412 9.1 0
      vertex 44.137 8.88883 2.4
      vertex 44.137 8.88883 0
    endloop
  endfacet
  facet normal -0.195014 0.980801 0
    outer loop
      vertex 50.6659 6.06133 0
      vertex 50.4349 6.0154 2.4
      vertex 50.6659 6.06133 2.4
    endloop
  endfacet
  facet normal -0.195014 0.980801 0
    outer loop
      vertex 50.4349 6.0154 2.4
      vertex 50.6659 6.06133 0
      vertex 50.4349 6.0154 0
    endloop
  endfacet
  facet normal 1 -0 0
    outer loop
      vertex 44 7.8 2.4
      vertex 44 8.2 0
      vertex 44 8.2 2.4
    endloop
  endfacet
  facet normal 1 0 0
    outer loop
      vertex 44 8.2 0
      vertex 44 7.8 2.4
      vertex 44 7.8 0
    endloop
  endfacet
  facet normal -0.659406 -0.751787 0
    outer loop
      vertex 51.2958 9.62804 0
      vertex 51.4728 9.47279 2.4
      vertex 51.2958 9.62804 2.4
    endloop
  endfacet
  facet normal -0.659406 -0.751787 -0
    outer loop
      vertex 51.4728 9.47279 2.4
      vertex 51.2958 9.62804 0
      vertex 51.4728 9.47279 0
    endloop
  endfacet
  facet normal -0.94691 -0.321498 0
    outer loop
      vertex 51.9387 8.66587 0
      vertex 51.863 8.88883 2.4
      vertex 51.863 8.88883 0
    endloop
  endfacet
  facet normal -0.94691 -0.321498 0
    outer loop
      vertex 51.863 8.88883 2.4
      vertex 51.9387 8.66587 0
      vertex 51.9387 8.66587 2.4
    endloop
  endfacet
  facet normal -0.442212 -0.89691 0
    outer loop
      vertex 50.8888 9.86298 0
      vertex 51.1 9.75885 2.4
      vertex 50.8888 9.86298 2.4
    endloop
  endfacet
  facet normal -0.442212 -0.89691 -0
    outer loop
      vertex 51.1 9.75885 2.4
      vertex 50.8888 9.86298 0
      vertex 51.1 9.75885 0
    endloop
  endfacet
  facet normal -0.442212 0.89691 0
    outer loop
      vertex 51.1 6.24115 0
      vertex 50.8888 6.13702 2.4
      vertex 51.1 6.24115 2.4
    endloop
  endfacet
  facet normal -0.442212 0.89691 0
    outer loop
      vertex 50.8888 6.13702 2.4
      vertex 51.1 6.24115 0
      vertex 50.8888 6.13702 0
    endloop
  endfacet
  facet normal -0.555513 -0.831508 0
    outer loop
      vertex 51.1 9.75885 0
      vertex 51.2958 9.62804 2.4
      vertex 51.1 9.75885 2.4
    endloop
  endfacet
  facet normal -0.555513 -0.831508 -0
    outer loop
      vertex 51.2958 9.62804 2.4
      vertex 51.1 9.75885 0
      vertex 51.2958 9.62804 0
    endloop
  endfacet
  facet normal -0.751929 0.659244 0
    outer loop
      vertex 51.4728 6.52721 0
      vertex 51.628 6.70423 2.4
      vertex 51.628 6.70423 0
    endloop
  endfacet
  facet normal -0.751929 0.659244 0
    outer loop
      vertex 51.628 6.70423 2.4
      vertex 51.4728 6.52721 0
      vertex 51.4728 6.52721 2.4
    endloop
  endfacet
  facet normal -0.896767 0.442502 0
    outer loop
      vertex 51.7588 6.9 0
      vertex 51.863 7.11117 2.4
      vertex 51.863 7.11117 0
    endloop
  endfacet
  facet normal -0.896767 0.442502 0
    outer loop
      vertex 51.863 7.11117 2.4
      vertex 51.7588 6.9 0
      vertex 51.7588 6.9 2.4
    endloop
  endfacet
  facet normal -0.997859 -0.0654055 0
    outer loop
      vertex 52 8.2 0
      vertex 51.9846 8.43495 2.4
      vertex 51.9846 8.43495 0
    endloop
  endfacet
  facet normal -0.997859 -0.0654055 0
    outer loop
      vertex 51.9846 8.43495 2.4
      vertex 52 8.2 0
      vertex 52 8.2 2.4
    endloop
  endfacet
  facet normal 0.321537 0.946897 -0
    outer loop
      vertex 45.3341 6.06133 0
      vertex 45.1112 6.13702 2.4
      vertex 45.3341 6.06133 2.4
    endloop
  endfacet
  facet normal 0.321537 0.946897 0
    outer loop
      vertex 45.1112 6.13702 2.4
      vertex 45.3341 6.06133 0
      vertex 45.1112 6.13702 0
    endloop
  endfacet
  facet normal -0.896767 -0.442502 0
    outer loop
      vertex 51.863 8.88883 0
      vertex 51.7588 9.1 2.4
      vertex 51.7588 9.1 0
    endloop
  endfacet
  facet normal -0.896767 -0.442502 0
    outer loop
      vertex 51.7588 9.1 2.4
      vertex 51.863 8.88883 0
      vertex 51.863 8.88883 2.4
    endloop
  endfacet
  facet normal -0.980812 0.194956 0
    outer loop
      vertex 51.9387 7.33413 0
      vertex 51.9846 7.56505 2.4
      vertex 51.9846 7.56505 0
    endloop
  endfacet
  facet normal -0.980812 0.194956 0
    outer loop
      vertex 51.9846 7.56505 2.4
      vertex 51.9387 7.33413 0
      vertex 51.9387 7.33413 2.4
    endloop
  endfacet
  facet normal 0 1 -0
    outer loop
      vertex 50.2 6 0
      vertex 45.8 6 2.4
      vertex 50.2 6 2.4
    endloop
  endfacet
  facet normal 0 1 0
    outer loop
      vertex 45.8 6 2.4
      vertex 50.2 6 0
      vertex 45.8 6 0
    endloop
  endfacet
  facet normal -0.0654194 -0.997858 0
    outer loop
      vertex 50.2 10 0
      vertex 50.4349 9.9846 2.4
      vertex 50.2 10 2.4
    endloop
  endfacet
  facet normal -0.0654194 -0.997858 -0
    outer loop
      vertex 50.4349 9.9846 2.4
      vertex 50.2 10 0
      vertex 50.4349 9.9846 0
    endloop
  endfacet
  facet normal -0.659406 0.751787 0
    outer loop
      vertex 51.4728 6.52721 0
      vertex 51.2958 6.37196 2.4
      vertex 51.4728 6.52721 2.4
    endloop
  endfacet
  facet normal -0.659406 0.751787 0
    outer loop
      vertex 51.2958 6.37196 2.4
      vertex 51.4728 6.52721 0
      vertex 51.2958 6.37196 0
    endloop
  endfacet
  facet normal 0 -1 0
    outer loop
      vertex 45.8 10 0
      vertex 50.2 10 2.4
      vertex 45.8 10 2.4
    endloop
  endfacet
  facet normal 0 -1 -0
    outer loop
      vertex 50.2 10 2.4
      vertex 45.8 10 0
      vertex 50.2 10 0
    endloop
  endfacet
  facet normal 0.896767 0.442502 0
    outer loop
      vertex 44.2412 6.9 2.4
      vertex 44.137 7.11117 0
      vertex 44.137 7.11117 2.4
    endloop
  endfacet
  facet normal 0.896767 0.442502 0
    outer loop
      vertex 44.137 7.11117 0
      vertex 44.2412 6.9 2.4
      vertex 44.2412 6.9 0
    endloop
  endfacet
  facet normal -0.321537 -0.946897 0
    outer loop
      vertex 50.6659 9.93867 0
      vertex 50.8888 9.86298 2.4
      vertex 50.6659 9.93867 2.4
    endloop
  endfacet
  facet normal -0.321537 -0.946897 -0
    outer loop
      vertex 50.8888 9.86298 2.4
      vertex 50.6659 9.93867 0
      vertex 50.8888 9.86298 0
    endloop
  endfacet
  facet normal -0.980812 -0.194956 0
    outer loop
      vertex 51.9846 8.43495 0
      vertex 51.9387 8.66587 2.4
      vertex 51.9387 8.66587 0
    endloop
  endfacet
  facet normal -0.980812 -0.194956 0
    outer loop
      vertex 51.9387 8.66587 2.4
      vertex 51.9846 8.43495 0
      vertex 51.9846 8.43495 2.4
    endloop
  endfacet
  facet normal 0.0654194 -0.997858 0
    outer loop
      vertex 45.5651 9.9846 0
      vertex 45.8 10 2.4
      vertex 45.5651 9.9846 2.4
    endloop
  endfacet
  facet normal 0.0654194 -0.997858 0
    outer loop
      vertex 45.8 10 2.4
      vertex 45.5651 9.9846 0
      vertex 45.8 10 0
    endloop
  endfacet
  facet normal -0.831488 0.555543 0
    outer loop
      vertex 51.628 6.70423 0
      vertex 51.7588 6.9 2.4
      vertex 51.7588 6.9 0
    endloop
  endfacet
  facet normal -0.831488 0.555543 0
    outer loop
      vertex 51.7588 6.9 2.4
      vertex 51.628 6.70423 0
      vertex 51.628 6.70423 2.4
    endloop
  endfacet
  facet normal -0.831488 -0.555543 0
    outer loop
      vertex 51.7588 9.1 0
      vertex 51.628 9.29577 2.4
      vertex 51.628 9.29577 0
    endloop
  endfacet
  facet normal -0.831488 -0.555543 0
    outer loop
      vertex 51.628 9.29577 2.4
      vertex 51.7588 9.1 0
      vertex 51.7588 9.1 2.4
    endloop
  endfacet
  facet normal -0.94691 0.321498 0
    outer loop
      vertex 51.863 7.11117 0
      vertex 51.9387 7.33413 2.4
      vertex 51.9387 7.33413 0
    endloop
  endfacet
  facet normal -0.94691 0.321498 0
    outer loop
      vertex 51.9387 7.33413 2.4
      vertex 51.863 7.11117 0
      vertex 51.863 7.11117 2.4
    endloop
  endfacet
  facet normal -1 0 0
    outer loop
      vertex 52 7.8 0
      vertex 52 8.2 2.4
      vertex 52 8.2 0
    endloop
  endfacet
  facet normal -1 -0 0
    outer loop
      vertex 52 8.2 2.4
      vertex 52 7.8 0
      vertex 52 7.8 2.4
    endloop
  endfacet
  facet normal 0.442212 0.89691 -0
    outer loop
      vertex 45.1112 6.13702 0
      vertex 44.9 6.24115 2.4
      vertex 45.1112 6.13702 2.4
    endloop
  endfacet
  facet normal 0.442212 0.89691 0
    outer loop
      vertex 44.9 6.24115 2.4
      vertex 45.1112 6.13702 0
      vertex 44.9 6.24115 0
    endloop
  endfacet
  facet normal 0.980812 0.194956 0
    outer loop
      vertex 44.0613 7.33413 2.4
      vertex 44.0154 7.56505 0
      vertex 44.0154 7.56505 2.4
    endloop
  endfacet
  facet normal 0.980812 0.194956 0
    outer loop
      vertex 44.0154 7.56505 0
      vertex 44.0613 7.33413 2.4
      vertex 44.0613 7.33413 0
    endloop
  endfacet
  facet normal -0.997859 0.0654055 0
    outer loop
      vertex 51.9846 7.56505 0
      vertex 52 7.8 2.4
      vertex 52 7.8 0
    endloop
  endfacet
  facet normal -0.997859 0.0654055 0
    outer loop
      vertex 52 7.8 2.4
      vertex 51.9846 7.56505 0
      vertex 51.9846 7.56505 2.4
    endloop
  endfacet
  facet normal 0.659406 -0.751787 0
    outer loop
      vertex 44.5272 9.47279 0
      vertex 44.7042 9.62804 2.4
      vertex 44.5272 9.47279 2.4
    endloop
  endfacet
  facet normal 0.659406 -0.751787 0
    outer loop
      vertex 44.7042 9.62804 2.4
      vertex 44.5272 9.47279 0
      vertex 44.7042 9.62804 0
    endloop
  endfacet
  facet normal 0.195014 0.980801 -0
    outer loop
      vertex 45.5651 6.0154 0
      vertex 45.3341 6.06133 2.4
      vertex 45.5651 6.0154 2.4
    endloop
  endfacet
  facet normal 0.195014 0.980801 0
    outer loop
      vertex 45.3341 6.06133 2.4
      vertex 45.5651 6.0154 0
      vertex 45.3341 6.06133 0
    endloop
  endfacet
  facet normal -0.195014 -0.980801 0
    outer loop
      vertex 50.4349 9.9846 0
      vertex 50.6659 9.93867 2.4
      vertex 50.4349 9.9846 2.4
    endloop
  endfacet
  facet normal -0.195014 -0.980801 -0
    outer loop
      vertex 50.6659 9.93867 2.4
      vertex 50.4349 9.9846 0
      vertex 50.6659 9.93867 0
    endloop
  endfacet
  facet normal -0.321537 0.946897 0
    outer loop
      vertex 50.8888 6.13702 0
      vertex 50.6659 6.06133 2.4
      vertex 50.8888 6.13702 2.4
    endloop
  endfacet
  facet normal -0.321537 0.946897 0
    outer loop
      vertex 50.6659 6.06133 2.4
      vertex 50.8888 6.13702 0
      vertex 50.6659 6.06133 0
    endloop
  endfacet
  facet normal 0.94691 -0.321498 0
    outer loop
      vertex 44.0613 8.66587 2.4
      vertex 44.137 8.88883 0
      vertex 44.137 8.88883 2.4
    endloop
  endfacet
  facet normal 0.94691 -0.321498 0
    outer loop
      vertex 44.137 8.88883 0
      vertex 44.0613 8.66587 2.4
      vertex 44.0613 8.66587 0
    endloop
  endfacet
  facet normal 0.555513 -0.831508 0
    outer loop
      vertex 44.7042 9.62804 0
      vertex 44.9 9.75885 2.4
      vertex 44.7042 9.62804 2.4
    endloop
  endfacet
  facet normal 0.555513 -0.831508 0
    outer loop
      vertex 44.9 9.75885 2.4
      vertex 44.7042 9.62804 0
      vertex 44.9 9.75885 0
    endloop
  endfacet
  facet normal 0.751929 0.659244 0
    outer loop
      vertex 44.5272 6.52721 2.4
      vertex 44.372 6.70423 0
      vertex 44.372 6.70423 2.4
    endloop
  endfacet
  facet normal 0.751929 0.659244 0
    outer loop
      vertex 44.372 6.70423 0
      vertex 44.5272 6.52721 2.4
      vertex 44.5272 6.52721 0
    endloop
  endfacet
  facet normal 0.0654194 0.997858 -0
    outer loop
      vertex 45.8 6 0
      vertex 45.5651 6.0154 2.4
      vertex 45.8 6 2.4
    endloop
  endfacet
  facet normal 0.0654194 0.997858 0
    outer loop
      vertex 45.5651 6.0154 2.4
      vertex 45.8 6 0
      vertex 45.5651 6.0154 0
    endloop
  endfacet
  facet normal -0.751929 -0.659244 0
    outer loop
      vertex 51.628 9.29577 0
      vertex 51.4728 9.47279 2.4
      vertex 51.4728 9.47279 0
    endloop
  endfacet
  facet normal -0.751929 -0.659244 0
    outer loop
      vertex 51.4728 9.47279 2.4
      vertex 51.628 9.29577 0
      vertex 51.628 9.29577 2.4
    endloop
  endfacet
  facet normal 0.751929 -0.659244 0
    outer loop
      vertex 44.372 9.29577 2.4
      vertex 44.5272 9.47279 0
      vertex 44.5272 9.47279 2.4
    endloop
  endfacet
  facet normal 0.751929 -0.659244 0
    outer loop
      vertex 44.5272 9.47279 0
      vertex 44.372 9.29577 2.4
      vertex 44.372 9.29577 0
    endloop
  endfacet
  facet normal 0.555513 0.831508 -0
    outer loop
      vertex 44.9 6.24115 0
      vertex 44.7042 6.37196 2.4
      vertex 44.9 6.24115 2.4
    endloop
  endfacet
  facet normal 0.555513 0.831508 0
    outer loop
      vertex 44.7042 6.37196 2.4
      vertex 44.9 6.24115 0
      vertex 44.7042 6.37196 0
    endloop
  endfacet
  facet normal -0.555513 0.831508 0
    outer loop
      vertex 51.2958 6.37196 0
      vertex 51.1 6.24115 2.4
      vertex 51.2958 6.37196 2.4
    endloop
  endfacet
  facet normal -0.555513 0.831508 0
    outer loop
      vertex 51.1 6.24115 2.4
      vertex 51.2958 6.37196 0
      vertex 51.1 6.24115 0
    endloop
  endfacet
  facet normal 0.980812 -0.194956 0
    outer loop
      vertex 44.0154 8.43495 2.4
      vertex 44.0613 8.66587 0
      vertex 44.0613 8.66587 2.4
    endloop
  endfacet
  facet normal 0.980812 -0.194956 0
    outer loop
      vertex 44.0613 8.66587 0
      vertex 44.0154 8.43495 2.4
      vertex 44.0154 8.43495 0
    endloop
  endfacet
  facet normal 0.997859 -0.0654055 0
    outer loop
      vertex 44 8.2 2.4
      vertex 44.0154 8.43495 0
      vertex 44.0154 8.43495 2.4
    endloop
  endfacet
  facet normal 0.997859 -0.0654055 0
    outer loop
      vertex 44.0154 8.43495 0
      vertex 44 8.2 2.4
      vertex 44 8.2 0
    endloop
  endfacet
  facet normal 0.659406 0.751787 -0
    outer loop
      vertex 44.7042 6.37196 0
      vertex 44.5272 6.52721 2.4
      vertex 44.7042 6.37196 2.4
    endloop
  endfacet
  facet normal 0.659406 0.751787 0
    outer loop
      vertex 44.5272 6.52721 2.4
      vertex 44.7042 6.37196 0
      vertex 44.5272 6.52721 0
    endloop
  endfacet
  facet normal 0.94691 0.321498 0
    outer loop
      vertex 44.137 7.11117 2.4
      vertex 44.0613 7.33413 0
      vertex 44.0613 7.33413 2.4
    endloop
  endfacet
  facet normal 0.94691 0.321498 0
    outer loop
      vertex 44.0613 7.33413 0
      vertex 44.137 7.11117 2.4
      vertex 44.137 7.11117 0
    endloop
  endfacet
  facet normal 0.831488 0.555543 0
    outer loop
      vertex 44.372 6.70423 2.4
      vertex 44.2412 6.9 0
      vertex 44.2412 6.9 2.4
    endloop
  endfacet
  facet normal 0.831488 0.555543 0
    outer loop
      vertex 44.2412 6.9 0
      vertex 44.372 6.70423 2.4
      vertex 44.372 6.70423 0
    endloop
  endfacet
  facet normal 0.195014 -0.980801 0
    outer loop
      vertex 45.3341 9.93867 0
      vertex 45.5651 9.9846 2.4
      vertex 45.3341 9.93867 2.4
    endloop
  endfacet
  facet normal 0.195014 -0.980801 0
    outer loop
      vertex 45.5651 9.9846 2.4
      vertex 45.3341 9.93867 0
      vertex 45.5651 9.9846 0
    endloop
  endfacet
  facet normal 0.831488 -0.555543 0
    outer loop
      vertex 44.2412 9.1 2.4
      vertex 44.372 9.29577 0
      vertex 44.372 9.29577 2.4
    endloop
  endfacet
  facet normal 0.831488 -0.555543 0
    outer loop
      vertex 44.372 9.29577 0
      vertex 44.2412 9.1 2.4
      vertex 44.2412 9.1 0
    endloop
  endfacet
  facet normal 0.997859 0.0654055 0
    outer loop
      vertex 44.0154 7.56505 2.4
      vertex 44 7.8 0
      vertex 44 7.8 2.4
    endloop
  endfacet
  facet normal 0.997859 0.0654055 0
    outer loop
      vertex 44 7.8 0
      vertex 44.0154 7.56505 2.4
      vertex 44.0154 7.56505 0
    endloop
  endfacet
  facet normal -0.0654194 0.997858 0
    outer loop
      vertex 50.4349 6.0154 0
      vertex 50.2 6 2.4
      vertex 50.4349 6.0154 2.4
    endloop
  endfacet
  facet normal -0.0654194 0.997858 0
    outer loop
      vertex 50.2 6 2.4
      vertex 50.4349 6.0154 0
      vertex 50.2 6 0
    endloop
  endfacet
  facet normal 0.442212 -0.89691 0
    outer loop
      vertex 44.9 9.75885 0
      vertex 45.1112 9.86298 2.4
      vertex 44.9 9.75885 2.4
    endloop
  endfacet
  facet normal 0.442212 -0.89691 0
    outer loop
      vertex 45.1112 9.86298 2.4
      vertex 44.9 9.75885 0
      vertex 45.1112 9.86298 0
    endloop
  endfacet
  facet normal 0.321537 -0.946897 0
    outer loop
      vertex 45.1112 9.86298 0
      vertex 45.3341 9.93867 2.4
      vertex 45.1112 9.86298 2.4
    endloop
  endfacet
  facet normal 0.321537 -0.946897 0
    outer loop
      vertex 45.3341 9.93867 2.4
      vertex 45.1112 9.86298 0
      vertex 45.3341 9.93867 0
    endloop
  endfacet
  facet normal 0.896767 -0.442502 0
    outer loop
      vertex 56.137 8.88883 2.4
      vertex 56.2412 9.1 0
      vertex 56.2412 9.1 2.4
    endloop
  endfacet
  facet normal 0.896767 -0.442502 0
    outer loop
      vertex 56.2412 9.1 0
      vertex 56.137 8.88883 2.4
      vertex 56.137 8.88883 0
    endloop
  endfacet
  facet normal -0.195014 0.980801 0
    outer loop
      vertex 62.6659 6.06133 0
      vertex 62.4349 6.0154 2.4
      vertex 62.6659 6.06133 2.4
    endloop
  endfacet
  facet normal -0.195014 0.980801 0
    outer loop
      vertex 62.4349 6.0154 2.4
      vertex 62.6659 6.06133 0
      vertex 62.4349 6.0154 0
    endloop
  endfacet
  facet normal 1 -0 0
    outer loop
      vertex 56 7.8 2.4
      vertex 56 8.2 0
      vertex 56 8.2 2.4
    endloop
  endfacet
  facet normal 1 0 0
    outer loop
      vertex 56 8.2 0
      vertex 56 7.8 2.4
      vertex 56 7.8 0
    endloop
  endfacet
  facet normal -0.659406 -0.751787 0
    outer loop
      vertex 63.2958 9.62804 0
      vertex 63.4728 9.47279 2.4
      vertex 63.2958 9.62804 2.4
    endloop
  endfacet
  facet normal -0.659406 -0.751787 -0
    outer loop
      vertex 63.4728 9.47279 2.4
      vertex 63.2958 9.62804 0
      vertex 63.4728 9.47279 0
    endloop
  endfacet
  facet normal -0.94691 -0.321498 0
    outer loop
      vertex 63.9387 8.66587 0
      vertex 63.863 8.88883 2.4
      vertex 63.863 8.88883 0
    endloop
  endfacet
  facet normal -0.94691 -0.321498 0
    outer loop
      vertex 63.863 8.88883 2.4
      vertex 63.9387 8.66587 0
      vertex 63.9387 8.66587 2.4
    endloop
  endfacet
  facet normal -0.442212 -0.89691 0
    outer loop
      vertex 62.8888 9.86298 0
      vertex 63.1 9.75885 2.4
      vertex 62.8888 9.86298 2.4
    endloop
  endfacet
  facet normal -0.442212 -0.89691 -0
    outer loop
      vertex 63.1 9.75885 2.4
      vertex 62.8888 9.86298 0
      vertex 63.1 9.75885 0
    endloop
  endfacet
  facet normal -0.442212 0.89691 0
    outer loop
      vertex 63.1 6.24115 0
      vertex 62.8888 6.13702 2.4
      vertex 63.1 6.24115 2.4
    endloop
  endfacet
  facet normal -0.442212 0.89691 0
    outer loop
      vertex 62.8888 6.13702 2.4
      vertex 63.1 6.24115 0
      vertex 62.8888 6.13702 0
    endloop
  endfacet
  facet normal -0.555513 -0.831508 0
    outer loop
      vertex 63.1 9.75885 0
      vertex 63.2958 9.62804 2.4
      vertex 63.1 9.75885 2.4
    endloop
  endfacet
  facet normal -0.555513 -0.831508 -0
    outer loop
      vertex 63.2958 9.62804 2.4
      vertex 63.1 9.75885 0
      vertex 63.2958 9.62804 0
    endloop
  endfacet
  facet normal -0.751929 0.659244 0
    outer loop
      vertex 63.4728 6.52721 0
      vertex 63.628 6.70423 2.4
      vertex 63.628 6.70423 0
    endloop
  endfacet
  facet normal -0.751929 0.659244 0
    outer loop
      vertex 63.628 6.70423 2.4
      vertex 63.4728 6.52721 0
      vertex 63.4728 6.52721 2.4
    endloop
  endfacet
  facet normal -0.896767 0.442502 0
    outer loop
      vertex 63.7588 6.9 0
      vertex 63.863 7.11117 2.4
      vertex 63.863 7.11117 0
    endloop
  endfacet
  facet normal -0.896767 0.442502 0
    outer loop
      vertex 63.863 7.11117 2.4
      vertex 63.7588 6.9 0
      vertex 63.7588 6.9 2.4
    endloop
  endfacet
  facet normal -0.997859 -0.0654055 0
    outer loop
      vertex 64 8.2 0
      vertex 63.9846 8.43495 2.4
      vertex 63.9846 8.43495 0
    endloop
  endfacet
  facet normal -0.997859 -0.0654055 0
    outer loop
      vertex 63.9846 8.43495 2.4
      vertex 64 8.2 0
      vertex 64 8.2 2.4
    endloop
  endfacet
  facet normal 0.321537 0.946897 -0
    outer loop
      vertex 57.3341 6.06133 0
      vertex 57.1112 6.13702 2.4
      vertex 57.3341 6.06133 2.4
    endloop
  endfacet
  facet normal 0.321537 0.946897 0
    outer loop
      vertex 57.1112 6.13702 2.4
      vertex 57.3341 6.06133 0
      vertex 57.1112 6.13702 0
    endloop
  endfacet
  facet normal -0.896767 -0.442502 0
    outer loop
      vertex 63.863 8.88883 0
      vertex 63.7588 9.1 2.4
      vertex 63.7588 9.1 0
    endloop
  endfacet
  facet normal -0.896767 -0.442502 0
    outer loop
      vertex 63.7588 9.1 2.4
      vertex 63.863 8.88883 0
      vertex 63.863 8.88883 2.4
    endloop
  endfacet
  facet normal -0.980812 0.194956 0
    outer loop
      vertex 63.9387 7.33413 0
      vertex 63.9846 7.56505 2.4
      vertex 63.9846 7.56505 0
    endloop
  endfacet
  facet normal -0.980812 0.194956 0
    outer loop
      vertex 63.9846 7.56505 2.4
      vertex 63.9387 7.33413 0
      vertex 63.9387 7.33413 2.4
    endloop
  endfacet
  facet normal 0 1 -0
    outer loop
      vertex 62.2 6 0
      vertex 57.8 6 2.4
      vertex 62.2 6 2.4
    endloop
  endfacet
  facet normal 0 1 0
    outer loop
      vertex 57.8 6 2.4
      vertex 62.2 6 0
      vertex 57.8 6 0
    endloop
  endfacet
  facet normal -0.0654194 -0.997858 0
    outer loop
      vertex 62.2 10 0
      vertex 62.4349 9.9846 2.4
      vertex 62.2 10 2.4
    endloop
  endfacet
  facet normal -0.0654194 -0.997858 -0
    outer loop
      vertex 62.4349 9.9846 2.4
      vertex 62.2 10 0
      vertex 62.4349 9.9846 0
    endloop
  endfacet
  facet normal -0.659406 0.751787 0
    outer loop
      vertex 63.4728 6.52721 0
      vertex 63.2958 6.37196 2.4
      vertex 63.4728 6.52721 2.4
    endloop
  endfacet
  facet normal -0.659406 0.751787 0
    outer loop
      vertex 63.2958 6.37196 2.4
      vertex 63.4728 6.52721 0
      vertex 63.2958 6.37196 0
    endloop
  endfacet
  facet normal 0 -1 0
    outer loop
      vertex 57.8 10 0
      vertex 62.2 10 2.4
      vertex 57.8 10 2.4
    endloop
  endfacet
  facet normal 0 -1 -0
    outer loop
      vertex 62.2 10 2.4
      vertex 57.8 10 0
      vertex 62.2 10 0
    endloop
  endfacet
  facet normal 0.896767 0.442502 0
    outer loop
      vertex 56.2412 6.9 2.4
      vertex 56.137 7.11117 0
      vertex 56.137 7.11117 2.4
    endloop
  endfacet
  facet normal 0.896767 0.442502 0
    outer loop
      vertex 56.137 7.11117 0
      vertex 56.2412 6.9 2.4
      vertex 56.2412 6.9 0
    endloop
  endfacet
  facet normal -0.321537 -0.946897 0
    outer loop
      vertex 62.6659 9.93867 0
      vertex 62.8888 9.86298 2.4
      vertex 62.6659 9.93867 2.4
    endloop
  endfacet
  facet normal -0.321537 -0.946897 -0
    outer loop
      vertex 62.8888 9.86298 2.4
      vertex 62.6659 9.93867 0
      vertex 62.8888 9.86298 0
    endloop
  endfacet
  facet normal -0.980812 -0.194956 0
    outer loop
      vertex 63.9846 8.43495 0
      vertex 63.9387 8.66587 2.4
      vertex 63.9387 8.66587 0
    endloop
  endfacet
  facet normal -0.980812 -0.194956 0
    outer loop
      vertex 63.9387 8.66587 2.4
      vertex 63.9846 8.43495 0
      vertex 63.9846 8.43495 2.4
    endloop
  endfacet
  facet normal 0.0654194 -0.997858 0
    outer loop
      vertex 57.5651 9.9846 0
      vertex 57.8 10 2.4
      vertex 57.5651 9.9846 2.4
    endloop
  endfacet
  facet normal 0.0654194 -0.997858 0
    outer loop
      vertex 57.8 10 2.4
      vertex 57.5651 9.9846 0
      vertex 57.8 10 0
    endloop
  endfacet
  facet normal -0.831488 0.555543 0
    outer loop
      vertex 63.628 6.70423 0
      vertex 63.7588 6.9 2.4
      vertex 63.7588 6.9 0
    endloop
  endfacet
  facet normal -0.831488 0.555543 0
    outer loop
      vertex 63.7588 6.9 2.4
      vertex 63.628 6.70423 0
      vertex 63.628 6.70423 2.4
    endloop
  endfacet
  facet normal -0.831488 -0.555543 0
    outer loop
      vertex 63.7588 9.1 0
      vertex 63.628 9.29577 2.4
      vertex 63.628 9.29577 0
    endloop
  endfacet
  facet normal -0.831488 -0.555543 0
    outer loop
      vertex 63.628 9.29577 2.4
      vertex 63.7588 9.1 0
      vertex 63.7588 9.1 2.4
    endloop
  endfacet
  facet normal -0.94691 0.321498 0
    outer loop
      vertex 63.863 7.11117 0
      vertex 63.9387 7.33413 2.4
      vertex 63.9387 7.33413 0
    endloop
  endfacet
  facet normal -0.94691 0.321498 0
    outer loop
      vertex 63.9387 7.33413 2.4
      vertex 63.863 7.11117 0
      vertex 63.863 7.11117 2.4
    endloop
  endfacet
  facet normal -1 0 0
    outer loop
      vertex 64 7.8 0
      vertex 64 8.2 2.4
      vertex 64 8.2 0
    endloop
  endfacet
  facet normal -1 -0 0
    outer loop
      vertex 64 8.2 2.4
      vertex 64 7.8 0
      vertex 64 7.8 2.4
    endloop
  endfacet
  facet normal 0.442212 0.89691 -0
    outer loop
      vertex 57.1112 6.13702 0
      vertex 56.9 6.24115 2.4
      vertex 57.1112 6.13702 2.4
    endloop
  endfacet
  facet normal 0.442212 0.89691 0
    outer loop
      vertex 56.9 6.24115 2.4
      vertex 57.1112 6.13702 0
      vertex 56.9 6.24115 0
    endloop
  endfacet
  facet normal 0.980812 0.194956 0
    outer loop
      vertex 56.0613 7.33413 2.4
      vertex 56.0154 7.56505 0
      vertex 56.0154 7.56505 2.4
    endloop
  endfacet
  facet normal 0.980812 0.194956 0
    outer loop
      vertex 56.0154 7.56505 0
      vertex 56.0613 7.33413 2.4
      vertex 56.0613 7.33413 0
    endloop
  endfacet
  facet normal 0.195014 -0.980801 0
    outer loop
      vertex 57.3341 9.93867 0
      vertex 57.5651 9.9846 2.4
      vertex 57.3341 9.93867 2.4
    endloop
  endfacet
  facet normal 0.195014 -0.980801 0
    outer loop
      vertex 57.5651 9.9846 2.4
      vertex 57.3341 9.93867 0
      vertex 57.5651 9.9846 0
    endloop
  endfacet
  facet normal -0.997859 0.0654055 0
    outer loop
      vertex 63.9846 7.56505 0
      vertex 64 7.8 2.4
      vertex 64 7.8 0
    endloop
  endfacet
  facet normal -0.997859 0.0654055 0
    outer loop
      vertex 64 7.8 2.4
      vertex 63.9846 7.56505 0
      vertex 63.9846 7.56505 2.4
    endloop
  endfacet
  facet normal 0.659406 -0.751787 0
    outer loop
      vertex 56.5272 9.47279 0
      vertex 56.7042 9.62804 2.4
      vertex 56.5272 9.47279 2.4
    endloop
  endfacet
  facet normal 0.659406 -0.751787 0
    outer loop
      vertex 56.7042 9.62804 2.4
      vertex 56.5272 9.47279 0
      vertex 56.7042 9.62804 0
    endloop
  endfacet
  facet normal 0.195014 0.980801 -0
    outer loop
      vertex 57.5651 6.0154 0
      vertex 57.3341 6.06133 2.4
      vertex 57.5651 6.0154 2.4
    endloop
  endfacet
  facet normal 0.195014 0.980801 0
    outer loop
      vertex 57.3341 6.06133 2.4
      vertex 57.5651 6.0154 0
      vertex 57.3341 6.06133 0
    endloop
  endfacet
  facet normal -0.195014 -0.980801 0
    outer loop
      vertex 62.4349 9.9846 0
      vertex 62.6659 9.93867 2.4
      vertex 62.4349 9.9846 2.4
    endloop
  endfacet
  facet normal -0.195014 -0.980801 -0
    outer loop
      vertex 62.6659 9.93867 2.4
      vertex 62.4349 9.9846 0
      vertex 62.6659 9.93867 0
    endloop
  endfacet
  facet normal -0.321537 0.946897 0
    outer loop
      vertex 62.8888 6.13702 0
      vertex 62.6659 6.06133 2.4
      vertex 62.8888 6.13702 2.4
    endloop
  endfacet
  facet normal -0.321537 0.946897 0
    outer loop
      vertex 62.6659 6.06133 2.4
      vertex 62.8888 6.13702 0
      vertex 62.6659 6.06133 0
    endloop
  endfacet
  facet normal 0.94691 -0.321498 0
    outer loop
      vertex 56.0613 8.66587 2.4
      vertex 56.137 8.88883 0
      vertex 56.137 8.88883 2.4
    endloop
  endfacet
  facet normal 0.94691 -0.321498 0
    outer loop
      vertex 56.137 8.88883 0
      vertex 56.0613 8.66587 2.4
      vertex 56.0613 8.66587 0
    endloop
  endfacet
  facet normal 0.555513 -0.831508 0
    outer loop
      vertex 56.7042 9.62804 0
      vertex 56.9 9.75885 2.4
      vertex 56.7042 9.62804 2.4
    endloop
  endfacet
  facet normal 0.555513 -0.831508 0
    outer loop
      vertex 56.9 9.75885 2.4
      vertex 56.7042 9.62804 0
      vertex 56.9 9.75885 0
    endloop
  endfacet
  facet normal 0.751929 0.659244 0
    outer loop
      vertex 56.5272 6.52721 2.4
      vertex 56.372 6.70423 0
      vertex 56.372 6.70423 2.4
    endloop
  endfacet
  facet normal 0.751929 0.659244 0
    outer loop
      vertex 56.372 6.70423 0
      vertex 56.5272 6.52721 2.4
      vertex 56.5272 6.52721 0
    endloop
  endfacet
  facet normal 0.0654194 0.997858 -0
    outer loop
      vertex 57.8 6 0
      vertex 57.5651 6.0154 2.4
      vertex 57.8 6 2.4
    endloop
  endfacet
  facet normal 0.0654194 0.997858 0
    outer loop
      vertex 57.5651 6.0154 2.4
      vertex 57.8 6 0
      vertex 57.5651 6.0154 0
    endloop
  endfacet
  facet normal -0.751929 -0.659244 0
    outer loop
      vertex 63.628 9.29577 0
      vertex 63.4728 9.47279 2.4
      vertex 63.4728 9.47279 0
    endloop
  endfacet
  facet normal -0.751929 -0.659244 0
    outer loop
      vertex 63.4728 9.47279 2.4
      vertex 63.628 9.29577 0
      vertex 63.628 9.29577 2.4
    endloop
  endfacet
  facet normal 0.751929 -0.659244 0
    outer loop
      vertex 56.372 9.29577 2.4
      vertex 56.5272 9.47279 0
      vertex 56.5272 9.47279 2.4
    endloop
  endfacet
  facet normal 0.751929 -0.659244 0
    outer loop
      vertex 56.5272 9.47279 0
      vertex 56.372 9.29577 2.4
      vertex 56.372 9.29577 0
    endloop
  endfacet
  facet normal 0.555513 0.831508 -0
    outer loop
      vertex 56.9 6.24115 0
      vertex 56.7042 6.37196 2.4
      vertex 56.9 6.24115 2.4
    endloop
  endfacet
  facet normal 0.555513 0.831508 0
    outer loop
      vertex 56.7042 6.37196 2.4
      vertex 56.9 6.24115 0
      vertex 56.7042 6.37196 0
    endloop
  endfacet
  facet normal -0.555513 0.831508 0
    outer loop
      vertex 63.2958 6.37196 0
      vertex 63.1 6.24115 2.4
      vertex 63.2958 6.37196 2.4
    endloop
  endfacet
  facet normal -0.555513 0.831508 0
    outer loop
      vertex 63.1 6.24115 2.4
      vertex 63.2958 6.37196 0
      vertex 63.1 6.24115 0
    endloop
  endfacet
  facet normal 0.980812 -0.194956 0
    outer loop
      vertex 56.0154 8.43495 2.4
      vertex 56.0613 8.66587 0
      vertex 56.0613 8.66587 2.4
    endloop
  endfacet
  facet normal 0.980812 -0.194956 0
    outer loop
      vertex 56.0613 8.66587 0
      vertex 56.0154 8.43495 2.4
      vertex 56.0154 8.43495 0
    endloop
  endfacet
  facet normal 0.997859 -0.0654055 0
    outer loop
      vertex 56 8.2 2.4
      vertex 56.0154 8.43495 0
      vertex 56.0154 8.43495 2.4
    endloop
  endfacet
  facet normal 0.997859 -0.0654055 0
    outer loop
      vertex 56.0154 8.43495 0
      vertex 56 8.2 2.4
      vertex 56 8.2 0
    endloop
  endfacet
  facet normal 0.659406 0.751787 -0
    outer loop
      vertex 56.7042 6.37196 0
      vertex 56.5272 6.52721 2.4
      vertex 56.7042 6.37196 2.4
    endloop
  endfacet
  facet normal 0.659406 0.751787 0
    outer loop
      vertex 56.5272 6.52721 2.4
      vertex 56.7042 6.37196 0
      vertex 56.5272 6.52721 0
    endloop
  endfacet
  facet normal 0.94691 0.321498 0
    outer loop
      vertex 56.137 7.11117 2.4
      vertex 56.0613 7.33413 0
      vertex 56.0613 7.33413 2.4
    endloop
  endfacet
  facet normal 0.94691 0.321498 0
    outer loop
      vertex 56.0613 7.33413 0
      vertex 56.137 7.11117 2.4
      vertex 56.137 7.11117 0
    endloop
  endfacet
  facet normal 0.831488 0.555543 0
    outer loop
      vertex 56.372 6.70423 2.4
      vertex 56.2412 6.9 0
      vertex 56.2412 6.9 2.4
    endloop
  endfacet
  facet normal 0.831488 0.555543 0
    outer loop
      vertex 56.2412 6.9 0
      vertex 56.372 6.70423 2.4
      vertex 56.372 6.70423 0
    endloop
  endfacet
  facet normal 0.831488 -0.555543 0
    outer loop
      vertex 56.2412 9.1 2.4
      vertex 56.372 9.29577 0
      vertex 56.372 9.29577 2.4
    endloop
  endfacet
  facet normal 0.831488 -0.555543 0
    outer loop
      vertex 56.372 9.29577 0
      vertex 56.2412 9.1 2.4
      vertex 56.2412 9.1 0
    endloop
  endfacet
  facet normal 0.997859 0.0654055 0
    outer loop
      vertex 56.0154 7.56505 2.4
      vertex 56 7.8 0
      vertex 56 7.8 2.4
    endloop
  endfacet
  facet normal 0.997859 0.0654055 0
    outer loop
      vertex 56 7.8 0
      vertex 56.0154 7.56505 2.4
      vertex 56.0154 7.56505 0
    endloop
  endfacet
  facet normal -0.0654194 0.997858 0
    outer loop
      vertex 62.4349 6.0154 0
      vertex 62.2 6 2.4
      vertex 62.4349 6.0154 2.4
    endloop
  endfacet
  facet normal -0.0654194 0.997858 0
    outer loop
      vertex 62.2 6 2.4
      vertex 62.4349 6.0154 0
      vertex 62.2 6 0
    endloop
  endfacet
  facet normal 0.442212 -0.89691 0
    outer loop
      vertex 56.9 9.75885 0
      vertex 57.1112 9.86298 2.4
      vertex 56.9 9.75885 2.4
    endloop
  endfacet
  facet normal 0.442212 -0.89691 0
    outer loop
      vertex 57.1112 9.86298 2.4
      vertex 56.9 9.75885 0
      vertex 57.1112 9.86298 0
    endloop
  endfacet
  facet normal 0.321537 -0.946897 0
    outer loop
      vertex 57.1112 9.86298 0
      vertex 57.3341 9.93867 2.4
      vertex 57.1112 9.86298 2.4
    endloop
  endfacet
  facet normal 0.321537 -0.946897 0
    outer loop
      vertex 57.3341 9.93867 2.4
      vertex 57.1112 9.86298 0
      vertex 57.3341 9.93867 0
    endloop
  endfacet
  facet normal 0.659428 -0.751768 0
    outer loop
      vertex 2.02868 54.7713 0
      vertex 2.32372 55.0301 2.4
      vertex 2.02868 54.7713 2.4
    endloop
  endfacet
  facet normal 0.659428 -0.751768 0
    outer loop
      vertex 2.32372 55.0301 2.4
      vertex 2.02868 54.7713 0
      vertex 2.32372 55.0301 0
    endloop
  endfacet
  facet normal 0.751799 -0.659392 0
    outer loop
      vertex 1.76994 54.4763 2.4
      vertex 2.02868 54.7713 0
      vertex 2.02868 54.7713 2.4
    endloop
  endfacet
  facet normal 0.751799 -0.659392 0
    outer loop
      vertex 2.02868 54.7713 0
      vertex 1.76994 54.4763 2.4
      vertex 1.76994 54.4763 0
    endloop
  endfacet
  facet normal 0.44216 -0.896936 0
    outer loop
      vertex 2.65 55.2481 2.4
      vertex 2.65 55.2481 0
      vertex 3.00195 55.4216 2.4
    endloop
  endfacet
  facet normal 0.44216 -0.896936 0
    outer loop
      vertex 3.00195 55.4216 -5
      vertex 2.65 55.2481 0
      vertex 2.65 55.2481 -5
    endloop
  endfacet
  facet normal 0.44216 -0.896936 0
    outer loop
      vertex 2.65 55.2481 0
      vertex 3.00195 55.4216 -5
      vertex 3.00195 55.4216 2.4
    endloop
  endfacet
  facet normal -0.980815 -0.19494 0
    outer loop
      vertex 71.1243 53.0416 0
      vertex 71.0478 53.4265 2.4
      vertex 71.0478 53.4265 0
    endloop
  endfacet
  facet normal -0.980815 -0.19494 0
    outer loop
      vertex 71.0478 53.4265 2.4
      vertex 71.1243 53.0416 0
      vertex 71.1243 53.0416 2.4
    endloop
  endfacet
  facet normal 0.980786 -0.195087 0
    outer loop
      vertex 1.17566 53.0416 2.4
      vertex 1.25222 53.4265 0
      vertex 1.25222 53.4265 2.4
    endloop
  endfacet
  facet normal 0.980786 -0.195087 0
    outer loop
      vertex 1.25222 53.4265 0
      vertex 1.17566 53.0416 2.4
      vertex 1.17566 53.0416 0
    endloop
  endfacet
  facet normal 0 -1 0
    outer loop
      vertex 4.15 55.65 2.4
      vertex 5.65 55.65 0
      vertex 68.15 55.65 2.4
    endloop
  endfacet
  facet normal 0 -1 0
    outer loop
      vertex 4.15 55.65 -5
      vertex 5.65 55.65 0
      vertex 4.15 55.65 2.4
    endloop
  endfacet
  facet normal 0 -1 -0
    outer loop
      vertex 5.65 55.65 0
      vertex 4.15 55.65 -5
      vertex 5.65 55.65 -5
    endloop
  endfacet
  facet normal 0 -1 -0
    outer loop
      vertex 68.15 55.65 2.4
      vertex 5.65 55.65 0
      vertex 68.15 55.65 0
    endloop
  endfacet
  facet normal -0.44211 0.896961 0
    outer loop
      vertex 69.65 26.5519 0
      vertex 69.298 26.3784 2.4
      vertex 69.65 26.5519 2.4
    endloop
  endfacet
  facet normal -0.44211 0.896961 0
    outer loop
      vertex 69.298 26.3784 2.4
      vertex 69.65 26.5519 0
      vertex 69.298 26.3784 0
    endloop
  endfacet
  facet normal 0 1 0
    outer loop
      vertex 5.65 26.15 0
      vertex 68.15 26.15 2.4
      vertex 68.15 26.15 0
    endloop
  endfacet
  facet normal 0 1 0
    outer loop
      vertex 68.15 26.15 2.4
      vertex 5.65 26.15 0
      vertex 4.15 26.15 2.4
    endloop
  endfacet
  facet normal 0 1 0
    outer loop
      vertex 4.15 26.15 -5
      vertex 5.65 26.15 0
      vertex 5.65 26.15 -5
    endloop
  endfacet
  facet normal 0 1 0
    outer loop
      vertex 5.65 26.15 0
      vertex 4.15 26.15 -5
      vertex 4.15 26.15 2.4
    endloop
  endfacet
  facet normal 0.555547 -0.831485 0
    outer loop
      vertex 2.32372 55.0301 0
      vertex 2.65 55.2481 2.4
      vertex 2.32372 55.0301 2.4
    endloop
  endfacet
  facet normal 0.555547 -0.831485 0
    outer loop
      vertex 2.65 55.2481 2.4
      vertex 2.32372 55.0301 0
      vertex 2.65 55.2481 0
    endloop
  endfacet
  facet normal -0.321651 0.946858 0
    outer loop
      vertex 69.298 26.3784 0
      vertex 68.9265 26.2522 2.4
      vertex 69.298 26.3784 2.4
    endloop
  endfacet
  facet normal -0.321651 0.946858 0
    outer loop
      vertex 68.9265 26.2522 2.4
      vertex 69.298 26.3784 0
      vertex 68.9265 26.2522 0
    endloop
  endfacet
  facet normal 0.751799 0.659392 0
    outer loop
      vertex 2.02868 27.0287 2.4
      vertex 1.76994 27.3237 0
      vertex 1.76994 27.3237 2.4
    endloop
  endfacet
  facet normal 0.751799 0.659392 0
    outer loop
      vertex 1.76994 27.3237 0
      vertex 2.02868 27.0287 2.4
      vertex 2.02868 27.0287 0
    endloop
  endfacet
  facet normal -0.19494 -0.980815 0
    outer loop
      vertex 68.5416 55.6243 0
      vertex 68.9265 55.5478 2.4
      vertex 68.5416 55.6243 2.4
    endloop
  endfacet
  facet normal -0.19494 -0.980815 -0
    outer loop
      vertex 68.9265 55.5478 2.4
      vertex 68.5416 55.6243 0
      vertex 68.9265 55.5478 0
    endloop
  endfacet
  facet normal -0.321651 -0.946858 0
    outer loop
      vertex 68.9265 55.5478 0
      vertex 69.298 55.4216 2.4
      vertex 68.9265 55.5478 2.4
    endloop
  endfacet
  facet normal -0.321651 -0.946858 -0
    outer loop
      vertex 69.298 55.4216 2.4
      vertex 68.9265 55.5478 0
      vertex 69.298 55.4216 0
    endloop
  endfacet
  facet normal 0.321582 -0.946882 0
    outer loop
      vertex 3.00195 55.4216 -5
      vertex 3.37354 55.5478 2.4
      vertex 3.00195 55.4216 2.4
    endloop
  endfacet
  facet normal 0.321582 -0.946882 0
    outer loop
      vertex 3.37354 55.5478 2.4
      vertex 3.00195 55.4216 -5
      vertex 3.37354 55.5478 -5
    endloop
  endfacet
  facet normal -0.896911 0.442211 0
    outer loop
      vertex 70.7481 27.65 0
      vertex 70.9216 28.0019 2.4
      vertex 70.9216 28.0019 0
    endloop
  endfacet
  facet normal -0.896911 0.442211 0
    outer loop
      vertex 70.9216 28.0019 2.4
      vertex 70.7481 27.65 0
      vertex 70.7481 27.65 2.4
    endloop
  endfacet
  facet normal 0.19495 0.980813 -0
    outer loop
      vertex 3.75842 26.1757 -5
      vertex 3.37354 26.2522 2.4
      vertex 3.75842 26.1757 2.4
    endloop
  endfacet
  facet normal 0.19495 0.980813 0
    outer loop
      vertex 3.37354 26.2522 2.4
      vertex 3.75842 26.1757 -5
      vertex 3.37354 26.2522 -5
    endloop
  endfacet
  facet normal 0.0654906 0.997853 -0
    outer loop
      vertex 4.15 26.15 -5
      vertex 3.75842 26.1757 2.4
      vertex 4.15 26.15 2.4
    endloop
  endfacet
  facet normal 0.0654906 0.997853 0
    outer loop
      vertex 3.75842 26.1757 2.4
      vertex 4.15 26.15 -5
      vertex 3.75842 26.1757 -5
    endloop
  endfacet
  facet normal 0.44216 0.896936 0
    outer loop
      vertex 3.00195 26.3784 2.4
      vertex 2.65 26.5519 0
      vertex 2.65 26.5519 2.4
    endloop
  endfacet
  facet normal 0.44216 0.896936 -0
    outer loop
      vertex 3.00195 26.3784 -5
      vertex 2.65 26.5519 0
      vertex 3.00195 26.3784 2.4
    endloop
  endfacet
  facet normal 0.44216 0.896936 0
    outer loop
      vertex 2.65 26.5519 0
      vertex 3.00195 26.3784 -5
      vertex 2.65 26.5519 -5
    endloop
  endfacet
  facet normal 0.555547 0.831485 -0
    outer loop
      vertex 2.65 26.5519 0
      vertex 2.32372 26.7699 2.4
      vertex 2.65 26.5519 2.4
    endloop
  endfacet
  facet normal 0.555547 0.831485 0
    outer loop
      vertex 2.32372 26.7699 2.4
      vertex 2.65 26.5519 0
      vertex 2.32372 26.7699 0
    endloop
  endfacet
  facet normal -0.0654873 -0.997853 0
    outer loop
      vertex 68.15 55.65 0
      vertex 68.5416 55.6243 2.4
      vertex 68.15 55.65 2.4
    endloop
  endfacet
  facet normal -0.0654873 -0.997853 -0
    outer loop
      vertex 68.5416 55.6243 2.4
      vertex 68.15 55.65 0
      vertex 68.5416 55.6243 0
    endloop
  endfacet
  facet normal 1 -0 0
    outer loop
      vertex 1.15 29.15 2.4
      vertex 1.15 52.65 0
      vertex 1.15 52.65 2.4
    endloop
  endfacet
  facet normal 1 0 0
    outer loop
      vertex 1.15 52.65 0
      vertex 1.15 29.15 2.4
      vertex 1.15 29.15 0
    endloop
  endfacet
  facet normal -1 0 0
    outer loop
      vertex 71.15 29.15 0
      vertex 71.15 52.65 2.4
      vertex 71.15 52.65 0
    endloop
  endfacet
  facet normal -1 -0 0
    outer loop
      vertex 71.15 52.65 2.4
      vertex 71.15 29.15 0
      vertex 71.15 29.15 2.4
    endloop
  endfacet
  facet normal -0.980815 0.19494 0
    outer loop
      vertex 71.0478 28.3735 0
      vertex 71.1243 28.7584 2.4
      vertex 71.1243 28.7584 0
    endloop
  endfacet
  facet normal -0.980815 0.19494 0
    outer loop
      vertex 71.1243 28.7584 2.4
      vertex 71.0478 28.3735 0
      vertex 71.0478 28.3735 2.4
    endloop
  endfacet
  facet normal -0.896961 -0.44211 0
    outer loop
      vertex 70.9216 53.798 0
      vertex 70.7481 54.15 2.4
      vertex 70.7481 54.15 0
    endloop
  endfacet
  facet normal -0.896961 -0.44211 0
    outer loop
      vertex 70.7481 54.15 2.4
      vertex 70.9216 53.798 0
      vertex 70.9216 53.798 2.4
    endloop
  endfacet
  facet normal 0.99786 0.0653858 0
    outer loop
      vertex 1.17566 28.7584 2.4
      vertex 1.15 29.15 0
      vertex 1.15 29.15 2.4
    endloop
  endfacet
  facet normal 0.99786 0.0653858 0
    outer loop
      vertex 1.15 29.15 0
      vertex 1.17566 28.7584 2.4
      vertex 1.17566 28.7584 0
    endloop
  endfacet
  facet normal -0.997853 0.0654873 0
    outer loop
      vertex 71.1243 28.7584 0
      vertex 71.15 29.15 2.4
      vertex 71.15 29.15 0
    endloop
  endfacet
  facet normal -0.997853 0.0654873 0
    outer loop
      vertex 71.15 29.15 2.4
      vertex 71.1243 28.7584 0
      vertex 71.1243 28.7584 2.4
    endloop
  endfacet
  facet normal -0.946858 -0.321651 0
    outer loop
      vertex 71.0478 53.4265 0
      vertex 70.9216 53.798 2.4
      vertex 70.9216 53.798 0
    endloop
  endfacet
  facet normal -0.946858 -0.321651 0
    outer loop
      vertex 70.9216 53.798 2.4
      vertex 71.0478 53.4265 0
      vertex 71.0478 53.4265 2.4
    endloop
  endfacet
  facet normal -0.0654873 0.997853 0
    outer loop
      vertex 68.5416 26.1757 0
      vertex 68.15 26.15 2.4
      vertex 68.5416 26.1757 2.4
    endloop
  endfacet
  facet normal -0.0654873 0.997853 0
    outer loop
      vertex 68.15 26.15 2.4
      vertex 68.5416 26.1757 0
      vertex 68.15 26.15 0
    endloop
  endfacet
  facet normal 0.946905 -0.321514 0
    outer loop
      vertex 1.25222 53.4265 2.4
      vertex 1.37836 53.798 0
      vertex 1.37836 53.798 2.4
    endloop
  endfacet
  facet normal 0.946905 -0.321514 0
    outer loop
      vertex 1.37836 53.798 0
      vertex 1.25222 53.4265 2.4
      vertex 1.25222 53.4265 0
    endloop
  endfacet
  facet normal -0.659478 -0.751724 0
    outer loop
      vertex 69.9763 55.0301 0
      vertex 70.2713 54.7713 2.4
      vertex 69.9763 55.0301 2.4
    endloop
  endfacet
  facet normal -0.659478 -0.751724 -0
    outer loop
      vertex 70.2713 54.7713 2.4
      vertex 69.9763 55.0301 0
      vertex 70.2713 54.7713 0
    endloop
  endfacet
  facet normal 0.0654906 -0.997853 0
    outer loop
      vertex 3.75842 55.6243 -5
      vertex 4.15 55.65 2.4
      vertex 3.75842 55.6243 2.4
    endloop
  endfacet
  facet normal 0.0654906 -0.997853 0
    outer loop
      vertex 4.15 55.65 2.4
      vertex 3.75842 55.6243 -5
      vertex 4.15 55.65 -5
    endloop
  endfacet
  facet normal -0.19494 0.980815 0
    outer loop
      vertex 68.9265 26.2522 0
      vertex 68.5416 26.1757 2.4
      vertex 68.9265 26.2522 2.4
    endloop
  endfacet
  facet normal -0.19494 0.980815 0
    outer loop
      vertex 68.5416 26.1757 2.4
      vertex 68.9265 26.2522 0
      vertex 68.5416 26.1757 0
    endloop
  endfacet
  facet normal -0.659478 0.751724 0
    outer loop
      vertex 70.2713 27.0287 0
      vertex 69.9763 26.7699 2.4
      vertex 70.2713 27.0287 2.4
    endloop
  endfacet
  facet normal -0.659478 0.751724 0
    outer loop
      vertex 69.9763 26.7699 2.4
      vertex 70.2713 27.0287 0
      vertex 69.9763 26.7699 0
    endloop
  endfacet
  facet normal -0.44211 -0.896961 0
    outer loop
      vertex 69.298 55.4216 0
      vertex 69.65 55.2481 2.4
      vertex 69.298 55.4216 2.4
    endloop
  endfacet
  facet normal -0.44211 -0.896961 -0
    outer loop
      vertex 69.65 55.2481 2.4
      vertex 69.298 55.4216 0
      vertex 69.65 55.2481 0
    endloop
  endfacet
  facet normal 0.8969 -0.442233 0
    outer loop
      vertex 1.37836 53.798 2.4
      vertex 1.55192 54.15 0
      vertex 1.55192 54.15 2.4
    endloop
  endfacet
  facet normal 0.8969 -0.442233 0
    outer loop
      vertex 1.55192 54.15 0
      vertex 1.37836 53.798 2.4
      vertex 1.37836 53.798 0
    endloop
  endfacet
  facet normal 0.946931 0.321437 0
    outer loop
      vertex 1.37836 28.0019 2.4
      vertex 1.25222 28.3735 0
      vertex 1.25222 28.3735 2.4
    endloop
  endfacet
  facet normal 0.946931 0.321437 0
    outer loop
      vertex 1.25222 28.3735 0
      vertex 1.37836 28.0019 2.4
      vertex 1.37836 28.0019 0
    endloop
  endfacet
  facet normal 0.99786 -0.0653858 0
    outer loop
      vertex 1.15 52.65 2.4
      vertex 1.17566 53.0416 0
      vertex 1.17566 53.0416 2.4
    endloop
  endfacet
  facet normal 0.99786 -0.0653858 0
    outer loop
      vertex 1.17566 53.0416 0
      vertex 1.15 52.65 2.4
      vertex 1.15 52.65 0
    endloop
  endfacet
  facet normal -0.997853 -0.0654873 0
    outer loop
      vertex 71.15 52.65 0
      vertex 71.1243 53.0416 2.4
      vertex 71.1243 53.0416 0
    endloop
  endfacet
  facet normal -0.997853 -0.0654873 0
    outer loop
      vertex 71.1243 53.0416 2.4
      vertex 71.15 52.65 0
      vertex 71.15 52.65 2.4
    endloop
  endfacet
  facet normal 0.321582 0.946882 -0
    outer loop
      vertex 3.37354 26.2522 -5
      vertex 3.00195 26.3784 2.4
      vertex 3.37354 26.2522 2.4
    endloop
  endfacet
  facet normal 0.321582 0.946882 0
    outer loop
      vertex 3.00195 26.3784 2.4
      vertex 3.37354 26.2522 -5
      vertex 3.00195 26.3784 -5
    endloop
  endfacet
  facet normal -0.751724 0.659478 0
    outer loop
      vertex 70.2713 27.0287 0
      vertex 70.5301 27.3237 2.4
      vertex 70.5301 27.3237 0
    endloop
  endfacet
  facet normal -0.751724 0.659478 0
    outer loop
      vertex 70.5301 27.3237 2.4
      vertex 70.2713 27.0287 0
      vertex 70.2713 27.0287 2.4
    endloop
  endfacet
  facet normal 0.831477 -0.555558 0
    outer loop
      vertex 1.55192 54.15 2.4
      vertex 1.76994 54.4763 0
      vertex 1.76994 54.4763 2.4
    endloop
  endfacet
  facet normal 0.831477 -0.555558 0
    outer loop
      vertex 1.76994 54.4763 0
      vertex 1.55192 54.15 2.4
      vertex 1.55192 54.15 0
    endloop
  endfacet
  facet normal -0.555523 -0.831501 0
    outer loop
      vertex 69.65 55.2481 0
      vertex 69.9763 55.0301 2.4
      vertex 69.65 55.2481 2.4
    endloop
  endfacet
  facet normal -0.555523 -0.831501 -0
    outer loop
      vertex 69.9763 55.0301 2.4
      vertex 69.65 55.2481 0
      vertex 69.9763 55.0301 0
    endloop
  endfacet
  facet normal 0.19495 -0.980813 0
    outer loop
      vertex 3.37354 55.5478 -5
      vertex 3.75842 55.6243 2.4
      vertex 3.37354 55.5478 2.4
    endloop
  endfacet
  facet normal 0.19495 -0.980813 0
    outer loop
      vertex 3.75842 55.6243 2.4
      vertex 3.37354 55.5478 -5
      vertex 3.75842 55.6243 -5
    endloop
  endfacet
  facet normal -0.831501 -0.555523 0
    outer loop
      vertex 70.7481 54.15 0
      vertex 70.5301 54.4763 2.4
      vertex 70.5301 54.4763 0
    endloop
  endfacet
  facet normal -0.831501 -0.555523 0
    outer loop
      vertex 70.5301 54.4763 2.4
      vertex 70.7481 54.15 0
      vertex 70.7481 54.15 2.4
    endloop
  endfacet
  facet normal -0.831501 0.555523 0
    outer loop
      vertex 70.5301 27.3237 0
      vertex 70.7481 27.65 2.4
      vertex 70.7481 27.65 0
    endloop
  endfacet
  facet normal -0.831501 0.555523 0
    outer loop
      vertex 70.7481 27.65 2.4
      vertex 70.5301 27.3237 0
      vertex 70.5301 27.3237 2.4
    endloop
  endfacet
  facet normal -0.946885 0.321574 0
    outer loop
      vertex 70.9216 28.0019 0
      vertex 71.0478 28.3735 2.4
      vertex 71.0478 28.3735 0
    endloop
  endfacet
  facet normal -0.946885 0.321574 0
    outer loop
      vertex 71.0478 28.3735 2.4
      vertex 70.9216 28.0019 0
      vertex 70.9216 28.0019 2.4
    endloop
  endfacet
  facet normal 0.980786 0.195087 0
    outer loop
      vertex 1.25222 28.3735 2.4
      vertex 1.17566 28.7584 0
      vertex 1.17566 28.7584 2.4
    endloop
  endfacet
  facet normal 0.980786 0.195087 0
    outer loop
      vertex 1.17566 28.7584 0
      vertex 1.25222 28.3735 2.4
      vertex 1.25222 28.3735 0
    endloop
  endfacet
  facet normal 0.831477 0.555558 0
    outer loop
      vertex 1.76994 27.3237 2.4
      vertex 1.55192 27.65 0
      vertex 1.55192 27.65 2.4
    endloop
  endfacet
  facet normal 0.831477 0.555558 0
    outer loop
      vertex 1.55192 27.65 0
      vertex 1.76994 27.3237 2.4
      vertex 1.76994 27.3237 0
    endloop
  endfacet
  facet normal 0.659428 0.751768 -0
    outer loop
      vertex 2.32372 26.7699 0
      vertex 2.02868 27.0287 2.4
      vertex 2.32372 26.7699 2.4
    endloop
  endfacet
  facet normal 0.659428 0.751768 0
    outer loop
      vertex 2.02868 27.0287 2.4
      vertex 2.32372 26.7699 0
      vertex 2.02868 27.0287 0
    endloop
  endfacet
  facet normal -0.555523 0.831501 0
    outer loop
      vertex 69.9763 26.7699 0
      vertex 69.65 26.5519 2.4
      vertex 69.9763 26.7699 2.4
    endloop
  endfacet
  facet normal -0.555523 0.831501 0
    outer loop
      vertex 69.65 26.5519 2.4
      vertex 69.9763 26.7699 0
      vertex 69.65 26.5519 0
    endloop
  endfacet
  facet normal -0.751724 -0.659478 0
    outer loop
      vertex 70.5301 54.4763 0
      vertex 70.2713 54.7713 2.4
      vertex 70.2713 54.7713 0
    endloop
  endfacet
  facet normal -0.751724 -0.659478 0
    outer loop
      vertex 70.2713 54.7713 2.4
      vertex 70.5301 54.4763 0
      vertex 70.5301 54.4763 2.4
    endloop
  endfacet
  facet normal 0.89685 0.442334 0
    outer loop
      vertex 1.55192 27.65 2.4
      vertex 1.37836 28.0019 0
      vertex 1.37836 28.0019 2.4
    endloop
  endfacet
  facet normal 0.89685 0.442334 0
    outer loop
      vertex 1.37836 28.0019 0
      vertex 1.55192 27.65 2.4
      vertex 1.55192 27.65 0
    endloop
  endfacet
  facet normal 0 0 1
    outer loop
      vertex 71.8647 19.3943 1.6
      vertex 71.7341 18.2702 1.6
      vertex 71.8647 18.2134 1.6
    endloop
  endfacet
  facet normal 0 0 1
    outer loop
      vertex 71.4756 18.3713 1.6
      vertex 71.8647 19.3943 1.6
      vertex 71.7173 19.4324 1.6
    endloop
  endfacet
  facet normal 0 0 1
    outer loop
      vertex 71.8647 19.3943 1.6
      vertex 71.6044 18.3228 1.6
      vertex 71.7341 18.2702 1.6
    endloop
  endfacet
  facet normal 0 0 1
    outer loop
      vertex 71.3477 18.4156 1.6
      vertex 71.7173 19.4324 1.6
      vertex 71.5712 19.4677 1.6
    endloop
  endfacet
  facet normal 0 0 1
    outer loop
      vertex 71.8647 19.3943 1.6
      vertex 71.4756 18.3713 1.6
      vertex 71.6044 18.3228 1.6
    endloop
  endfacet
  facet normal 0 0 1
    outer loop
      vertex 71.2208 18.4559 1.6
      vertex 71.5712 19.4677 1.6
      vertex 71.4265 19.5001 1.6
    endloop
  endfacet
  facet normal 0 0 1
    outer loop
      vertex 71.7173 19.4324 1.6
      vertex 71.3477 18.4156 1.6
      vertex 71.4756 18.3713 1.6
    endloop
  endfacet
  facet normal 0 0 1
    outer loop
      vertex 71.0947 18.492 1.6
      vertex 71.4265 19.5001 1.6
      vertex 71.2832 19.5297 1.6
    endloop
  endfacet
  facet normal 0 0 1
    outer loop
      vertex 71.5712 19.4677 1.6
      vertex 71.2208 18.4559 1.6
      vertex 71.3477 18.4156 1.6
    endloop
  endfacet
  facet normal 0 0 1
    outer loop
      vertex 70.9696 18.524 1.6
      vertex 71.2832 19.5297 1.6
      vertex 71.1412 19.5565 1.6
    endloop
  endfacet
  facet normal 0 0 1
    outer loop
      vertex 71.4265 19.5001 1.6
      vertex 71.0947 18.492 1.6
      vertex 71.2208 18.4559 1.6
    endloop
  endfacet
  facet normal 0 0 1
    outer loop
      vertex 70.8459 18.5518 1.6
      vertex 71.1412 19.5565 1.6
      vertex 71.0006 19.5805 1.6
    endloop
  endfacet
  facet normal 0 0 1
    outer loop
      vertex 71.2832 19.5297 1.6
      vertex 70.9696 18.524 1.6
      vertex 71.0947 18.492 1.6
    endloop
  endfacet
  facet normal 0 0 1
    outer loop
      vertex 70.7242 18.5753 1.6
      vertex 71.0006 19.5805 1.6
      vertex 70.8614 19.6016 1.6
    endloop
  endfacet
  facet normal 0 0 1
    outer loop
      vertex 71.1412 19.5565 1.6
      vertex 70.8459 18.5518 1.6
      vertex 70.9696 18.524 1.6
    endloop
  endfacet
  facet normal 0 0 1
    outer loop
      vertex 71.0006 19.5805 1.6
      vertex 70.7242 18.5753 1.6
      vertex 70.8459 18.5518 1.6
    endloop
  endfacet
  facet normal 0 0 1
    outer loop
      vertex 70.6045 18.5946 1.6
      vertex 70.8614 19.6016 1.6
      vertex 70.7234 19.62 1.6
    endloop
  endfacet
  facet normal 0 0 1
    outer loop
      vertex 70.8614 19.6016 1.6
      vertex 70.6045 18.5946 1.6
      vertex 70.7242 18.5753 1.6
    endloop
  endfacet
  facet normal 0 0 1
    outer loop
      vertex 70.4867 18.6095 1.6
      vertex 70.7234 19.62 1.6
      vertex 70.5865 19.6355 1.6
    endloop
  endfacet
  facet normal 0 0 1
    outer loop
      vertex 70.7234 19.62 1.6
      vertex 70.4867 18.6095 1.6
      vertex 70.6045 18.5946 1.6
    endloop
  endfacet
  facet normal 0 0 1
    outer loop
      vertex 70.3709 18.6202 1.6
      vertex 70.5865 19.6355 1.6
      vertex 70.4506 19.6482 1.6
    endloop
  endfacet
  facet normal 0 0 1
    outer loop
      vertex 70.5865 19.6355 1.6
      vertex 70.3709 18.6202 1.6
      vertex 70.4867 18.6095 1.6
    endloop
  endfacet
  facet normal 0 0 1
    outer loop
      vertex 70.3158 19.658 1.6
      vertex 70.3709 18.6202 1.6
      vertex 70.4506 19.6482 1.6
    endloop
  endfacet
  facet normal 0 0 1
    outer loop
      vertex 70.3158 19.658 1.6
      vertex 70.2571 18.6266 1.6
      vertex 70.3709 18.6202 1.6
    endloop
  endfacet
  facet normal 0 0 1
    outer loop
      vertex 70.1821 19.6651 1.6
      vertex 70.2571 18.6266 1.6
      vertex 70.3158 19.658 1.6
    endloop
  endfacet
  facet normal 0 0 1
    outer loop
      vertex 70.1821 19.6651 1.6
      vertex 70.1453 18.6288 1.6
      vertex 70.2571 18.6266 1.6
    endloop
  endfacet
  facet normal 0 0 1
    outer loop
      vertex 70.0494 19.6693 1.6
      vertex 70.1453 18.6288 1.6
      vertex 70.1821 19.6651 1.6
    endloop
  endfacet
  facet normal 0 0 1
    outer loop
      vertex 70.0494 19.6693 1.6
      vertex 70.0037 18.6259 1.6
      vertex 70.1453 18.6288 1.6
    endloop
  endfacet
  facet normal 0 0 1
    outer loop
      vertex 69.9178 19.6707 1.6
      vertex 70.0037 18.6259 1.6
      vertex 70.0494 19.6693 1.6
    endloop
  endfacet
  facet normal 0 0 1
    outer loop
      vertex 69.9178 19.6707 1.6
      vertex 69.8731 18.6172 1.6
      vertex 70.0037 18.6259 1.6
    endloop
  endfacet
  facet normal -0 0 1
    outer loop
      vertex 69.6397 19.6616 1.6
      vertex 69.8731 18.6172 1.6
      vertex 69.9178 19.6707 1.6
    endloop
  endfacet
  facet normal 0 0 1
    outer loop
      vertex 69.8731 18.6172 1.6
      vertex 69.6397 19.6616 1.6
      vertex 69.7535 18.6027 1.6
    endloop
  endfacet
  facet normal 0 0 1
    outer loop
      vertex 69.7535 18.6027 1.6
      vertex 69.6397 19.6616 1.6
      vertex 69.6448 18.5825 1.6
    endloop
  endfacet
  facet normal -0 0 1
    outer loop
      vertex 69.3807 19.6342 1.6
      vertex 69.6448 18.5825 1.6
      vertex 69.6397 19.6616 1.6
    endloop
  endfacet
  facet normal 0 0 1
    outer loop
      vertex 69.6448 18.5825 1.6
      vertex 69.3807 19.6342 1.6
      vertex 69.547 18.5564 1.6
    endloop
  endfacet
  facet normal -0 0 1
    outer loop
      vertex 69.141 19.5885 1.6
      vertex 69.547 18.5564 1.6
      vertex 69.3807 19.6342 1.6
    endloop
  endfacet
  facet normal 0 0 1
    outer loop
      vertex 69.547 18.5564 1.6
      vertex 69.141 19.5885 1.6
      vertex 69.4602 18.5245 1.6
    endloop
  endfacet
  facet normal -0 0 1
    outer loop
      vertex 68.9204 19.5245 1.6
      vertex 69.4602 18.5245 1.6
      vertex 69.141 19.5885 1.6
    endloop
  endfacet
  facet normal 0 0 1
    outer loop
      vertex 69.4602 18.5245 1.6
      vertex 68.9204 19.5245 1.6
      vertex 69.3844 18.4869 1.6
    endloop
  endfacet
  facet normal -0 0 1
    outer loop
      vertex 68.719 19.4422 1.6
      vertex 69.3844 18.4869 1.6
      vertex 68.9204 19.5245 1.6
    endloop
  endfacet
  facet normal 0 0 1
    outer loop
      vertex 69.3844 18.4869 1.6
      vertex 68.719 19.4422 1.6
      vertex 69.3191 18.4432 1.6
    endloop
  endfacet
  facet normal -0 0 1
    outer loop
      vertex 68.5367 19.3417 1.6
      vertex 69.3191 18.4432 1.6
      vertex 68.719 19.4422 1.6
    endloop
  endfacet
  facet normal 0 0 1
    outer loop
      vertex 69.3191 18.4432 1.6
      vertex 68.5367 19.3417 1.6
      vertex 69.2639 18.393 1.6
    endloop
  endfacet
  facet normal -0 0 1
    outer loop
      vertex 68.3737 19.2229 1.6
      vertex 69.2639 18.393 1.6
      vertex 68.5367 19.3417 1.6
    endloop
  endfacet
  facet normal 0 0 1
    outer loop
      vertex 69.2639 18.393 1.6
      vertex 68.3737 19.2229 1.6
      vertex 69.2187 18.3365 1.6
    endloop
  endfacet
  facet normal -0 0 1
    outer loop
      vertex 68.2312 19.0871 1.6
      vertex 69.2187 18.3365 1.6
      vertex 68.3737 19.2229 1.6
    endloop
  endfacet
  facet normal -0 0 1
    outer loop
      vertex 68.1106 18.9356 1.6
      vertex 69.2187 18.3365 1.6
      vertex 68.2312 19.0871 1.6
    endloop
  endfacet
  facet normal 0 0 1
    outer loop
      vertex 69.1383 18.0464 1.6
      vertex 68.8106 16.5084 1.6
      vertex 69.0035 16.4355 1.6
    endloop
  endfacet
  facet normal 0 0 1
    outer loop
      vertex 69.2187 18.3365 1.6
      vertex 68.1106 18.9356 1.6
      vertex 69.1835 18.2736 1.6
    endloop
  endfacet
  facet normal 0 0 1
    outer loop
      vertex 67.8366 17.9428 1.6
      vertex 69.1383 18.0464 1.6
      vertex 67.8476 18.1728 1.6
    endloop
  endfacet
  facet normal -0 0 1
    outer loop
      vertex 68.012 18.7684 1.6
      vertex 69.1835 18.2736 1.6
      vertex 68.1106 18.9356 1.6
    endloop
  endfacet
  facet normal 0 -0 1
    outer loop
      vertex 67.8445 17.7586 1.6
      vertex 69.1383 18.0464 1.6
      vertex 67.8366 17.9428 1.6
    endloop
  endfacet
  facet normal 0 0 1
    outer loop
      vertex 69.1835 18.2736 1.6
      vertex 68.012 18.7684 1.6
      vertex 69.1584 18.2043 1.6
    endloop
  endfacet
  facet normal 0 0 1
    outer loop
      vertex 69.1383 18.0464 1.6
      vertex 68.6361 16.5899 1.6
      vertex 68.8106 16.5084 1.6
    endloop
  endfacet
  facet normal -0 0 1
    outer loop
      vertex 67.9353 18.5856 1.6
      vertex 69.1584 18.2043 1.6
      vertex 68.012 18.7684 1.6
    endloop
  endfacet
  facet normal 0 -0 1
    outer loop
      vertex 67.8681 17.5855 1.6
      vertex 69.1383 18.0464 1.6
      vertex 67.8445 17.7586 1.6
    endloop
  endfacet
  facet normal 0 0 1
    outer loop
      vertex 69.1383 18.0464 1.6
      vertex 68.48 16.6802 1.6
      vertex 68.6361 16.5899 1.6
    endloop
  endfacet
  facet normal -0 0 1
    outer loop
      vertex 67.8805 18.387 1.6
      vertex 69.1584 18.2043 1.6
      vertex 67.9353 18.5856 1.6
    endloop
  endfacet
  facet normal 0 -0 1
    outer loop
      vertex 67.9075 17.4235 1.6
      vertex 69.1383 18.0464 1.6
      vertex 67.8681 17.5855 1.6
    endloop
  endfacet
  facet normal 0 0 1
    outer loop
      vertex 69.1584 18.2043 1.6
      vertex 67.8805 18.387 1.6
      vertex 69.1433 18.1285 1.6
    endloop
  endfacet
  facet normal 0 0 1
    outer loop
      vertex 69.1383 18.0464 1.6
      vertex 68.3421 16.7791 1.6
      vertex 68.48 16.6802 1.6
    endloop
  endfacet
  facet normal -0 0 1
    outer loop
      vertex 67.8476 18.1728 1.6
      vertex 69.1433 18.1285 1.6
      vertex 67.8805 18.387 1.6
    endloop
  endfacet
  facet normal 0 0 1
    outer loop
      vertex 69.1383 18.0464 1.6
      vertex 68.2227 16.8867 1.6
      vertex 68.3421 16.7791 1.6
    endloop
  endfacet
  facet normal 0 0 1
    outer loop
      vertex 69.1433 18.1285 1.6
      vertex 67.8476 18.1728 1.6
      vertex 69.1383 18.0464 1.6
    endloop
  endfacet
  facet normal 0 0 1
    outer loop
      vertex 69.1383 18.0464 1.6
      vertex 68.1202 17.0042 1.6
      vertex 68.2227 16.8867 1.6
    endloop
  endfacet
  facet normal 0 0 1
    outer loop
      vertex 69.1383 18.0464 1.6
      vertex 68.0336 17.1329 1.6
      vertex 68.1202 17.0042 1.6
    endloop
  endfacet
  facet normal 0 0 1
    outer loop
      vertex 69.1383 18.0464 1.6
      vertex 67.9075 17.4235 1.6
      vertex 67.9627 17.2726 1.6
    endloop
  endfacet
  facet normal 0 0 1
    outer loop
      vertex 69.1383 18.0464 1.6
      vertex 67.9627 17.2726 1.6
      vertex 68.0336 17.1329 1.6
    endloop
  endfacet
  facet normal 0 0 1
    outer loop
      vertex 70.8326 15.6761 1.6
      vertex 72.2302 15.711 1.6
      vertex 72.2223 15.9048 1.6
    endloop
  endfacet
  facet normal 0 0 1
    outer loop
      vertex 70.8326 15.6761 1.6
      vertex 72.2223 15.9048 1.6
      vertex 72.1983 16.0856 1.6
    endloop
  endfacet
  facet normal 0 0 1
    outer loop
      vertex 72.2302 15.711 1.6
      vertex 70.843 15.6088 1.6
      vertex 72.2191 15.4575 1.6
    endloop
  endfacet
  facet normal 0 0 1
    outer loop
      vertex 70.8153 15.7384 1.6
      vertex 72.1983 16.0856 1.6
      vertex 72.1583 16.2532 1.6
    endloop
  endfacet
  facet normal -0 -0 1
    outer loop
      vertex 70.8465 15.5367 1.6
      vertex 72.2191 15.4575 1.6
      vertex 70.843 15.6088 1.6
    endloop
  endfacet
  facet normal 0 0 1
    outer loop
      vertex 70.7911 15.7959 1.6
      vertex 72.1583 16.2532 1.6
      vertex 72.1023 16.4077 1.6
    endloop
  endfacet
  facet normal 0 0 1
    outer loop
      vertex 70.8414 15.4563 1.6
      vertex 72.2191 15.4575 1.6
      vertex 70.8465 15.5367 1.6
    endloop
  endfacet
  facet normal 0 0 1
    outer loop
      vertex 70.7911 15.7959 1.6
      vertex 72.1023 16.4077 1.6
      vertex 72.0304 16.5491 1.6
    endloop
  endfacet
  facet normal 0 0 1
    outer loop
      vertex 72.2191 15.4575 1.6
      vertex 70.8414 15.4563 1.6
      vertex 72.1856 15.2231 1.6
    endloop
  endfacet
  facet normal 0 0 1
    outer loop
      vertex 70.7599 15.8486 1.6
      vertex 72.0304 16.5491 1.6
      vertex 71.9425 16.6775 1.6
    endloop
  endfacet
  facet normal 0 0 1
    outer loop
      vertex 70.7599 15.8486 1.6
      vertex 71.9425 16.6775 1.6
      vertex 71.8386 16.7927 1.6
    endloop
  endfacet
  facet normal 0 0 1
    outer loop
      vertex 72.1856 15.2231 1.6
      vertex 70.8414 15.4563 1.6
      vertex 72.1299 15.0081 1.6
    endloop
  endfacet
  facet normal 0 0 1
    outer loop
      vertex 70.7599 15.8486 1.6
      vertex 71.8386 16.7927 1.6
      vertex 71.7157 16.8975 1.6
    endloop
  endfacet
  facet normal -0 0 1
    outer loop
      vertex 70.8261 15.3815 1.6
      vertex 72.1299 15.0081 1.6
      vertex 70.8414 15.4563 1.6
    endloop
  endfacet
  facet normal 0 0 1
    outer loop
      vertex 70.7218 15.8963 1.6
      vertex 71.7157 16.8975 1.6
      vertex 71.571 16.9943 1.6
    endloop
  endfacet
  facet normal 0 0 1
    outer loop
      vertex 72.1299 15.0081 1.6
      vertex 70.8261 15.3815 1.6
      vertex 72.0518 14.8122 1.6
    endloop
  endfacet
  facet normal 0 0 1
    outer loop
      vertex 70.6768 15.9392 1.6
      vertex 71.571 16.9943 1.6
      vertex 71.4043 17.0832 1.6
    endloop
  endfacet
  facet normal -0 0 1
    outer loop
      vertex 70.8006 15.3121 1.6
      vertex 72.0518 14.8122 1.6
      vertex 70.8261 15.3815 1.6
    endloop
  endfacet
  facet normal 0 0 1
    outer loop
      vertex 70.6768 15.9392 1.6
      vertex 71.4043 17.0832 1.6
      vertex 71.2157 17.1642 1.6
    endloop
  endfacet
  facet normal 0 0 1
    outer loop
      vertex 71.9515 14.6357 1.6
      vertex 70.8006 15.3121 1.6
      vertex 71.8288 14.4784 1.6
    endloop
  endfacet
  facet normal 0 0 1
    outer loop
      vertex 70.5523 16.0178 1.6
      vertex 71.2157 17.1642 1.6
      vertex 71.0051 17.2373 1.6
    endloop
  endfacet
  facet normal -0 0 1
    outer loop
      vertex 70.7649 15.2482 1.6
      vertex 71.8288 14.4784 1.6
      vertex 70.8006 15.3121 1.6
    endloop
  endfacet
  facet normal 0 0 1
    outer loop
      vertex 71.8288 14.4784 1.6
      vertex 70.7649 15.2482 1.6
      vertex 71.6838 14.3403 1.6
    endloop
  endfacet
  facet normal 0 0 1
    outer loop
      vertex 72.0518 14.8122 1.6
      vertex 70.8006 15.3121 1.6
      vertex 71.9515 14.6357 1.6
    endloop
  endfacet
  facet normal 0 0 1
    outer loop
      vertex 72.2302 15.711 1.6
      vertex 70.8326 15.6761 1.6
      vertex 70.843 15.6088 1.6
    endloop
  endfacet
  facet normal 0 0 1
    outer loop
      vertex 72.1983 16.0856 1.6
      vertex 70.8153 15.7384 1.6
      vertex 70.8326 15.6761 1.6
    endloop
  endfacet
  facet normal 0 0 1
    outer loop
      vertex 72.1583 16.2532 1.6
      vertex 70.7911 15.7959 1.6
      vertex 70.8153 15.7384 1.6
    endloop
  endfacet
  facet normal 0 0 1
    outer loop
      vertex 70.4693 16.0552 1.6
      vertex 71.0051 17.2373 1.6
      vertex 70.7727 17.3024 1.6
    endloop
  endfacet
  facet normal 0 0 1
    outer loop
      vertex 72.0304 16.5491 1.6
      vertex 70.7599 15.8486 1.6
      vertex 70.7911 15.7959 1.6
    endloop
  endfacet
  facet normal 0 0 1
    outer loop
      vertex 71.7157 16.8975 1.6
      vertex 70.7218 15.8963 1.6
      vertex 70.7599 15.8486 1.6
    endloop
  endfacet
  facet normal 0 0 1
    outer loop
      vertex 71.571 16.9943 1.6
      vertex 70.6768 15.9392 1.6
      vertex 70.7218 15.8963 1.6
    endloop
  endfacet
  facet normal 0 0 1
    outer loop
      vertex 71.2157 17.1642 1.6
      vertex 70.6214 15.9791 1.6
      vertex 70.6768 15.9392 1.6
    endloop
  endfacet
  facet normal 0 0 1
    outer loop
      vertex 71.2157 17.1642 1.6
      vertex 70.5523 16.0178 1.6
      vertex 70.6214 15.9791 1.6
    endloop
  endfacet
  facet normal 0 0 1
    outer loop
      vertex 70.3726 16.0914 1.6
      vertex 70.7727 17.3024 1.6
      vertex 70.5183 17.3597 1.6
    endloop
  endfacet
  facet normal 0 0 1
    outer loop
      vertex 71.0051 17.2373 1.6
      vertex 70.4693 16.0552 1.6
      vertex 70.5523 16.0178 1.6
    endloop
  endfacet
  facet normal 0 0 1
    outer loop
      vertex 70.7727 17.3024 1.6
      vertex 70.3726 16.0914 1.6
      vertex 70.4693 16.0552 1.6
    endloop
  endfacet
  facet normal 0 0 1
    outer loop
      vertex 70.5183 17.3597 1.6
      vertex 70.2622 16.1264 1.6
      vertex 70.3726 16.0914 1.6
    endloop
  endfacet
  facet normal 0 0 1
    outer loop
      vertex 70.5183 17.3597 1.6
      vertex 70.1379 16.1602 1.6
      vertex 70.2622 16.1264 1.6
    endloop
  endfacet
  facet normal 0 0 1
    outer loop
      vertex 70.5183 17.3597 1.6
      vertex 69.9999 16.1927 1.6
      vertex 70.1379 16.1602 1.6
    endloop
  endfacet
  facet normal 0 0 1
    outer loop
      vertex 69.9066 17.4827 1.6
      vertex 69.9999 16.1927 1.6
      vertex 70.5183 17.3597 1.6
    endloop
  endfacet
  facet normal 0 0 1
    outer loop
      vertex 69.4442 16.3158 1.6
      vertex 69.9066 17.4827 1.6
      vertex 69.7874 17.509 1.6
    endloop
  endfacet
  facet normal 0 0 1
    outer loop
      vertex 69.4442 16.3158 1.6
      vertex 69.7874 17.509 1.6
      vertex 69.6793 17.5368 1.6
    endloop
  endfacet
  facet normal 0 0 1
    outer loop
      vertex 69.2146 16.3713 1.6
      vertex 69.6793 17.5368 1.6
      vertex 69.5822 17.566 1.6
    endloop
  endfacet
  facet normal 0 0 1
    outer loop
      vertex 69.2146 16.3713 1.6
      vertex 69.5822 17.566 1.6
      vertex 69.4962 17.5967 1.6
    endloop
  endfacet
  facet normal 0 0 1
    outer loop
      vertex 69.9066 17.4827 1.6
      vertex 69.4442 16.3158 1.6
      vertex 69.9999 16.1927 1.6
    endloop
  endfacet
  facet normal 0 0 1
    outer loop
      vertex 69.0035 16.4355 1.6
      vertex 69.4962 17.5967 1.6
      vertex 69.4212 17.6288 1.6
    endloop
  endfacet
  facet normal 0 0 1
    outer loop
      vertex 69.0035 16.4355 1.6
      vertex 69.4212 17.6288 1.6
      vertex 69.3572 17.6624 1.6
    endloop
  endfacet
  facet normal 0 0 1
    outer loop
      vertex 69.0035 16.4355 1.6
      vertex 69.3572 17.6624 1.6
      vertex 69.3042 17.6974 1.6
    endloop
  endfacet
  facet normal 0 0 1
    outer loop
      vertex 69.0035 16.4355 1.6
      vertex 69.3042 17.6974 1.6
      vertex 69.2602 17.7351 1.6
    endloop
  endfacet
  facet normal 0 0 1
    outer loop
      vertex 69.0035 16.4355 1.6
      vertex 69.2602 17.7351 1.6
      vertex 69.223 17.7769 1.6
    endloop
  endfacet
  facet normal 0 0 1
    outer loop
      vertex 69.6793 17.5368 1.6
      vertex 69.2146 16.3713 1.6
      vertex 69.4442 16.3158 1.6
    endloop
  endfacet
  facet normal 0 0 1
    outer loop
      vertex 69.0035 16.4355 1.6
      vertex 69.223 17.7769 1.6
      vertex 69.1925 17.8227 1.6
    endloop
  endfacet
  facet normal 0 0 1
    outer loop
      vertex 69.0035 16.4355 1.6
      vertex 69.1925 17.8227 1.6
      vertex 69.1688 17.8726 1.6
    endloop
  endfacet
  facet normal 0 0 1
    outer loop
      vertex 69.0035 16.4355 1.6
      vertex 69.1688 17.8726 1.6
      vertex 69.1518 17.9265 1.6
    endloop
  endfacet
  facet normal 0 0 1
    outer loop
      vertex 69.0035 16.4355 1.6
      vertex 69.1518 17.9265 1.6
      vertex 69.1417 17.9844 1.6
    endloop
  endfacet
  facet normal 0 0 1
    outer loop
      vertex 69.0035 16.4355 1.6
      vertex 69.1417 17.9844 1.6
      vertex 69.1383 18.0464 1.6
    endloop
  endfacet
  facet normal 0 0 1
    outer loop
      vertex 69.4962 17.5967 1.6
      vertex 69.0035 16.4355 1.6
      vertex 69.2146 16.3713 1.6
    endloop
  endfacet
  facet normal -0 0 1
    outer loop
      vertex 70.719 15.1898 1.6
      vertex 71.6838 14.3403 1.6
      vertex 70.7649 15.2482 1.6
    endloop
  endfacet
  facet normal 0 0 1
    outer loop
      vertex 71.6838 14.3403 1.6
      vertex 70.719 15.1898 1.6
      vertex 71.516 14.2211 1.6
    endloop
  endfacet
  facet normal 0 0 1
    outer loop
      vertex 71.516 14.2211 1.6
      vertex 70.719 15.1898 1.6
      vertex 71.3246 14.1202 1.6
    endloop
  endfacet
  facet normal -0 0 1
    outer loop
      vertex 70.6629 15.1368 1.6
      vertex 71.3246 14.1202 1.6
      vertex 70.719 15.1898 1.6
    endloop
  endfacet
  facet normal 0 0 1
    outer loop
      vertex 71.3246 14.1202 1.6
      vertex 70.6629 15.1368 1.6
      vertex 71.1097 14.0376 1.6
    endloop
  endfacet
  facet normal -0 0 1
    outer loop
      vertex 70.5966 15.0893 1.6
      vertex 71.1097 14.0376 1.6
      vertex 70.6629 15.1368 1.6
    endloop
  endfacet
  facet normal 0 0 1
    outer loop
      vertex 71.1097 14.0376 1.6
      vertex 70.5966 15.0893 1.6
      vertex 70.8712 13.9734 1.6
    endloop
  endfacet
  facet normal -0 0 1
    outer loop
      vertex 70.5207 15.0478 1.6
      vertex 70.8712 13.9734 1.6
      vertex 70.5966 15.0893 1.6
    endloop
  endfacet
  facet normal -0 0 1
    outer loop
      vertex 70.4358 15.0126 1.6
      vertex 70.8712 13.9734 1.6
      vertex 70.5207 15.0478 1.6
    endloop
  endfacet
  facet normal 0 0 1
    outer loop
      vertex 70.8712 13.9734 1.6
      vertex 70.4358 15.0126 1.6
      vertex 70.6093 13.9276 1.6
    endloop
  endfacet
  facet normal -0 0 1
    outer loop
      vertex 70.342 14.9839 1.6
      vertex 70.6093 13.9276 1.6
      vertex 70.4358 15.0126 1.6
    endloop
  endfacet
  facet normal 0 0 1
    outer loop
      vertex 70.342 14.9839 1.6
      vertex 70.3238 13.9001 1.6
      vertex 70.6093 13.9276 1.6
    endloop
  endfacet
  facet normal -0 0 1
    outer loop
      vertex 70.2392 14.9615 1.6
      vertex 70.3238 13.9001 1.6
      vertex 70.342 14.9839 1.6
    endloop
  endfacet
  facet normal -0 0 1
    outer loop
      vertex 70.1274 14.9456 1.6
      vertex 70.3238 13.9001 1.6
      vertex 70.2392 14.9615 1.6
    endloop
  endfacet
  facet normal 0 0 1
    outer loop
      vertex 70.1274 14.9456 1.6
      vertex 70.0148 13.8909 1.6
      vertex 70.3238 13.9001 1.6
    endloop
  endfacet
  facet normal -0 0 1
    outer loop
      vertex 70.0066 14.936 1.6
      vertex 70.0148 13.8909 1.6
      vertex 70.1274 14.9456 1.6
    endloop
  endfacet
  facet normal -0 0 1
    outer loop
      vertex 69.8768 14.9328 1.6
      vertex 70.0148 13.8909 1.6
      vertex 70.0066 14.936 1.6
    endloop
  endfacet
  facet normal 0 0 1
    outer loop
      vertex 69.8768 14.9328 1.6
      vertex 69.8634 13.8929 1.6
      vertex 70.0148 13.8909 1.6
    endloop
  endfacet
  facet normal 0 0 1
    outer loop
      vertex 69.7118 13.8991 1.6
      vertex 69.8768 14.9328 1.6
      vertex 69.7439 14.9357 1.6
    endloop
  endfacet
  facet normal 0 0 1
    outer loop
      vertex 69.8768 14.9328 1.6
      vertex 69.7118 13.8991 1.6
      vertex 69.8634 13.8929 1.6
    endloop
  endfacet
  facet normal 0 0 1
    outer loop
      vertex 69.5602 13.9094 1.6
      vertex 69.7439 14.9357 1.6
      vertex 69.6096 14.9445 1.6
    endloop
  endfacet
  facet normal 0 0 1
    outer loop
      vertex 69.7439 14.9357 1.6
      vertex 69.5602 13.9094 1.6
      vertex 69.7118 13.8991 1.6
    endloop
  endfacet
  facet normal 0 0 1
    outer loop
      vertex 69.4083 13.9238 1.6
      vertex 69.6096 14.9445 1.6
      vertex 69.4739 14.9592 1.6
    endloop
  endfacet
  facet normal 0 0 1
    outer loop
      vertex 69.6096 14.9445 1.6
      vertex 69.4083 13.9238 1.6
      vertex 69.5602 13.9094 1.6
    endloop
  endfacet
  facet normal 0 0 1
    outer loop
      vertex 69.2563 13.9423 1.6
      vertex 69.4739 14.9592 1.6
      vertex 69.3367 14.9796 1.6
    endloop
  endfacet
  facet normal 0 0 1
    outer loop
      vertex 69.4739 14.9592 1.6
      vertex 69.2563 13.9423 1.6
      vertex 69.4083 13.9238 1.6
    endloop
  endfacet
  facet normal 0 0 1
    outer loop
      vertex 69.1041 13.965 1.6
      vertex 69.3367 14.9796 1.6
      vertex 69.198 15.006 1.6
    endloop
  endfacet
  facet normal 0 0 1
    outer loop
      vertex 69.3367 14.9796 1.6
      vertex 69.1041 13.965 1.6
      vertex 69.2563 13.9423 1.6
    endloop
  endfacet
  facet normal 0 0 1
    outer loop
      vertex 68.9518 13.9917 1.6
      vertex 69.198 15.006 1.6
      vertex 69.0579 15.0382 1.6
    endloop
  endfacet
  facet normal 0 0 1
    outer loop
      vertex 69.198 15.006 1.6
      vertex 68.9518 13.9917 1.6
      vertex 69.1041 13.965 1.6
    endloop
  endfacet
  facet normal 0 0 1
    outer loop
      vertex 68.7994 14.0225 1.6
      vertex 69.0579 15.0382 1.6
      vertex 68.9164 15.0763 1.6
    endloop
  endfacet
  facet normal 0 0 1
    outer loop
      vertex 69.0579 15.0382 1.6
      vertex 68.7994 14.0225 1.6
      vertex 68.9518 13.9917 1.6
    endloop
  endfacet
  facet normal 0 0 1
    outer loop
      vertex 68.4947 14.0959 1.6
      vertex 68.9164 15.0763 1.6
      vertex 68.7734 15.1201 1.6
    endloop
  endfacet
  facet normal 0 0 1
    outer loop
      vertex 68.9164 15.0763 1.6
      vertex 68.647 14.0572 1.6
      vertex 68.7994 14.0225 1.6
    endloop
  endfacet
  facet normal 0 0 1
    outer loop
      vertex 68.3423 14.1386 1.6
      vertex 68.7734 15.1201 1.6
      vertex 68.629 15.1697 1.6
    endloop
  endfacet
  facet normal 0 0 1
    outer loop
      vertex 68.9164 15.0763 1.6
      vertex 68.4947 14.0959 1.6
      vertex 68.647 14.0572 1.6
    endloop
  endfacet
  facet normal 0 0 1
    outer loop
      vertex 68.1899 14.1853 1.6
      vertex 68.629 15.1697 1.6
      vertex 68.4831 15.2249 1.6
    endloop
  endfacet
  facet normal 0 0 1
    outer loop
      vertex 68.7734 15.1201 1.6
      vertex 68.3423 14.1386 1.6
      vertex 68.4947 14.0959 1.6
    endloop
  endfacet
  facet normal 0 0 1
    outer loop
      vertex 68.0375 14.2359 1.6
      vertex 68.4831 15.2249 1.6
      vertex 68.3358 15.2859 1.6
    endloop
  endfacet
  facet normal 0 0 1
    outer loop
      vertex 68.629 15.1697 1.6
      vertex 68.1899 14.1853 1.6
      vertex 68.3423 14.1386 1.6
    endloop
  endfacet
  facet normal 0 0 1
    outer loop
      vertex 67.8851 14.2905 1.6
      vertex 68.3358 15.2859 1.6
      vertex 68.187 15.3526 1.6
    endloop
  endfacet
  facet normal 0 0 1
    outer loop
      vertex 68.4831 15.2249 1.6
      vertex 68.0375 14.2359 1.6
      vertex 68.1899 14.1853 1.6
    endloop
  endfacet
  facet normal 0 0 1
    outer loop
      vertex 67.8851 14.2905 1.6
      vertex 68.187 15.3526 1.6
      vertex 68.0368 15.425 1.6
    endloop
  endfacet
  facet normal 0 0 1
    outer loop
      vertex 67.8851 14.2905 1.6
      vertex 68.0368 15.425 1.6
      vertex 67.8851 15.503 1.6
    endloop
  endfacet
  facet normal 0 0 1
    outer loop
      vertex 68.3358 15.2859 1.6
      vertex 67.8851 14.2905 1.6
      vertex 68.0375 14.2359 1.6
    endloop
  endfacet
  facet normal 0 0 1
    outer loop
      vertex 35.4617 19.5686 1.6
      vertex 34.6076 18.2635 1.6
      vertex 35.3685 16.0486 1.6
    endloop
  endfacet
  facet normal 0 0 1
    outer loop
      vertex 34.6076 18.2635 1.6
      vertex 33.7498 19.5686 1.6
      vertex 33.8431 16.0486 1.6
    endloop
  endfacet
  facet normal -0 0 1
    outer loop
      vertex 33.7498 19.5686 1.6
      vertex 34.6076 18.2635 1.6
      vertex 35.4617 19.5686 1.6
    endloop
  endfacet
  facet normal 0 0 1
    outer loop
      vertex 37.5243 14 1.6
      vertex 35.7303 15.0137 1.6
      vertex 36.0808 14 1.6
    endloop
  endfacet
  facet normal -0 0 1
    outer loop
      vertex 35.3685 16.0486 1.6
      vertex 37.5243 14 1.6
      vertex 35.4617 19.5686 1.6
    endloop
  endfacet
  facet normal 0 0 1
    outer loop
      vertex 37.5243 14 1.6
      vertex 35.3685 16.0486 1.6
      vertex 35.7303 15.0137 1.6
    endloop
  endfacet
  facet normal -0 0 1
    outer loop
      vertex 33.8431 16.0486 1.6
      vertex 35.7303 15.0137 1.6
      vertex 35.3685 16.0486 1.6
    endloop
  endfacet
  facet normal 0 0 1
    outer loop
      vertex 33.8431 16.0486 1.6
      vertex 33.485 15.0137 1.6
      vertex 35.7303 15.0137 1.6
    endloop
  endfacet
  facet normal 0 0 1
    outer loop
      vertex 31.6873 14 1.6
      vertex 33.8431 16.0486 1.6
      vertex 33.7498 19.5686 1.6
    endloop
  endfacet
  facet normal 0 0 1
    outer loop
      vertex 33.8431 16.0486 1.6
      vertex 31.6873 14 1.6
      vertex 33.485 15.0137 1.6
    endloop
  endfacet
  facet normal 0 0 1
    outer loop
      vertex 33.485 15.0137 1.6
      vertex 31.6873 14 1.6
      vertex 33.1307 14 1.6
    endloop
  endfacet
  facet normal 0 0 1
    outer loop
      vertex 41.8841 16.7899 1.6
      vertex 43.3648 16.7899 1.6
      vertex 43.3609 16.9652 1.6
    endloop
  endfacet
  facet normal -0 0 1
    outer loop
      vertex 41.8747 17.0186 1.6
      vertex 43.3609 16.9652 1.6
      vertex 43.3492 17.1352 1.6
    endloop
  endfacet
  facet normal 0 0 1
    outer loop
      vertex 43.3648 16.7899 1.6
      vertex 41.8841 16.7899 1.6
      vertex 43.3609 16.6126 1.6
    endloop
  endfacet
  facet normal 0 0 1
    outer loop
      vertex 41.8747 17.0186 1.6
      vertex 43.3492 17.1352 1.6
      vertex 43.3298 17.2998 1.6
    endloop
  endfacet
  facet normal 0 0 1
    outer loop
      vertex 41.8746 16.5602 1.6
      vertex 43.3609 16.6126 1.6
      vertex 41.8841 16.7899 1.6
    endloop
  endfacet
  facet normal 0 0 1
    outer loop
      vertex 41.8464 17.2311 1.6
      vertex 43.3298 17.2998 1.6
      vertex 43.3026 17.4591 1.6
    endloop
  endfacet
  facet normal 0 0 1
    outer loop
      vertex 43.3609 16.6126 1.6
      vertex 41.8746 16.5602 1.6
      vertex 43.3492 16.4408 1.6
    endloop
  endfacet
  facet normal 0 0 1
    outer loop
      vertex 41.8464 17.2311 1.6
      vertex 43.3026 17.4591 1.6
      vertex 43.2677 17.6131 1.6
    endloop
  endfacet
  facet normal 0 0 1
    outer loop
      vertex 43.3492 16.4408 1.6
      vertex 41.8746 16.5602 1.6
      vertex 43.3298 16.2746 1.6
    endloop
  endfacet
  facet normal 0 0 1
    outer loop
      vertex 41.8464 17.2311 1.6
      vertex 43.2677 17.6131 1.6
      vertex 43.225 17.7618 1.6
    endloop
  endfacet
  facet normal -0 0 1
    outer loop
      vertex 41.8462 16.3466 1.6
      vertex 43.3298 16.2746 1.6
      vertex 41.8746 16.5602 1.6
    endloop
  endfacet
  facet normal 0 0 1
    outer loop
      vertex 41.7992 17.4275 1.6
      vertex 43.225 17.7618 1.6
      vertex 43.1745 17.9051 1.6
    endloop
  endfacet
  facet normal 0 0 1
    outer loop
      vertex 43.3298 16.2746 1.6
      vertex 41.8462 16.3466 1.6
      vertex 43.3026 16.114 1.6
    endloop
  endfacet
  facet normal 0 0 1
    outer loop
      vertex 41.7992 17.4275 1.6
      vertex 43.1745 17.9051 1.6
      vertex 43.1161 18.0434 1.6
    endloop
  endfacet
  facet normal 0 0 1
    outer loop
      vertex 43.3026 16.114 1.6
      vertex 41.8462 16.3466 1.6
      vertex 43.2677 15.9589 1.6
    endloop
  endfacet
  facet normal 0 0 1
    outer loop
      vertex 41.7331 17.6077 1.6
      vertex 43.1161 18.0434 1.6
      vertex 43.0494 18.177 1.6
    endloop
  endfacet
  facet normal 0 0 1
    outer loop
      vertex 43.2677 15.9589 1.6
      vertex 41.8462 16.3466 1.6
      vertex 43.225 15.8093 1.6
    endloop
  endfacet
  facet normal 0 0 1
    outer loop
      vertex 41.7331 17.6077 1.6
      vertex 43.0494 18.177 1.6
      vertex 42.9745 18.3059 1.6
    endloop
  endfacet
  facet normal -0 0 1
    outer loop
      vertex 41.7988 16.1491 1.6
      vertex 43.225 15.8093 1.6
      vertex 41.8462 16.3466 1.6
    endloop
  endfacet
  facet normal 0 0 1
    outer loop
      vertex 41.7331 17.6077 1.6
      vertex 42.9745 18.3059 1.6
      vertex 42.8914 18.43 1.6
    endloop
  endfacet
  facet normal 0 0 1
    outer loop
      vertex 43.225 15.8093 1.6
      vertex 41.7988 16.1491 1.6
      vertex 43.1745 15.6653 1.6
    endloop
  endfacet
  facet normal 0 0 1
    outer loop
      vertex 41.6481 17.7718 1.6
      vertex 42.8914 18.43 1.6
      vertex 42.8001 18.5495 1.6
    endloop
  endfacet
  facet normal 0 0 1
    outer loop
      vertex 43.1745 15.6653 1.6
      vertex 41.7988 16.1491 1.6
      vertex 43.1161 15.5265 1.6
    endloop
  endfacet
  facet normal 0 0 1
    outer loop
      vertex 41.6481 17.7718 1.6
      vertex 42.8001 18.5495 1.6
      vertex 42.7005 18.6642 1.6
    endloop
  endfacet
  facet normal -0 0 1
    outer loop
      vertex 41.7325 15.9678 1.6
      vertex 43.1161 15.5265 1.6
      vertex 41.7988 16.1491 1.6
    endloop
  endfacet
  facet normal 0 0 1
    outer loop
      vertex 41.6481 17.7718 1.6
      vertex 42.7005 18.6642 1.6
      vertex 42.5927 18.7742 1.6
    endloop
  endfacet
  facet normal 0 0 1
    outer loop
      vertex 43.1161 15.5265 1.6
      vertex 41.7325 15.9678 1.6
      vertex 43.0494 15.3925 1.6
    endloop
  endfacet
  facet normal 0 0 1
    outer loop
      vertex 41.5443 17.9197 1.6
      vertex 42.5927 18.7742 1.6
      vertex 42.4623 18.8926 1.6
    endloop
  endfacet
  facet normal 0 0 1
    outer loop
      vertex 43.0494 15.3925 1.6
      vertex 41.7325 15.9678 1.6
      vertex 42.9745 15.2633 1.6
    endloop
  endfacet
  facet normal 0 0 1
    outer loop
      vertex 41.5443 17.9197 1.6
      vertex 42.4623 18.8926 1.6
      vertex 42.3246 19.0009 1.6
    endloop
  endfacet
  facet normal 0 0 1
    outer loop
      vertex 42.9745 15.2633 1.6
      vertex 41.7325 15.9678 1.6
      vertex 42.8914 15.1389 1.6
    endloop
  endfacet
  facet normal 0 0 1
    outer loop
      vertex 41.4216 18.0515 1.6
      vertex 42.3246 19.0009 1.6
      vertex 42.1797 19.0988 1.6
    endloop
  endfacet
  facet normal -0 0 1
    outer loop
      vertex 41.6472 15.8027 1.6
      vertex 42.8914 15.1389 1.6
      vertex 41.7325 15.9678 1.6
    endloop
  endfacet
  facet normal 0 0 1
    outer loop
      vertex 41.4216 18.0515 1.6
      vertex 42.1797 19.0988 1.6
      vertex 42.0276 19.1864 1.6
    endloop
  endfacet
  facet normal 0 0 1
    outer loop
      vertex 42.8914 15.1389 1.6
      vertex 41.6472 15.8027 1.6
      vertex 42.8001 15.0193 1.6
    endloop
  endfacet
  facet normal 0 0 1
    outer loop
      vertex 42.8001 15.0193 1.6
      vertex 41.6472 15.8027 1.6
      vertex 42.7005 14.9045 1.6
    endloop
  endfacet
  facet normal 0 0 1
    outer loop
      vertex 43.3609 16.9652 1.6
      vertex 41.8747 17.0186 1.6
      vertex 41.8841 16.7899 1.6
    endloop
  endfacet
  facet normal 0 0 1
    outer loop
      vertex 41.2809 18.1664 1.6
      vertex 42.0276 19.1864 1.6
      vertex 41.8683 19.2638 1.6
    endloop
  endfacet
  facet normal 0 0 1
    outer loop
      vertex 43.3298 17.2998 1.6
      vertex 41.8464 17.2311 1.6
      vertex 41.8747 17.0186 1.6
    endloop
  endfacet
  facet normal 0 0 1
    outer loop
      vertex 43.225 17.7618 1.6
      vertex 41.7992 17.4275 1.6
      vertex 41.8464 17.2311 1.6
    endloop
  endfacet
  facet normal 0 0 1
    outer loop
      vertex 43.1161 18.0434 1.6
      vertex 41.7331 17.6077 1.6
      vertex 41.7992 17.4275 1.6
    endloop
  endfacet
  facet normal 0 0 1
    outer loop
      vertex 41.2809 18.1664 1.6
      vertex 41.8683 19.2638 1.6
      vertex 41.7017 19.3309 1.6
    endloop
  endfacet
  facet normal 0 0 1
    outer loop
      vertex 42.8914 18.43 1.6
      vertex 41.6481 17.7718 1.6
      vertex 41.7331 17.6077 1.6
    endloop
  endfacet
  facet normal 0 0 1
    outer loop
      vertex 42.5927 18.7742 1.6
      vertex 41.5443 17.9197 1.6
      vertex 41.6481 17.7718 1.6
    endloop
  endfacet
  facet normal 0 0 1
    outer loop
      vertex 41.1229 18.2636 1.6
      vertex 41.7017 19.3309 1.6
      vertex 41.5279 19.3877 1.6
    endloop
  endfacet
  facet normal 0 0 1
    outer loop
      vertex 42.3246 19.0009 1.6
      vertex 41.4216 18.0515 1.6
      vertex 41.5443 17.9197 1.6
    endloop
  endfacet
  facet normal 0 0 1
    outer loop
      vertex 41.1229 18.2636 1.6
      vertex 41.5279 19.3877 1.6
      vertex 41.3372 19.4357 1.6
    endloop
  endfacet
  facet normal 0 0 1
    outer loop
      vertex 42.0276 19.1864 1.6
      vertex 41.2809 18.1664 1.6
      vertex 41.4216 18.0515 1.6
    endloop
  endfacet
  facet normal 0 0 1
    outer loop
      vertex 41.7017 19.3309 1.6
      vertex 41.1229 18.2636 1.6
      vertex 41.2809 18.1664 1.6
    endloop
  endfacet
  facet normal 0 0 1
    outer loop
      vertex 40.9478 18.3431 1.6
      vertex 41.3372 19.4357 1.6
      vertex 41.1202 19.4763 1.6
    endloop
  endfacet
  facet normal 0 0 1
    outer loop
      vertex 41.3372 19.4357 1.6
      vertex 40.9478 18.3431 1.6
      vertex 41.1229 18.2636 1.6
    endloop
  endfacet
  facet normal 0 0 1
    outer loop
      vertex 40.7555 18.405 1.6
      vertex 41.1202 19.4763 1.6
      vertex 40.8768 19.5096 1.6
    endloop
  endfacet
  facet normal 0 0 1
    outer loop
      vertex 41.1202 19.4763 1.6
      vertex 40.7555 18.405 1.6
      vertex 40.9478 18.3431 1.6
    endloop
  endfacet
  facet normal 0 0 1
    outer loop
      vertex 40.5459 18.4491 1.6
      vertex 40.8768 19.5096 1.6
      vertex 40.6069 19.5354 1.6
    endloop
  endfacet
  facet normal 0 0 1
    outer loop
      vertex 40.8768 19.5096 1.6
      vertex 40.5459 18.4491 1.6
      vertex 40.7555 18.405 1.6
    endloop
  endfacet
  facet normal 0 0 1
    outer loop
      vertex 40.6069 19.5354 1.6
      vertex 40.3192 18.4756 1.6
      vertex 40.5459 18.4491 1.6
    endloop
  endfacet
  facet normal 0 0 1
    outer loop
      vertex 40.3106 19.5539 1.6
      vertex 40.3192 18.4756 1.6
      vertex 40.6069 19.5354 1.6
    endloop
  endfacet
  facet normal 0 0 1
    outer loop
      vertex 40.3106 19.5539 1.6
      vertex 40.0752 18.4845 1.6
      vertex 40.3192 18.4756 1.6
    endloop
  endfacet
  facet normal 0 0 1
    outer loop
      vertex 39.9879 19.5649 1.6
      vertex 40.0752 18.4845 1.6
      vertex 40.3106 19.5539 1.6
    endloop
  endfacet
  facet normal 0 0 1
    outer loop
      vertex 39.5605 18.4845 1.6
      vertex 39.9879 19.5649 1.6
      vertex 39.6388 19.5686 1.6
    endloop
  endfacet
  facet normal 0 0 1
    outer loop
      vertex 39.9879 19.5649 1.6
      vertex 39.5605 18.4845 1.6
      vertex 40.0752 18.4845 1.6
    endloop
  endfacet
  facet normal 0 0 1
    outer loop
      vertex 39.5605 18.4845 1.6
      vertex 38.1246 19.5686 1.6
      vertex 39.5605 15.0842 1.6
    endloop
  endfacet
  facet normal -0 0 1
    outer loop
      vertex 38.1246 19.5686 1.6
      vertex 39.5605 18.4845 1.6
      vertex 39.6388 19.5686 1.6
    endloop
  endfacet
  facet normal 0 0 1
    outer loop
      vertex 42.7005 14.9045 1.6
      vertex 41.6472 15.8027 1.6
      vertex 42.5927 14.7945 1.6
    endloop
  endfacet
  facet normal -0 0 1
    outer loop
      vertex 41.5429 15.6537 1.6
      vertex 42.5927 14.7945 1.6
      vertex 41.6472 15.8027 1.6
    endloop
  endfacet
  facet normal 0 0 1
    outer loop
      vertex 42.5927 14.7945 1.6
      vertex 41.5429 15.6537 1.6
      vertex 42.4612 14.676 1.6
    endloop
  endfacet
  facet normal 0 0 1
    outer loop
      vertex 42.4612 14.676 1.6
      vertex 41.5429 15.6537 1.6
      vertex 42.3224 14.5678 1.6
    endloop
  endfacet
  facet normal -0 0 1
    outer loop
      vertex 41.4197 15.5209 1.6
      vertex 42.3224 14.5678 1.6
      vertex 41.5429 15.6537 1.6
    endloop
  endfacet
  facet normal 0 0 1
    outer loop
      vertex 42.3224 14.5678 1.6
      vertex 41.4197 15.5209 1.6
      vertex 42.1762 14.4698 1.6
    endloop
  endfacet
  facet normal 0 0 1
    outer loop
      vertex 42.1762 14.4698 1.6
      vertex 41.4197 15.5209 1.6
      vertex 42.0228 14.3822 1.6
    endloop
  endfacet
  facet normal -0 0 1
    outer loop
      vertex 41.2786 15.405 1.6
      vertex 42.0228 14.3822 1.6
      vertex 41.4197 15.5209 1.6
    endloop
  endfacet
  facet normal 0 0 1
    outer loop
      vertex 42.0228 14.3822 1.6
      vertex 41.2786 15.405 1.6
      vertex 41.862 14.3048 1.6
    endloop
  endfacet
  facet normal 0 0 1
    outer loop
      vertex 41.862 14.3048 1.6
      vertex 41.2786 15.405 1.6
      vertex 41.6939 14.2377 1.6
    endloop
  endfacet
  facet normal -0 0 1
    outer loop
      vertex 41.1205 15.307 1.6
      vertex 41.6939 14.2377 1.6
      vertex 41.2786 15.405 1.6
    endloop
  endfacet
  facet normal 0 0 1
    outer loop
      vertex 41.6939 14.2377 1.6
      vertex 41.1205 15.307 1.6
      vertex 41.5186 14.1809 1.6
    endloop
  endfacet
  facet normal 0 0 1
    outer loop
      vertex 41.5186 14.1809 1.6
      vertex 41.1205 15.307 1.6
      vertex 41.3268 14.1329 1.6
    endloop
  endfacet
  facet normal -0 0 1
    outer loop
      vertex 40.9454 15.2267 1.6
      vertex 41.3268 14.1329 1.6
      vertex 41.1205 15.307 1.6
    endloop
  endfacet
  facet normal 0 0 1
    outer loop
      vertex 41.3268 14.1329 1.6
      vertex 40.9454 15.2267 1.6
      vertex 41.1094 14.0923 1.6
    endloop
  endfacet
  facet normal -0 0 1
    outer loop
      vertex 40.7533 15.1644 1.6
      vertex 41.1094 14.0923 1.6
      vertex 40.9454 15.2267 1.6
    endloop
  endfacet
  facet normal 0 0 1
    outer loop
      vertex 41.1094 14.0923 1.6
      vertex 40.7533 15.1644 1.6
      vertex 40.8664 14.0591 1.6
    endloop
  endfacet
  facet normal -0 0 1
    outer loop
      vertex 40.5442 15.1198 1.6
      vertex 40.8664 14.0591 1.6
      vertex 40.7533 15.1644 1.6
    endloop
  endfacet
  facet normal 0 0 1
    outer loop
      vertex 40.8664 14.0591 1.6
      vertex 40.5442 15.1198 1.6
      vertex 40.5979 14.0332 1.6
    endloop
  endfacet
  facet normal -0 0 1
    outer loop
      vertex 40.3182 15.0931 1.6
      vertex 40.5979 14.0332 1.6
      vertex 40.5442 15.1198 1.6
    endloop
  endfacet
  facet normal 0 0 1
    outer loop
      vertex 40.3182 15.0931 1.6
      vertex 40.3038 14.0148 1.6
      vertex 40.5979 14.0332 1.6
    endloop
  endfacet
  facet normal -0 0 1
    outer loop
      vertex 40.0752 15.0842 1.6
      vertex 40.3038 14.0148 1.6
      vertex 40.3182 15.0931 1.6
    endloop
  endfacet
  facet normal 0 0 1
    outer loop
      vertex 40.0752 15.0842 1.6
      vertex 39.9841 14.0037 1.6
      vertex 40.3038 14.0148 1.6
    endloop
  endfacet
  facet normal -0 0 1
    outer loop
      vertex 39.5605 15.0842 1.6
      vertex 39.9841 14.0037 1.6
      vertex 40.0752 15.0842 1.6
    endloop
  endfacet
  facet normal 0 0 1
    outer loop
      vertex 39.9841 14.0037 1.6
      vertex 39.5605 15.0842 1.6
      vertex 39.6388 14 1.6
    endloop
  endfacet
  facet normal 0 0 1
    outer loop
      vertex 38.1246 14 1.6
      vertex 39.5605 15.0842 1.6
      vertex 38.1246 19.5686 1.6
    endloop
  endfacet
  facet normal 0 0 1
    outer loop
      vertex 39.5605 15.0842 1.6
      vertex 38.1246 14 1.6
      vertex 39.6388 14 1.6
    endloop
  endfacet
  facet normal 0 0 1
    outer loop
      vertex 50.5118 19.5686 1.6
      vertex 49.1543 18.0728 1.6
      vertex 50.5118 14 1.6
    endloop
  endfacet
  facet normal -0 0 1
    outer loop
      vertex 48.688 19.5686 1.6
      vertex 49.1543 18.0728 1.6
      vertex 50.5118 19.5686 1.6
    endloop
  endfacet
  facet normal 0 0 1
    outer loop
      vertex 47.4125 16.5882 1.6
      vertex 49.1543 18.0728 1.6
      vertex 48.688 19.5686 1.6
    endloop
  endfacet
  facet normal 0 0 1
    outer loop
      vertex 49.1543 18.0728 1.6
      vertex 47.4125 16.5882 1.6
      vertex 47.8712 15.0701 1.6
    endloop
  endfacet
  facet normal 0 0 1
    outer loop
      vertex 47.4125 16.5882 1.6
      vertex 46.9612 15.0701 1.6
      vertex 47.8712 15.0701 1.6
    endloop
  endfacet
  facet normal -0 0 1
    outer loop
      vertex 45.6782 18.0728 1.6
      vertex 47.4125 16.5882 1.6
      vertex 46.1444 19.5686 1.6
    endloop
  endfacet
  facet normal 0 0 1
    outer loop
      vertex 47.4125 16.5882 1.6
      vertex 45.6782 18.0728 1.6
      vertex 46.9612 15.0701 1.6
    endloop
  endfacet
  facet normal -0 0 1
    outer loop
      vertex 44.3169 19.5686 1.6
      vertex 45.6782 18.0728 1.6
      vertex 46.1444 19.5686 1.6
    endloop
  endfacet
  facet normal 0 0 1
    outer loop
      vertex 44.3169 14 1.6
      vertex 45.6782 18.0728 1.6
      vertex 44.3169 19.5686 1.6
    endloop
  endfacet
  facet normal 0 0 1
    outer loop
      vertex 45.6782 18.0728 1.6
      vertex 44.3169 14 1.6
      vertex 45.6782 14 1.6
    endloop
  endfacet
  facet normal 0 0 1
    outer loop
      vertex 50.5118 14 1.6
      vertex 49.1543 18.0728 1.6
      vertex 49.1543 14 1.6
    endloop
  endfacet
  facet normal 0 0 1
    outer loop
      vertex 51.7403 16.2301 1.6
      vertex 53.1762 16.2301 1.6
      vertex 53.1762 19.5686 1.6
    endloop
  endfacet
  facet normal 0 -0 1
    outer loop
      vertex 51.7524 15.9045 1.6
      vertex 53.1762 16.2301 1.6
      vertex 51.7403 16.2301 1.6
    endloop
  endfacet
  facet normal 0 -0 1
    outer loop
      vertex 51.7887 15.6036 1.6
      vertex 53.1762 16.2301 1.6
      vertex 51.7524 15.9045 1.6
    endloop
  endfacet
  facet normal 0 -0 1
    outer loop
      vertex 51.8492 15.3274 1.6
      vertex 53.1762 16.2301 1.6
      vertex 51.7887 15.6036 1.6
    endloop
  endfacet
  facet normal 0 -0 1
    outer loop
      vertex 51.9339 15.0758 1.6
      vertex 53.1762 16.2301 1.6
      vertex 51.8492 15.3274 1.6
    endloop
  endfacet
  facet normal 0 -0 1
    outer loop
      vertex 52.0429 14.8489 1.6
      vertex 53.1762 16.2301 1.6
      vertex 51.9339 15.0758 1.6
    endloop
  endfacet
  facet normal 0 0 1
    outer loop
      vertex 53.1762 16.2301 1.6
      vertex 52.7227 14.1859 1.6
      vertex 52.9553 14.0797 1.6
    endloop
  endfacet
  facet normal 0 0 1
    outer loop
      vertex 53.1762 16.2301 1.6
      vertex 52.5154 14.3157 1.6
      vertex 52.7227 14.1859 1.6
    endloop
  endfacet
  facet normal 0 0 1
    outer loop
      vertex 53.1762 16.2301 1.6
      vertex 52.3333 14.4691 1.6
      vertex 52.5154 14.3157 1.6
    endloop
  endfacet
  facet normal 0 0 1
    outer loop
      vertex 53.1762 16.2301 1.6
      vertex 52.176 14.6467 1.6
      vertex 52.3333 14.4691 1.6
    endloop
  endfacet
  facet normal 0 0 1
    outer loop
      vertex 51.7403 16.2301 1.6
      vertex 53.1762 19.5686 1.6
      vertex 51.7403 19.5686 1.6
    endloop
  endfacet
  facet normal 0 0 1
    outer loop
      vertex 53.1762 16.2301 1.6
      vertex 52.0429 14.8489 1.6
      vertex 52.176 14.6467 1.6
    endloop
  endfacet
  facet normal 0 0 1
    outer loop
      vertex 55.1045 16.2301 1.6
      vertex 56.5404 16.2301 1.6
      vertex 56.5404 19.5686 1.6
    endloop
  endfacet
  facet normal 0 0 1
    outer loop
      vertex 55.0999 16.0409 1.6
      vertex 56.5404 16.2301 1.6
      vertex 55.1045 16.2301 1.6
    endloop
  endfacet
  facet normal 0 0 1
    outer loop
      vertex 56.5404 16.2301 1.6
      vertex 55.0999 16.0409 1.6
      vertex 56.5283 15.9045 1.6
    endloop
  endfacet
  facet normal 0 0 1
    outer loop
      vertex 55.0861 15.8679 1.6
      vertex 56.5283 15.9045 1.6
      vertex 55.0999 16.0409 1.6
    endloop
  endfacet
  facet normal 0 0 1
    outer loop
      vertex 56.5283 15.9045 1.6
      vertex 55.0861 15.8679 1.6
      vertex 56.492 15.6036 1.6
    endloop
  endfacet
  facet normal -0 0 1
    outer loop
      vertex 55.063 15.7109 1.6
      vertex 56.492 15.6036 1.6
      vertex 55.0861 15.8679 1.6
    endloop
  endfacet
  facet normal 0 0 1
    outer loop
      vertex 56.492 15.6036 1.6
      vertex 55.063 15.7109 1.6
      vertex 56.4314 15.3274 1.6
    endloop
  endfacet
  facet normal -0 0 1
    outer loop
      vertex 55.0308 15.5699 1.6
      vertex 56.4314 15.3274 1.6
      vertex 55.063 15.7109 1.6
    endloop
  endfacet
  facet normal 0 0 1
    outer loop
      vertex 56.4314 15.3274 1.6
      vertex 55.0308 15.5699 1.6
      vertex 56.3467 15.0758 1.6
    endloop
  endfacet
  facet normal -0 0 1
    outer loop
      vertex 54.9894 15.445 1.6
      vertex 56.3467 15.0758 1.6
      vertex 55.0308 15.5699 1.6
    endloop
  endfacet
  facet normal 0 0 1
    outer loop
      vertex 55.1045 16.2301 1.6
      vertex 56.5404 19.5686 1.6
      vertex 55.1045 19.5686 1.6
    endloop
  endfacet
  facet normal 0 0 1
    outer loop
      vertex 56.3467 15.0758 1.6
      vertex 54.9894 15.445 1.6
      vertex 56.2378 14.8489 1.6
    endloop
  endfacet
  facet normal 0 0 1
    outer loop
      vertex 56.2378 14.8489 1.6
      vertex 54.9894 15.445 1.6
      vertex 56.1047 14.6467 1.6
    endloop
  endfacet
  facet normal -0 0 1
    outer loop
      vertex 54.9387 15.3362 1.6
      vertex 56.1047 14.6467 1.6
      vertex 54.9894 15.445 1.6
    endloop
  endfacet
  facet normal 0 0 1
    outer loop
      vertex 56.1047 14.6467 1.6
      vertex 54.9387 15.3362 1.6
      vertex 55.9474 14.4691 1.6
    endloop
  endfacet
  facet normal -0 0 1
    outer loop
      vertex 54.8788 15.2434 1.6
      vertex 55.9474 14.4691 1.6
      vertex 54.9387 15.3362 1.6
    endloop
  endfacet
  facet normal 0 0 1
    outer loop
      vertex 55.9474 14.4691 1.6
      vertex 54.8788 15.2434 1.6
      vertex 55.7652 14.3157 1.6
    endloop
  endfacet
  facet normal 0 0 1
    outer loop
      vertex 55.7652 14.3157 1.6
      vertex 54.8788 15.2434 1.6
      vertex 55.5577 14.1859 1.6
    endloop
  endfacet
  facet normal -0 0 1
    outer loop
      vertex 54.8085 15.1647 1.6
      vertex 55.5577 14.1859 1.6
      vertex 54.8788 15.2434 1.6
    endloop
  endfacet
  facet normal 0 0 1
    outer loop
      vertex 55.5577 14.1859 1.6
      vertex 54.8085 15.1647 1.6
      vertex 55.3247 14.0797 1.6
    endloop
  endfacet
  facet normal -0 0 1
    outer loop
      vertex 54.7263 15.0982 1.6
      vertex 55.3247 14.0797 1.6
      vertex 54.8085 15.1647 1.6
    endloop
  endfacet
  facet normal 0 0 1
    outer loop
      vertex 55.3247 14.0797 1.6
      vertex 54.7263 15.0982 1.6
      vertex 55.0662 13.9971 1.6
    endloop
  endfacet
  facet normal -0 0 1
    outer loop
      vertex 54.6323 15.0437 1.6
      vertex 55.0662 13.9971 1.6
      vertex 54.7263 15.0982 1.6
    endloop
  endfacet
  facet normal 0 0 1
    outer loop
      vertex 55.0662 13.9971 1.6
      vertex 54.6323 15.0437 1.6
      vertex 54.7824 13.9381 1.6
    endloop
  endfacet
  facet normal -0 0 1
    outer loop
      vertex 54.5266 15.0013 1.6
      vertex 54.7824 13.9381 1.6
      vertex 54.6323 15.0437 1.6
    endloop
  endfacet
  facet normal -0 0 1
    outer loop
      vertex 54.409 14.9711 1.6
      vertex 54.7824 13.9381 1.6
      vertex 54.5266 15.0013 1.6
    endloop
  endfacet
  facet normal 0 0 1
    outer loop
      vertex 54.7824 13.9381 1.6
      vertex 54.409 14.9711 1.6
      vertex 54.4732 13.9027 1.6
    endloop
  endfacet
  facet normal -0 0 1
    outer loop
      vertex 54.2797 14.9529 1.6
      vertex 54.4732 13.9027 1.6
      vertex 54.409 14.9711 1.6
    endloop
  endfacet
  facet normal 0 0 1
    outer loop
      vertex 54.1385 13.8909 1.6
      vertex 54.2797 14.9529 1.6
      vertex 54.1385 14.9469 1.6
    endloop
  endfacet
  facet normal 0 0 1
    outer loop
      vertex 54.2797 14.9529 1.6
      vertex 54.1385 13.8909 1.6
      vertex 54.4732 13.9027 1.6
    endloop
  endfacet
  facet normal 0 0 1
    outer loop
      vertex 53.9983 14.9529 1.6
      vertex 54.1385 13.8909 1.6
      vertex 54.1385 14.9469 1.6
    endloop
  endfacet
  facet normal 0 0 1
    outer loop
      vertex 53.8048 13.9027 1.6
      vertex 53.9983 14.9529 1.6
      vertex 53.8698 14.9711 1.6
    endloop
  endfacet
  facet normal 0 0 1
    outer loop
      vertex 53.9983 14.9529 1.6
      vertex 53.8048 13.9027 1.6
      vertex 54.1385 13.8909 1.6
    endloop
  endfacet
  facet normal 0 0 1
    outer loop
      vertex 53.4963 13.9381 1.6
      vertex 53.8698 14.9711 1.6
      vertex 53.7529 15.0013 1.6
    endloop
  endfacet
  facet normal 0 0 1
    outer loop
      vertex 53.4963 13.9381 1.6
      vertex 53.7529 15.0013 1.6
      vertex 53.6477 15.0437 1.6
    endloop
  endfacet
  facet normal 0 0 1
    outer loop
      vertex 53.2132 13.9971 1.6
      vertex 53.6477 15.0437 1.6
      vertex 53.5541 15.0982 1.6
    endloop
  endfacet
  facet normal 0 0 1
    outer loop
      vertex 53.8698 14.9711 1.6
      vertex 53.4963 13.9381 1.6
      vertex 53.8048 13.9027 1.6
    endloop
  endfacet
  facet normal 0 0 1
    outer loop
      vertex 52.9553 14.0797 1.6
      vertex 53.5541 15.0982 1.6
      vertex 53.4721 15.1647 1.6
    endloop
  endfacet
  facet normal 0 0 1
    outer loop
      vertex 52.9553 14.0797 1.6
      vertex 53.4721 15.1647 1.6
      vertex 53.4018 15.2434 1.6
    endloop
  endfacet
  facet normal 0 0 1
    outer loop
      vertex 52.9553 14.0797 1.6
      vertex 53.4018 15.2434 1.6
      vertex 53.342 15.3362 1.6
    endloop
  endfacet
  facet normal 0 0 1
    outer loop
      vertex 52.9553 14.0797 1.6
      vertex 53.342 15.3362 1.6
      vertex 53.2913 15.445 1.6
    endloop
  endfacet
  facet normal 0 0 1
    outer loop
      vertex 52.9553 14.0797 1.6
      vertex 53.2913 15.445 1.6
      vertex 53.2499 15.5699 1.6
    endloop
  endfacet
  facet normal 0 0 1
    outer loop
      vertex 52.9553 14.0797 1.6
      vertex 53.2499 15.5699 1.6
      vertex 53.2177 15.7109 1.6
    endloop
  endfacet
  facet normal 0 0 1
    outer loop
      vertex 53.6477 15.0437 1.6
      vertex 53.2132 13.9971 1.6
      vertex 53.4963 13.9381 1.6
    endloop
  endfacet
  facet normal 0 0 1
    outer loop
      vertex 52.9553 14.0797 1.6
      vertex 53.2177 15.7109 1.6
      vertex 53.1947 15.8679 1.6
    endloop
  endfacet
  facet normal 0 0 1
    outer loop
      vertex 52.9553 14.0797 1.6
      vertex 53.1947 15.8679 1.6
      vertex 53.1808 16.0409 1.6
    endloop
  endfacet
  facet normal 0 0 1
    outer loop
      vertex 52.9553 14.0797 1.6
      vertex 53.1808 16.0409 1.6
      vertex 53.1762 16.2301 1.6
    endloop
  endfacet
  facet normal 0 0 1
    outer loop
      vertex 53.5541 15.0982 1.6
      vertex 52.9553 14.0797 1.6
      vertex 53.2132 13.9971 1.6
    endloop
  endfacet
  facet normal 0 0 1
    outer loop
      vertex 61.673 19.5686 1.6
      vertex 59.2338 18.4845 1.6
      vertex 61.673 18.4845 1.6
    endloop
  endfacet
  facet normal 0 0 1
    outer loop
      vertex 57.7978 19.5686 1.6
      vertex 59.2338 17.4461 1.6
      vertex 59.2338 18.4845 1.6
    endloop
  endfacet
  facet normal 0 0 1
    outer loop
      vertex 59.2338 17.4461 1.6
      vertex 57.7978 19.5686 1.6
      vertex 59.2338 16.3619 1.6
    endloop
  endfacet
  facet normal -0 0 1
    outer loop
      vertex 57.7978 19.5686 1.6
      vertex 59.2338 18.4845 1.6
      vertex 61.673 19.5686 1.6
    endloop
  endfacet
  facet normal 0 0 1
    outer loop
      vertex 59.2338 16.3619 1.6
      vertex 57.7978 19.5686 1.6
      vertex 57.7978 14 1.6
    endloop
  endfacet
  facet normal 0 0 1
    outer loop
      vertex 59.2338 16.3619 1.6
      vertex 57.7978 14 1.6
      vertex 59.2338 14 1.6
    endloop
  endfacet
  facet normal -0 0 1
    outer loop
      vertex 59.2338 17.4461 1.6
      vertex 61.5275 16.3619 1.6
      vertex 61.5275 17.4461 1.6
    endloop
  endfacet
  facet normal 0 0 1
    outer loop
      vertex 61.5275 16.3619 1.6
      vertex 59.2338 17.4461 1.6
      vertex 59.2338 16.3619 1.6
    endloop
  endfacet
  facet normal 0 0 1
    outer loop
      vertex 66.7688 19.5686 1.6
      vertex 64.3296 18.4845 1.6
      vertex 66.7688 18.4845 1.6
    endloop
  endfacet
  facet normal 0 0 1
    outer loop
      vertex 62.8937 19.5686 1.6
      vertex 64.3296 17.4461 1.6
      vertex 64.3296 18.4845 1.6
    endloop
  endfacet
  facet normal 0 0 1
    outer loop
      vertex 64.3296 17.4461 1.6
      vertex 62.8937 19.5686 1.6
      vertex 64.3296 16.3619 1.6
    endloop
  endfacet
  facet normal -0 0 1
    outer loop
      vertex 62.8937 19.5686 1.6
      vertex 64.3296 18.4845 1.6
      vertex 66.7688 19.5686 1.6
    endloop
  endfacet
  facet normal 0 0 1
    outer loop
      vertex 64.3296 16.3619 1.6
      vertex 62.8937 19.5686 1.6
      vertex 62.8937 14 1.6
    endloop
  endfacet
  facet normal 0 0 1
    outer loop
      vertex 64.3296 16.3619 1.6
      vertex 62.8937 14 1.6
      vertex 64.3296 14 1.6
    endloop
  endfacet
  facet normal -0 0 1
    outer loop
      vertex 64.3296 17.4461 1.6
      vertex 66.6234 16.3619 1.6
      vertex 66.6234 17.4461 1.6
    endloop
  endfacet
  facet normal 0 0 1
    outer loop
      vertex 66.6234 16.3619 1.6
      vertex 64.3296 17.4461 1.6
      vertex 64.3296 16.3619 1.6
    endloop
  endfacet
  facet normal -0.0958785 0.995393 0
    outer loop
      vertex 70.6093 13.9276 1.6
      vertex 70.3238 13.9001 2.4
      vertex 70.6093 13.9276 2.4
    endloop
  endfacet
  facet normal -0.0958785 0.995393 0
    outer loop
      vertex 70.3238 13.9001 2.4
      vertex 70.6093 13.9276 1.6
      vertex 70.3238 13.9001 1.6
    endloop
  endfacet
  facet normal -0.172262 0.985051 0
    outer loop
      vertex 70.8712 13.9734 1.6
      vertex 70.6093 13.9276 2.4
      vertex 70.8712 13.9734 2.4
    endloop
  endfacet
  facet normal -0.172262 0.985051 0
    outer loop
      vertex 70.6093 13.9276 2.4
      vertex 70.8712 13.9734 1.6
      vertex 70.6093 13.9276 1.6
    endloop
  endfacet
  facet normal -0.25993 0.965627 0
    outer loop
      vertex 71.1097 14.0376 1.6
      vertex 70.8712 13.9734 2.4
      vertex 71.1097 14.0376 2.4
    endloop
  endfacet
  facet normal -0.25993 0.965627 0
    outer loop
      vertex 70.8712 13.9734 2.4
      vertex 71.1097 14.0376 1.6
      vertex 70.8712 13.9734 1.6
    endloop
  endfacet
  facet normal -0.358775 0.933424 0
    outer loop
      vertex 71.3246 14.1202 1.6
      vertex 71.1097 14.0376 2.4
      vertex 71.3246 14.1202 2.4
    endloop
  endfacet
  facet normal -0.358775 0.933424 0
    outer loop
      vertex 71.1097 14.0376 2.4
      vertex 71.3246 14.1202 1.6
      vertex 71.1097 14.0376 1.6
    endloop
  endfacet
  facet normal -0.466337 0.884607 0
    outer loop
      vertex 71.516 14.2211 1.6
      vertex 71.3246 14.1202 2.4
      vertex 71.516 14.2211 2.4
    endloop
  endfacet
  facet normal -0.466337 0.884607 0
    outer loop
      vertex 71.3246 14.1202 2.4
      vertex 71.516 14.2211 1.6
      vertex 71.3246 14.1202 1.6
    endloop
  endfacet
  facet normal -0.579122 0.815241 0
    outer loop
      vertex 71.6838 14.3403 1.6
      vertex 71.516 14.2211 2.4
      vertex 71.6838 14.3403 2.4
    endloop
  endfacet
  facet normal -0.579122 0.815241 0
    outer loop
      vertex 71.516 14.2211 2.4
      vertex 71.6838 14.3403 1.6
      vertex 71.516 14.2211 1.6
    endloop
  endfacet
  facet normal -0.689668 0.724126 0
    outer loop
      vertex 71.8288 14.4784 1.6
      vertex 71.6838 14.3403 2.4
      vertex 71.8288 14.4784 2.4
    endloop
  endfacet
  facet normal -0.689668 0.724126 0
    outer loop
      vertex 71.6838 14.3403 2.4
      vertex 71.8288 14.4784 1.6
      vertex 71.6838 14.3403 1.6
    endloop
  endfacet
  facet normal -0.788488 0.61505 0
    outer loop
      vertex 71.8288 14.4784 1.6
      vertex 71.9515 14.6357 2.4
      vertex 71.9515 14.6357 1.6
    endloop
  endfacet
  facet normal -0.788488 0.61505 0
    outer loop
      vertex 71.9515 14.6357 2.4
      vertex 71.8288 14.4784 1.6
      vertex 71.8288 14.4784 2.4
    endloop
  endfacet
  facet normal -0.869423 0.494069 0
    outer loop
      vertex 71.9515 14.6357 1.6
      vertex 72.0518 14.8122 2.4
      vertex 72.0518 14.8122 1.6
    endloop
  endfacet
  facet normal -0.869423 0.494069 0
    outer loop
      vertex 72.0518 14.8122 2.4
      vertex 71.9515 14.6357 1.6
      vertex 71.9515 14.6357 2.4
    endloop
  endfacet
  facet normal -0.928901 0.370328 0
    outer loop
      vertex 72.0518 14.8122 1.6
      vertex 72.1299 15.0081 2.4
      vertex 72.1299 15.0081 1.6
    endloop
  endfacet
  facet normal -0.928901 0.370328 0
    outer loop
      vertex 72.1299 15.0081 2.4
      vertex 72.0518 14.8122 1.6
      vertex 72.0518 14.8122 2.4
    endloop
  endfacet
  facet normal -0.968041 0.25079 0
    outer loop
      vertex 72.1299 15.0081 1.6
      vertex 72.1856 15.2231 2.4
      vertex 72.1856 15.2231 1.6
    endloop
  endfacet
  facet normal -0.968041 0.25079 0
    outer loop
      vertex 72.1856 15.2231 2.4
      vertex 72.1299 15.0081 1.6
      vertex 72.1299 15.0081 2.4
    endloop
  endfacet
  facet normal -0.989941 0.14148 0
    outer loop
      vertex 72.1856 15.2231 1.6
      vertex 72.2191 15.4575 2.4
      vertex 72.2191 15.4575 1.6
    endloop
  endfacet
  facet normal -0.989941 0.14148 0
    outer loop
      vertex 72.2191 15.4575 2.4
      vertex 72.1856 15.2231 1.6
      vertex 72.1856 15.2231 2.4
    endloop
  endfacet
  facet normal -0.999043 0.0437451 0
    outer loop
      vertex 72.2191 15.4575 1.6
      vertex 72.2302 15.711 2.4
      vertex 72.2302 15.711 1.6
    endloop
  endfacet
  facet normal -0.999043 0.0437451 0
    outer loop
      vertex 72.2302 15.711 2.4
      vertex 72.2191 15.4575 1.6
      vertex 72.2191 15.4575 2.4
    endloop
  endfacet
  facet normal -0.99917 -0.0407298 0
    outer loop
      vertex 72.2302 15.711 1.6
      vertex 72.2223 15.9048 2.4
      vertex 72.2223 15.9048 1.6
    endloop
  endfacet
  facet normal -0.99917 -0.0407298 0
    outer loop
      vertex 72.2223 15.9048 2.4
      vertex 72.2302 15.711 1.6
      vertex 72.2302 15.711 2.4
    endloop
  endfacet
  facet normal -0.991304 -0.131589 0
    outer loop
      vertex 72.2223 15.9048 1.6
      vertex 72.1983 16.0856 2.4
      vertex 72.1983 16.0856 1.6
    endloop
  endfacet
  facet normal -0.991304 -0.131589 0
    outer loop
      vertex 72.1983 16.0856 2.4
      vertex 72.2223 15.9048 1.6
      vertex 72.2223 15.9048 2.4
    endloop
  endfacet
  facet normal -0.972682 -0.232144 0
    outer loop
      vertex 72.1983 16.0856 1.6
      vertex 72.1583 16.2532 2.4
      vertex 72.1583 16.2532 1.6
    endloop
  endfacet
  facet normal -0.972682 -0.232144 0
    outer loop
      vertex 72.1583 16.2532 2.4
      vertex 72.1983 16.0856 1.6
      vertex 72.1983 16.0856 2.4
    endloop
  endfacet
  facet normal -0.940148 -0.340766 0
    outer loop
      vertex 72.1583 16.2532 1.6
      vertex 72.1023 16.4077 2.4
      vertex 72.1023 16.4077 1.6
    endloop
  endfacet
  facet normal -0.940148 -0.340766 0
    outer loop
      vertex 72.1023 16.4077 2.4
      vertex 72.1583 16.2532 1.6
      vertex 72.1583 16.2532 2.4
    endloop
  endfacet
  facet normal -0.891381 -0.453255 0
    outer loop
      vertex 72.1023 16.4077 1.6
      vertex 72.0304 16.5491 2.4
      vertex 72.0304 16.5491 1.6
    endloop
  endfacet
  facet normal -0.891381 -0.453255 0
    outer loop
      vertex 72.0304 16.5491 2.4
      vertex 72.1023 16.4077 1.6
      vertex 72.1023 16.4077 2.4
    endloop
  endfacet
  facet normal -0.825165 -0.564891 0
    outer loop
      vertex 72.0304 16.5491 1.6
      vertex 71.9425 16.6775 2.4
      vertex 71.9425 16.6775 1.6
    endloop
  endfacet
  facet normal -0.825165 -0.564891 0
    outer loop
      vertex 71.9425 16.6775 2.4
      vertex 72.0304 16.5491 1.6
      vertex 72.0304 16.5491 2.4
    endloop
  endfacet
  facet normal -0.742589 -0.669748 0
    outer loop
      vertex 71.9425 16.6775 1.6
      vertex 71.8386 16.7927 2.4
      vertex 71.8386 16.7927 1.6
    endloop
  endfacet
  facet normal -0.742589 -0.669748 0
    outer loop
      vertex 71.8386 16.7927 2.4
      vertex 71.9425 16.6775 1.6
      vertex 71.9425 16.6775 2.4
    endloop
  endfacet
  facet normal -0.648852 -0.760915 0
    outer loop
      vertex 71.7157 16.8975 1.6
      vertex 71.8386 16.7927 2.4
      vertex 71.7157 16.8975 2.4
    endloop
  endfacet
  facet normal -0.648852 -0.760915 -0
    outer loop
      vertex 71.8386 16.7927 2.4
      vertex 71.7157 16.8975 1.6
      vertex 71.8386 16.7927 1.6
    endloop
  endfacet
  facet normal -0.556025 -0.831166 0
    outer loop
      vertex 71.571 16.9943 1.6
      vertex 71.7157 16.8975 2.4
      vertex 71.571 16.9943 2.4
    endloop
  endfacet
  facet normal -0.556025 -0.831166 -0
    outer loop
      vertex 71.7157 16.8975 2.4
      vertex 71.571 16.9943 1.6
      vertex 71.7157 16.8975 1.6
    endloop
  endfacet
  facet normal -0.470561 -0.882368 0
    outer loop
      vertex 71.4043 17.0832 1.6
      vertex 71.571 16.9943 2.4
      vertex 71.4043 17.0832 2.4
    endloop
  endfacet
  facet normal -0.470561 -0.882368 -0
    outer loop
      vertex 71.571 16.9943 2.4
      vertex 71.4043 17.0832 1.6
      vertex 71.571 16.9943 1.6
    endloop
  endfacet
  facet normal -0.394625 -0.918842 0
    outer loop
      vertex 71.2157 17.1642 1.6
      vertex 71.4043 17.0832 2.4
      vertex 71.2157 17.1642 2.4
    endloop
  endfacet
  facet normal -0.394625 -0.918842 -0
    outer loop
      vertex 71.4043 17.0832 2.4
      vertex 71.2157 17.1642 1.6
      vertex 71.4043 17.0832 1.6
    endloop
  endfacet
  facet normal -0.327912 -0.944708 0
    outer loop
      vertex 71.0051 17.2373 1.6
      vertex 71.2157 17.1642 2.4
      vertex 71.0051 17.2373 2.4
    endloop
  endfacet
  facet normal -0.327912 -0.944708 -0
    outer loop
      vertex 71.2157 17.1642 2.4
      vertex 71.0051 17.2373 1.6
      vertex 71.2157 17.1642 1.6
    endloop
  endfacet
  facet normal -0.269738 -0.962934 0
    outer loop
      vertex 70.7727 17.3024 1.6
      vertex 71.0051 17.2373 2.4
      vertex 70.7727 17.3024 2.4
    endloop
  endfacet
  facet normal -0.269738 -0.962934 -0
    outer loop
      vertex 71.0051 17.2373 2.4
      vertex 70.7727 17.3024 1.6
      vertex 71.0051 17.2373 1.6
    endloop
  endfacet
  facet normal -0.219731 -0.97556 0
    outer loop
      vertex 70.5183 17.3597 1.6
      vertex 70.7727 17.3024 2.4
      vertex 70.5183 17.3597 2.4
    endloop
  endfacet
  facet normal -0.219731 -0.97556 -0
    outer loop
      vertex 70.7727 17.3024 2.4
      vertex 70.5183 17.3597 1.6
      vertex 70.7727 17.3024 1.6
    endloop
  endfacet
  facet normal -0.197133 -0.980377 0
    outer loop
      vertex 69.9066 17.4827 1.6
      vertex 70.5183 17.3597 2.4
      vertex 69.9066 17.4827 2.4
    endloop
  endfacet
  facet normal -0.197133 -0.980377 -0
    outer loop
      vertex 70.5183 17.3597 2.4
      vertex 69.9066 17.4827 1.6
      vertex 70.5183 17.3597 1.6
    endloop
  endfacet
  facet normal -0.215456 -0.976514 0
    outer loop
      vertex 69.7874 17.509 1.6
      vertex 69.9066 17.4827 2.4
      vertex 69.7874 17.509 2.4
    endloop
  endfacet
  facet normal -0.215456 -0.976514 -0
    outer loop
      vertex 69.9066 17.4827 2.4
      vertex 69.7874 17.509 1.6
      vertex 69.9066 17.4827 1.6
    endloop
  endfacet
  facet normal -0.249065 -0.968487 0
    outer loop
      vertex 69.6793 17.5368 1.6
      vertex 69.7874 17.509 2.4
      vertex 69.6793 17.5368 2.4
    endloop
  endfacet
  facet normal -0.249065 -0.968487 -0
    outer loop
      vertex 69.7874 17.509 2.4
      vertex 69.6793 17.5368 1.6
      vertex 69.7874 17.509 1.6
    endloop
  endfacet
  facet normal -0.287981 -0.957636 0
    outer loop
      vertex 69.5822 17.566 1.6
      vertex 69.6793 17.5368 2.4
      vertex 69.5822 17.566 2.4
    endloop
  endfacet
  facet normal -0.287981 -0.957636 -0
    outer loop
      vertex 69.6793 17.5368 2.4
      vertex 69.5822 17.566 1.6
      vertex 69.6793 17.5368 1.6
    endloop
  endfacet
  facet normal -0.336198 -0.941791 0
    outer loop
      vertex 69.4962 17.5967 1.6
      vertex 69.5822 17.566 2.4
      vertex 69.4962 17.5967 2.4
    endloop
  endfacet
  facet normal -0.336198 -0.941791 -0
    outer loop
      vertex 69.5822 17.566 2.4
      vertex 69.4962 17.5967 1.6
      vertex 69.5822 17.566 1.6
    endloop
  endfacet
  facet normal -0.393475 -0.919335 0
    outer loop
      vertex 69.4212 17.6288 1.6
      vertex 69.4962 17.5967 2.4
      vertex 69.4212 17.6288 2.4
    endloop
  endfacet
  facet normal -0.393475 -0.919335 -0
    outer loop
      vertex 69.4962 17.5967 2.4
      vertex 69.4212 17.6288 1.6
      vertex 69.4962 17.5967 1.6
    endloop
  endfacet
  facet normal -0.464834 -0.885398 0
    outer loop
      vertex 69.3572 17.6624 1.6
      vertex 69.4212 17.6288 2.4
      vertex 69.3572 17.6624 2.4
    endloop
  endfacet
  facet normal -0.464834 -0.885398 -0
    outer loop
      vertex 69.4212 17.6288 2.4
      vertex 69.3572 17.6624 1.6
      vertex 69.4212 17.6288 1.6
    endloop
  endfacet
  facet normal -0.551062 -0.834465 0
    outer loop
      vertex 69.3042 17.6974 1.6
      vertex 69.3572 17.6624 2.4
      vertex 69.3042 17.6974 2.4
    endloop
  endfacet
  facet normal -0.551062 -0.834465 -0
    outer loop
      vertex 69.3572 17.6624 2.4
      vertex 69.3042 17.6974 1.6
      vertex 69.3572 17.6624 1.6
    endloop
  endfacet
  facet normal -0.650649 -0.759378 0
    outer loop
      vertex 69.2602 17.7351 1.6
      vertex 69.3042 17.6974 2.4
      vertex 69.2602 17.7351 2.4
    endloop
  endfacet
  facet normal -0.650649 -0.759378 -0
    outer loop
      vertex 69.3042 17.6974 2.4
      vertex 69.2602 17.7351 1.6
      vertex 69.3042 17.6974 1.6
    endloop
  endfacet
  facet normal -0.747015 -0.664807 0
    outer loop
      vertex 69.2602 17.7351 1.6
      vertex 69.223 17.7769 2.4
      vertex 69.223 17.7769 1.6
    endloop
  endfacet
  facet normal -0.747015 -0.664807 0
    outer loop
      vertex 69.223 17.7769 2.4
      vertex 69.2602 17.7351 1.6
      vertex 69.2602 17.7351 2.4
    endloop
  endfacet
  facet normal -0.83233 -0.554281 0
    outer loop
      vertex 69.223 17.7769 1.6
      vertex 69.1925 17.8227 2.4
      vertex 69.1925 17.8227 1.6
    endloop
  endfacet
  facet normal -0.83233 -0.554281 0
    outer loop
      vertex 69.1925 17.8227 2.4
      vertex 69.223 17.7769 1.6
      vertex 69.223 17.7769 2.4
    endloop
  endfacet
  facet normal -0.903295 -0.42902 0
    outer loop
      vertex 69.1925 17.8227 1.6
      vertex 69.1688 17.8726 2.4
      vertex 69.1688 17.8726 1.6
    endloop
  endfacet
  facet normal -0.903295 -0.42902 0
    outer loop
      vertex 69.1688 17.8726 2.4
      vertex 69.1925 17.8227 1.6
      vertex 69.1925 17.8227 2.4
    endloop
  endfacet
  facet normal -0.95369 -0.300793 0
    outer loop
      vertex 69.1688 17.8726 1.6
      vertex 69.1518 17.9265 2.4
      vertex 69.1518 17.9265 1.6
    endloop
  endfacet
  facet normal -0.95369 -0.300793 0
    outer loop
      vertex 69.1518 17.9265 2.4
      vertex 69.1688 17.8726 1.6
      vertex 69.1688 17.8726 2.4
    endloop
  endfacet
  facet normal -0.985124 -0.171844 0
    outer loop
      vertex 69.1518 17.9265 1.6
      vertex 69.1417 17.9844 2.4
      vertex 69.1417 17.9844 1.6
    endloop
  endfacet
  facet normal -0.985124 -0.171844 0
    outer loop
      vertex 69.1417 17.9844 2.4
      vertex 69.1518 17.9265 1.6
      vertex 69.1518 17.9265 2.4
    endloop
  endfacet
  facet normal -0.9985 -0.0547564 0
    outer loop
      vertex 69.1417 17.9844 1.6
      vertex 69.1383 18.0464 2.4
      vertex 69.1383 18.0464 1.6
    endloop
  endfacet
  facet normal -0.9985 -0.0547564 0
    outer loop
      vertex 69.1383 18.0464 2.4
      vertex 69.1417 17.9844 1.6
      vertex 69.1417 17.9844 2.4
    endloop
  endfacet
  facet normal -0.998151 0.0607887 0
    outer loop
      vertex 69.1383 18.0464 1.6
      vertex 69.1433 18.1285 2.4
      vertex 69.1433 18.1285 1.6
    endloop
  endfacet
  facet normal -0.998151 0.0607887 0
    outer loop
      vertex 69.1433 18.1285 2.4
      vertex 69.1383 18.0464 1.6
      vertex 69.1383 18.0464 2.4
    endloop
  endfacet
  facet normal -0.98073 0.19537 0
    outer loop
      vertex 69.1433 18.1285 1.6
      vertex 69.1584 18.2043 2.4
      vertex 69.1584 18.2043 1.6
    endloop
  endfacet
  facet normal -0.98073 0.19537 0
    outer loop
      vertex 69.1584 18.2043 2.4
      vertex 69.1433 18.1285 1.6
      vertex 69.1433 18.1285 2.4
    endloop
  endfacet
  facet normal -0.940228 0.340544 0
    outer loop
      vertex 69.1584 18.2043 1.6
      vertex 69.1835 18.2736 2.4
      vertex 69.1835 18.2736 1.6
    endloop
  endfacet
  facet normal -0.940228 0.340544 0
    outer loop
      vertex 69.1835 18.2736 2.4
      vertex 69.1584 18.2043 1.6
      vertex 69.1584 18.2043 2.4
    endloop
  endfacet
  facet normal -0.872648 0.48835 0
    outer loop
      vertex 69.1835 18.2736 1.6
      vertex 69.2187 18.3365 2.4
      vertex 69.2187 18.3365 1.6
    endloop
  endfacet
  facet normal -0.872648 0.48835 0
    outer loop
      vertex 69.2187 18.3365 2.4
      vertex 69.1835 18.2736 1.6
      vertex 69.1835 18.2736 2.4
    endloop
  endfacet
  facet normal -0.780869 0.624695 0
    outer loop
      vertex 69.2187 18.3365 1.6
      vertex 69.2639 18.393 2.4
      vertex 69.2639 18.393 1.6
    endloop
  endfacet
  facet normal -0.780869 0.624695 0
    outer loop
      vertex 69.2639 18.393 2.4
      vertex 69.2187 18.3365 1.6
      vertex 69.2187 18.3365 2.4
    endloop
  endfacet
  facet normal -0.672806 0.739819 0
    outer loop
      vertex 69.3191 18.4432 1.6
      vertex 69.2639 18.393 2.4
      vertex 69.3191 18.4432 2.4
    endloop
  endfacet
  facet normal -0.672806 0.739819 0
    outer loop
      vertex 69.2639 18.393 2.4
      vertex 69.3191 18.4432 1.6
      vertex 69.2639 18.393 1.6
    endloop
  endfacet
  facet normal -0.556168 0.83107 0
    outer loop
      vertex 69.3844 18.4869 1.6
      vertex 69.3191 18.4432 2.4
      vertex 69.3844 18.4869 2.4
    endloop
  endfacet
  facet normal -0.556168 0.83107 0
    outer loop
      vertex 69.3191 18.4432 2.4
      vertex 69.3844 18.4869 1.6
      vertex 69.3191 18.4432 1.6
    endloop
  endfacet
  facet normal -0.444375 0.895841 0
    outer loop
      vertex 69.4602 18.5245 1.6
      vertex 69.3844 18.4869 2.4
      vertex 69.4602 18.5245 2.4
    endloop
  endfacet
  facet normal -0.444375 0.895841 0
    outer loop
      vertex 69.3844 18.4869 2.4
      vertex 69.4602 18.5245 1.6
      vertex 69.3844 18.4869 1.6
    endloop
  endfacet
  facet normal -0.344954 0.93862 0
    outer loop
      vertex 69.547 18.5564 1.6
      vertex 69.4602 18.5245 2.4
      vertex 69.547 18.5564 2.4
    endloop
  endfacet
  facet normal -0.344954 0.93862 0
    outer loop
      vertex 69.4602 18.5245 2.4
      vertex 69.547 18.5564 1.6
      vertex 69.4602 18.5245 1.6
    endloop
  endfacet
  facet normal -0.257847 0.966186 0
    outer loop
      vertex 69.6448 18.5825 1.6
      vertex 69.547 18.5564 2.4
      vertex 69.6448 18.5825 2.4
    endloop
  endfacet
  facet normal -0.257847 0.966186 0
    outer loop
      vertex 69.547 18.5564 2.4
      vertex 69.6448 18.5825 1.6
      vertex 69.547 18.5564 1.6
    endloop
  endfacet
  facet normal -0.182705 0.983168 0
    outer loop
      vertex 69.7535 18.6027 1.6
      vertex 69.6448 18.5825 2.4
      vertex 69.7535 18.6027 2.4
    endloop
  endfacet
  facet normal -0.182705 0.983168 0
    outer loop
      vertex 69.6448 18.5825 2.4
      vertex 69.7535 18.6027 1.6
      vertex 69.6448 18.5825 1.6
    endloop
  endfacet
  facet normal -0.120356 0.992731 0
    outer loop
      vertex 69.8731 18.6172 1.6
      vertex 69.7535 18.6027 2.4
      vertex 69.8731 18.6172 2.4
    endloop
  endfacet
  facet normal -0.120356 0.992731 0
    outer loop
      vertex 69.7535 18.6027 2.4
      vertex 69.8731 18.6172 1.6
      vertex 69.7535 18.6027 1.6
    endloop
  endfacet
  facet normal -0.0664683 0.997789 0
    outer loop
      vertex 70.0037 18.6259 1.6
      vertex 69.8731 18.6172 2.4
      vertex 70.0037 18.6259 2.4
    endloop
  endfacet
  facet normal -0.0664683 0.997789 0
    outer loop
      vertex 69.8731 18.6172 2.4
      vertex 70.0037 18.6259 1.6
      vertex 69.8731 18.6172 1.6
    endloop
  endfacet
  facet normal -0.0204759 0.99979 0
    outer loop
      vertex 70.1453 18.6288 1.6
      vertex 70.0037 18.6259 2.4
      vertex 70.1453 18.6288 2.4
    endloop
  endfacet
  facet normal -0.0204759 0.99979 0
    outer loop
      vertex 70.0037 18.6259 2.4
      vertex 70.1453 18.6288 1.6
      vertex 70.0037 18.6259 1.6
    endloop
  endfacet
  facet normal 0.0196742 0.999806 -0
    outer loop
      vertex 70.2571 18.6266 1.6
      vertex 70.1453 18.6288 2.4
      vertex 70.2571 18.6266 2.4
    endloop
  endfacet
  facet normal 0.0196742 0.999806 0
    outer loop
      vertex 70.1453 18.6288 2.4
      vertex 70.2571 18.6266 1.6
      vertex 70.1453 18.6288 1.6
    endloop
  endfacet
  facet normal 0.0561503 0.998422 -0
    outer loop
      vertex 70.3709 18.6202 1.6
      vertex 70.2571 18.6266 2.4
      vertex 70.3709 18.6202 2.4
    endloop
  endfacet
  facet normal 0.0561503 0.998422 0
    outer loop
      vertex 70.2571 18.6266 2.4
      vertex 70.3709 18.6202 1.6
      vertex 70.2571 18.6266 1.6
    endloop
  endfacet
  facet normal 0.0920087 0.995758 -0
    outer loop
      vertex 70.4867 18.6095 1.6
      vertex 70.3709 18.6202 2.4
      vertex 70.4867 18.6095 2.4
    endloop
  endfacet
  facet normal 0.0920087 0.995758 0
    outer loop
      vertex 70.3709 18.6202 2.4
      vertex 70.4867 18.6095 1.6
      vertex 70.3709 18.6202 1.6
    endloop
  endfacet
  facet normal 0.125486 0.992095 -0
    outer loop
      vertex 70.6045 18.5946 1.6
      vertex 70.4867 18.6095 2.4
      vertex 70.6045 18.5946 2.4
    endloop
  endfacet
  facet normal 0.125486 0.992095 0
    outer loop
      vertex 70.4867 18.6095 2.4
      vertex 70.6045 18.5946 1.6
      vertex 70.4867 18.6095 1.6
    endloop
  endfacet
  facet normal 0.159181 0.987249 -0
    outer loop
      vertex 70.7242 18.5753 1.6
      vertex 70.6045 18.5946 2.4
      vertex 70.7242 18.5753 2.4
    endloop
  endfacet
  facet normal 0.159181 0.987249 0
    outer loop
      vertex 70.6045 18.5946 2.4
      vertex 70.7242 18.5753 1.6
      vertex 70.6045 18.5946 1.6
    endloop
  endfacet
  facet normal 0.189595 0.981862 -0
    outer loop
      vertex 70.8459 18.5518 1.6
      vertex 70.7242 18.5753 2.4
      vertex 70.8459 18.5518 2.4
    endloop
  endfacet
  facet normal 0.189595 0.981862 0
    outer loop
      vertex 70.7242 18.5753 2.4
      vertex 70.8459 18.5518 1.6
      vertex 70.7242 18.5753 1.6
    endloop
  endfacet
  facet normal 0.219268 0.975665 -0
    outer loop
      vertex 70.9696 18.524 1.6
      vertex 70.8459 18.5518 2.4
      vertex 70.9696 18.524 2.4
    endloop
  endfacet
  facet normal 0.219268 0.975665 0
    outer loop
      vertex 70.8459 18.5518 2.4
      vertex 70.9696 18.524 1.6
      vertex 70.8459 18.5518 1.6
    endloop
  endfacet
  facet normal 0.247816 0.968807 -0
    outer loop
      vertex 71.0947 18.492 1.6
      vertex 70.9696 18.524 2.4
      vertex 71.0947 18.492 2.4
    endloop
  endfacet
  facet normal 0.247816 0.968807 0
    outer loop
      vertex 70.9696 18.524 2.4
      vertex 71.0947 18.492 1.6
      vertex 70.9696 18.524 1.6
    endloop
  endfacet
  facet normal 0.275225 0.96138 -0
    outer loop
      vertex 71.2208 18.4559 1.6
      vertex 71.0947 18.492 2.4
      vertex 71.2208 18.4559 2.4
    endloop
  endfacet
  facet normal 0.275225 0.96138 0
    outer loop
      vertex 71.0947 18.492 2.4
      vertex 71.2208 18.4559 1.6
      vertex 71.0947 18.492 1.6
    endloop
  endfacet
  facet normal 0.302677 0.953093 -0
    outer loop
      vertex 71.3477 18.4156 1.6
      vertex 71.2208 18.4559 2.4
      vertex 71.3477 18.4156 2.4
    endloop
  endfacet
  facet normal 0.302677 0.953093 0
    outer loop
      vertex 71.2208 18.4559 2.4
      vertex 71.3477 18.4156 1.6
      vertex 71.2208 18.4559 1.6
    endloop
  endfacet
  facet normal 0.327288 0.944925 -0
    outer loop
      vertex 71.4756 18.3713 1.6
      vertex 71.3477 18.4156 2.4
      vertex 71.4756 18.3713 2.4
    endloop
  endfacet
  facet normal 0.327288 0.944925 0
    outer loop
      vertex 71.3477 18.4156 2.4
      vertex 71.4756 18.3713 1.6
      vertex 71.3477 18.4156 1.6
    endloop
  endfacet
  facet normal 0.352397 0.935851 -0
    outer loop
      vertex 71.6044 18.3228 1.6
      vertex 71.4756 18.3713 2.4
      vertex 71.6044 18.3228 2.4
    endloop
  endfacet
  facet normal 0.352397 0.935851 0
    outer loop
      vertex 71.4756 18.3713 2.4
      vertex 71.6044 18.3228 1.6
      vertex 71.4756 18.3713 1.6
    endloop
  endfacet
  facet normal 0.375821 0.926692 -0
    outer loop
      vertex 71.7341 18.2702 1.6
      vertex 71.6044 18.3228 2.4
      vertex 71.7341 18.2702 2.4
    endloop
  endfacet
  facet normal 0.375821 0.926692 0
    outer loop
      vertex 71.6044 18.3228 2.4
      vertex 71.7341 18.2702 1.6
      vertex 71.6044 18.3228 1.6
    endloop
  endfacet
  facet normal 0.398829 0.917025 -0
    outer loop
      vertex 71.8647 18.2134 1.6
      vertex 71.7341 18.2702 2.4
      vertex 71.8647 18.2134 2.4
    endloop
  endfacet
  facet normal 0.398829 0.917025 0
    outer loop
      vertex 71.7341 18.2702 2.4
      vertex 71.8647 18.2134 1.6
      vertex 71.7341 18.2702 1.6
    endloop
  endfacet
  facet normal -1 0 0
    outer loop
      vertex 71.8647 18.2134 1.6
      vertex 71.8647 19.3943 2.4
      vertex 71.8647 19.3943 1.6
    endloop
  endfacet
  facet normal -1 -0 0
    outer loop
      vertex 71.8647 19.3943 2.4
      vertex 71.8647 18.2134 1.6
      vertex 71.8647 18.2134 2.4
    endloop
  endfacet
  facet normal -0.250255 -0.96818 0
    outer loop
      vertex 71.7173 19.4324 1.6
      vertex 71.8647 19.3943 2.4
      vertex 71.7173 19.4324 2.4
    endloop
  endfacet
  facet normal -0.250255 -0.96818 -0
    outer loop
      vertex 71.8647 19.3943 2.4
      vertex 71.7173 19.4324 1.6
      vertex 71.8647 19.3943 1.6
    endloop
  endfacet
  facet normal -0.234857 -0.97203 0
    outer loop
      vertex 71.5712 19.4677 1.6
      vertex 71.7173 19.4324 2.4
      vertex 71.5712 19.4677 2.4
    endloop
  endfacet
  facet normal -0.234857 -0.97203 -0
    outer loop
      vertex 71.7173 19.4324 2.4
      vertex 71.5712 19.4677 1.6
      vertex 71.7173 19.4324 1.6
    endloop
  endfacet
  facet normal -0.218501 -0.975837 0
    outer loop
      vertex 71.4265 19.5001 1.6
      vertex 71.5712 19.4677 2.4
      vertex 71.4265 19.5001 2.4
    endloop
  endfacet
  facet normal -0.218501 -0.975837 -0
    outer loop
      vertex 71.5712 19.4677 2.4
      vertex 71.4265 19.5001 1.6
      vertex 71.5712 19.4677 1.6
    endloop
  endfacet
  facet normal -0.202289 -0.979326 0
    outer loop
      vertex 71.2832 19.5297 1.6
      vertex 71.4265 19.5001 2.4
      vertex 71.2832 19.5297 2.4
    endloop
  endfacet
  facet normal -0.202289 -0.979326 -0
    outer loop
      vertex 71.4265 19.5001 2.4
      vertex 71.2832 19.5297 1.6
      vertex 71.4265 19.5001 1.6
    endloop
  endfacet
  facet normal -0.185458 -0.982652 0
    outer loop
      vertex 71.1412 19.5565 1.6
      vertex 71.2832 19.5297 2.4
      vertex 71.1412 19.5565 2.4
    endloop
  endfacet
  facet normal -0.185458 -0.982652 -0
    outer loop
      vertex 71.2832 19.5297 2.4
      vertex 71.1412 19.5565 1.6
      vertex 71.2832 19.5297 1.6
    endloop
  endfacet
  facet normal -0.168263 -0.985742 0
    outer loop
      vertex 71.0006 19.5805 1.6
      vertex 71.1412 19.5565 2.4
      vertex 71.0006 19.5805 2.4
    endloop
  endfacet
  facet normal -0.168263 -0.985742 -0
    outer loop
      vertex 71.1412 19.5565 2.4
      vertex 71.0006 19.5805 1.6
      vertex 71.1412 19.5565 1.6
    endloop
  endfacet
  facet normal -0.149869 -0.988706 0
    outer loop
      vertex 70.8614 19.6016 1.6
      vertex 71.0006 19.5805 2.4
      vertex 70.8614 19.6016 2.4
    endloop
  endfacet
  facet normal -0.149869 -0.988706 -0
    outer loop
      vertex 71.0006 19.5805 2.4
      vertex 70.8614 19.6016 1.6
      vertex 71.0006 19.5805 1.6
    endloop
  endfacet
  facet normal -0.132164 -0.991228 0
    outer loop
      vertex 70.7234 19.62 1.6
      vertex 70.8614 19.6016 2.4
      vertex 70.7234 19.62 2.4
    endloop
  endfacet
  facet normal -0.132164 -0.991228 -0
    outer loop
      vertex 70.8614 19.6016 2.4
      vertex 70.7234 19.62 1.6
      vertex 70.8614 19.6016 1.6
    endloop
  endfacet
  facet normal -0.112503 -0.993651 0
    outer loop
      vertex 70.5865 19.6355 1.6
      vertex 70.7234 19.62 2.4
      vertex 70.5865 19.6355 2.4
    endloop
  endfacet
  facet normal -0.112503 -0.993651 -0
    outer loop
      vertex 70.7234 19.62 2.4
      vertex 70.5865 19.6355 1.6
      vertex 70.7234 19.62 1.6
    endloop
  endfacet
  facet normal -0.0930457 -0.995662 0
    outer loop
      vertex 70.4506 19.6482 1.6
      vertex 70.5865 19.6355 2.4
      vertex 70.4506 19.6482 2.4
    endloop
  endfacet
  facet normal -0.0930457 -0.995662 -0
    outer loop
      vertex 70.5865 19.6355 2.4
      vertex 70.4506 19.6482 1.6
      vertex 70.5865 19.6355 1.6
    endloop
  endfacet
  facet normal -0.0725089 -0.997368 0
    outer loop
      vertex 70.3158 19.658 1.6
      vertex 70.4506 19.6482 2.4
      vertex 70.3158 19.658 2.4
    endloop
  endfacet
  facet normal -0.0725089 -0.997368 -0
    outer loop
      vertex 70.4506 19.6482 2.4
      vertex 70.3158 19.658 1.6
      vertex 70.4506 19.6482 1.6
    endloop
  endfacet
  facet normal -0.0530292 -0.998593 0
    outer loop
      vertex 70.1821 19.6651 1.6
      vertex 70.3158 19.658 2.4
      vertex 70.1821 19.6651 2.4
    endloop
  endfacet
  facet normal -0.0530292 -0.998593 -0
    outer loop
      vertex 70.3158 19.658 2.4
      vertex 70.1821 19.6651 1.6
      vertex 70.3158 19.658 1.6
    endloop
  endfacet
  facet normal -0.0316345 -0.9995 0
    outer loop
      vertex 70.0494 19.6693 1.6
      vertex 70.1821 19.6651 2.4
      vertex 70.0494 19.6693 2.4
    endloop
  endfacet
  facet normal -0.0316345 -0.9995 -0
    outer loop
      vertex 70.1821 19.6651 2.4
      vertex 70.0494 19.6693 1.6
      vertex 70.1821 19.6651 1.6
    endloop
  endfacet
  facet normal -0.0106377 -0.999943 0
    outer loop
      vertex 69.9178 19.6707 1.6
      vertex 70.0494 19.6693 2.4
      vertex 69.9178 19.6707 2.4
    endloop
  endfacet
  facet normal -0.0106377 -0.999943 -0
    outer loop
      vertex 70.0494 19.6693 2.4
      vertex 69.9178 19.6707 1.6
      vertex 70.0494 19.6693 1.6
    endloop
  endfacet
  facet normal 0.0327045 -0.999465 0
    outer loop
      vertex 69.6397 19.6616 1.6
      vertex 69.9178 19.6707 2.4
      vertex 69.6397 19.6616 2.4
    endloop
  endfacet
  facet normal 0.0327045 -0.999465 0
    outer loop
      vertex 69.9178 19.6707 2.4
      vertex 69.6397 19.6616 1.6
      vertex 69.9178 19.6707 1.6
    endloop
  endfacet
  facet normal 0.105204 -0.994451 0
    outer loop
      vertex 69.3807 19.6342 1.6
      vertex 69.6397 19.6616 2.4
      vertex 69.3807 19.6342 2.4
    endloop
  endfacet
  facet normal 0.105204 -0.994451 0
    outer loop
      vertex 69.6397 19.6616 2.4
      vertex 69.3807 19.6342 1.6
      vertex 69.6397 19.6616 1.6
    endloop
  endfacet
  facet normal 0.187282 -0.982306 0
    outer loop
      vertex 69.141 19.5885 1.6
      vertex 69.3807 19.6342 2.4
      vertex 69.141 19.5885 2.4
    endloop
  endfacet
  facet normal 0.187282 -0.982306 0
    outer loop
      vertex 69.3807 19.6342 2.4
      vertex 69.141 19.5885 1.6
      vertex 69.3807 19.6342 1.6
    endloop
  endfacet
  facet normal 0.278629 -0.960399 0
    outer loop
      vertex 68.9204 19.5245 1.6
      vertex 69.141 19.5885 2.4
      vertex 68.9204 19.5245 2.4
    endloop
  endfacet
  facet normal 0.278629 -0.960399 0
    outer loop
      vertex 69.141 19.5885 2.4
      vertex 68.9204 19.5245 1.6
      vertex 69.141 19.5885 1.6
    endloop
  endfacet
  facet normal 0.378275 -0.925693 0
    outer loop
      vertex 68.719 19.4422 1.6
      vertex 68.9204 19.5245 2.4
      vertex 68.719 19.4422 2.4
    endloop
  endfacet
  facet normal 0.378275 -0.925693 0
    outer loop
      vertex 68.9204 19.5245 2.4
      vertex 68.719 19.4422 1.6
      vertex 68.9204 19.5245 1.6
    endloop
  endfacet
  facet normal 0.482785 -0.875739 0
    outer loop
      vertex 68.5367 19.3417 1.6
      vertex 68.719 19.4422 2.4
      vertex 68.5367 19.3417 2.4
    endloop
  endfacet
  facet normal 0.482785 -0.875739 0
    outer loop
      vertex 68.719 19.4422 2.4
      vertex 68.5367 19.3417 1.6
      vertex 68.719 19.4422 1.6
    endloop
  endfacet
  facet normal 0.588997 -0.808135 0
    outer loop
      vertex 68.3737 19.2229 1.6
      vertex 68.5367 19.3417 2.4
      vertex 68.3737 19.2229 2.4
    endloop
  endfacet
  facet normal 0.588997 -0.808135 0
    outer loop
      vertex 68.5367 19.3417 2.4
      vertex 68.3737 19.2229 1.6
      vertex 68.5367 19.3417 1.6
    endloop
  endfacet
  facet normal 0.689883 -0.72392 0
    outer loop
      vertex 68.2312 19.0871 1.6
      vertex 68.3737 19.2229 2.4
      vertex 68.2312 19.0871 2.4
    endloop
  endfacet
  facet normal 0.689883 -0.72392 0
    outer loop
      vertex 68.3737 19.2229 2.4
      vertex 68.2312 19.0871 1.6
      vertex 68.3737 19.2229 1.6
    endloop
  endfacet
  facet normal 0.782378 -0.622804 0
    outer loop
      vertex 68.1106 18.9356 2.4
      vertex 68.2312 19.0871 1.6
      vertex 68.2312 19.0871 2.4
    endloop
  endfacet
  facet normal 0.782378 -0.622804 0
    outer loop
      vertex 68.2312 19.0871 1.6
      vertex 68.1106 18.9356 2.4
      vertex 68.1106 18.9356 1.6
    endloop
  endfacet
  facet normal 0.861377 -0.507965 0
    outer loop
      vertex 68.012 18.7684 2.4
      vertex 68.1106 18.9356 1.6
      vertex 68.1106 18.9356 2.4
    endloop
  endfacet
  facet normal 0.861377 -0.507965 0
    outer loop
      vertex 68.1106 18.9356 1.6
      vertex 68.012 18.7684 2.4
      vertex 68.012 18.7684 1.6
    endloop
  endfacet
  facet normal 0.922119 -0.386907 0
    outer loop
      vertex 67.9353 18.5856 2.4
      vertex 68.012 18.7684 1.6
      vertex 68.012 18.7684 2.4
    endloop
  endfacet
  facet normal 0.922119 -0.386907 0
    outer loop
      vertex 68.012 18.7684 1.6
      vertex 67.9353 18.5856 2.4
      vertex 67.9353 18.5856 1.6
    endloop
  endfacet
  facet normal 0.963975 -0.265991 0
    outer loop
      vertex 67.8805 18.387 2.4
      vertex 67.9353 18.5856 1.6
      vertex 67.9353 18.5856 2.4
    endloop
  endfacet
  facet normal 0.963975 -0.265991 0
    outer loop
      vertex 67.9353 18.5856 1.6
      vertex 67.8805 18.387 2.4
      vertex 67.8805 18.387 1.6
    endloop
  endfacet
  facet normal 0.988409 -0.151814 0
    outer loop
      vertex 67.8476 18.1728 2.4
      vertex 67.8805 18.387 1.6
      vertex 67.8805 18.387 2.4
    endloop
  endfacet
  facet normal 0.988409 -0.151814 0
    outer loop
      vertex 67.8805 18.387 1.6
      vertex 67.8476 18.1728 2.4
      vertex 67.8476 18.1728 1.6
    endloop
  endfacet
  facet normal 0.998858 -0.0477715 0
    outer loop
      vertex 67.8366 17.9428 2.4
      vertex 67.8476 18.1728 1.6
      vertex 67.8476 18.1728 2.4
    endloop
  endfacet
  facet normal 0.998858 -0.0477715 0
    outer loop
      vertex 67.8476 18.1728 1.6
      vertex 67.8366 17.9428 2.4
      vertex 67.8366 17.9428 1.6
    endloop
  endfacet
  facet normal 0.999082 0.0428488 0
    outer loop
      vertex 67.8445 17.7586 2.4
      vertex 67.8366 17.9428 1.6
      vertex 67.8366 17.9428 2.4
    endloop
  endfacet
  facet normal 0.999082 0.0428488 0
    outer loop
      vertex 67.8366 17.9428 1.6
      vertex 67.8445 17.7586 2.4
      vertex 67.8445 17.7586 1.6
    endloop
  endfacet
  facet normal 0.990834 0.135088 0
    outer loop
      vertex 67.8681 17.5855 2.4
      vertex 67.8445 17.7586 1.6
      vertex 67.8445 17.7586 2.4
    endloop
  endfacet
  facet normal 0.990834 0.135088 0
    outer loop
      vertex 67.8445 17.7586 1.6
      vertex 67.8681 17.5855 2.4
      vertex 67.8681 17.5855 1.6
    endloop
  endfacet
  facet normal 0.971675 0.236321 0
    outer loop
      vertex 67.9075 17.4235 2.4
      vertex 67.8681 17.5855 1.6
      vertex 67.8681 17.5855 2.4
    endloop
  endfacet
  facet normal 0.971675 0.236321 0
    outer loop
      vertex 67.8681 17.5855 1.6
      vertex 67.9075 17.4235 2.4
      vertex 67.9075 17.4235 1.6
    endloop
  endfacet
  facet normal 0.939138 0.343541 0
    outer loop
      vertex 67.9627 17.2726 2.4
      vertex 67.9075 17.4235 1.6
      vertex 67.9075 17.4235 2.4
    endloop
  endfacet
  facet normal 0.939138 0.343541 0
    outer loop
      vertex 67.9075 17.4235 1.6
      vertex 67.9627 17.2726 2.4
      vertex 67.9627 17.2726 1.6
    endloop
  endfacet
  facet normal 0.89173 0.452567 0
    outer loop
      vertex 68.0336 17.1329 2.4
      vertex 67.9627 17.2726 1.6
      vertex 67.9627 17.2726 2.4
    endloop
  endfacet
  facet normal 0.89173 0.452567 0
    outer loop
      vertex 67.9627 17.2726 1.6
      vertex 68.0336 17.1329 2.4
      vertex 68.0336 17.1329 1.6
    endloop
  endfacet
  facet normal 0.829662 0.558265 0
    outer loop
      vertex 68.1202 17.0042 2.4
      vertex 68.0336 17.1329 1.6
      vertex 68.0336 17.1329 2.4
    endloop
  endfacet
  facet normal 0.829662 0.558265 0
    outer loop
      vertex 68.0336 17.1329 1.6
      vertex 68.1202 17.0042 2.4
      vertex 68.1202 17.0042 1.6
    endloop
  endfacet
  facet normal 0.753569 0.657369 0
    outer loop
      vertex 68.2227 16.8867 2.4
      vertex 68.1202 17.0042 1.6
      vertex 68.1202 17.0042 2.4
    endloop
  endfacet
  facet normal 0.753569 0.657369 0
    outer loop
      vertex 68.1202 17.0042 1.6
      vertex 68.2227 16.8867 2.4
      vertex 68.2227 16.8867 1.6
    endloop
  endfacet
  facet normal 0.669446 0.742861 -0
    outer loop
      vertex 68.3421 16.7791 1.6
      vertex 68.2227 16.8867 2.4
      vertex 68.3421 16.7791 2.4
    endloop
  endfacet
  facet normal 0.669446 0.742861 0
    outer loop
      vertex 68.2227 16.8867 2.4
      vertex 68.3421 16.7791 1.6
      vertex 68.2227 16.8867 1.6
    endloop
  endfacet
  facet normal 0.582798 0.812617 -0
    outer loop
      vertex 68.48 16.6802 1.6
      vertex 68.3421 16.7791 2.4
      vertex 68.48 16.6802 2.4
    endloop
  endfacet
  facet normal 0.582798 0.812617 0
    outer loop
      vertex 68.3421 16.7791 2.4
      vertex 68.48 16.6802 1.6
      vertex 68.3421 16.7791 1.6
    endloop
  endfacet
  facet normal 0.50073 0.865603 -0
    outer loop
      vertex 68.6361 16.5899 1.6
      vertex 68.48 16.6802 2.4
      vertex 68.6361 16.5899 2.4
    endloop
  endfacet
  facet normal 0.50073 0.865603 0
    outer loop
      vertex 68.48 16.6802 2.4
      vertex 68.6361 16.5899 1.6
      vertex 68.48 16.6802 1.6
    endloop
  endfacet
  facet normal 0.42317 0.90605 -0
    outer loop
      vertex 68.8106 16.5084 1.6
      vertex 68.6361 16.5899 2.4
      vertex 68.8106 16.5084 2.4
    endloop
  endfacet
  facet normal 0.42317 0.90605 0
    outer loop
      vertex 68.6361 16.5899 2.4
      vertex 68.8106 16.5084 1.6
      vertex 68.6361 16.5899 1.6
    endloop
  endfacet
  facet normal 0.353514 0.935429 -0
    outer loop
      vertex 69.0035 16.4355 1.6
      vertex 68.8106 16.5084 2.4
      vertex 69.0035 16.4355 2.4
    endloop
  endfacet
  facet normal 0.353514 0.935429 0
    outer loop
      vertex 68.8106 16.5084 2.4
      vertex 69.0035 16.4355 1.6
      vertex 68.8106 16.5084 1.6
    endloop
  endfacet
  facet normal 0.290963 0.956734 -0
    outer loop
      vertex 69.2146 16.3713 1.6
      vertex 69.0035 16.4355 2.4
      vertex 69.2146 16.3713 2.4
    endloop
  endfacet
  facet normal 0.290963 0.956734 0
    outer loop
      vertex 69.0035 16.4355 2.4
      vertex 69.2146 16.3713 1.6
      vertex 69.0035 16.4355 1.6
    endloop
  endfacet
  facet normal 0.234958 0.972006 -0
    outer loop
      vertex 69.4442 16.3158 1.6
      vertex 69.2146 16.3713 2.4
      vertex 69.4442 16.3158 2.4
    endloop
  endfacet
  facet normal 0.234958 0.972006 0
    outer loop
      vertex 69.2146 16.3713 2.4
      vertex 69.4442 16.3158 1.6
      vertex 69.2146 16.3713 1.6
    endloop
  endfacet
  facet normal 0.216279 0.976332 -0
    outer loop
      vertex 69.9999 16.1927 1.6
      vertex 69.4442 16.3158 2.4
      vertex 69.9999 16.1927 2.4
    endloop
  endfacet
  facet normal 0.216279 0.976332 0
    outer loop
      vertex 69.4442 16.3158 2.4
      vertex 69.9999 16.1927 1.6
      vertex 69.4442 16.3158 1.6
    endloop
  endfacet
  facet normal 0.229236 0.973371 -0
    outer loop
      vertex 70.1379 16.1602 1.6
      vertex 69.9999 16.1927 2.4
      vertex 70.1379 16.1602 2.4
    endloop
  endfacet
  facet normal 0.229236 0.973371 0
    outer loop
      vertex 69.9999 16.1927 2.4
      vertex 70.1379 16.1602 1.6
      vertex 69.9999 16.1927 1.6
    endloop
  endfacet
  facet normal 0.262395 0.964961 -0
    outer loop
      vertex 70.2622 16.1264 1.6
      vertex 70.1379 16.1602 2.4
      vertex 70.2622 16.1264 2.4
    endloop
  endfacet
  facet normal 0.262395 0.964961 0
    outer loop
      vertex 70.1379 16.1602 2.4
      vertex 70.2622 16.1264 1.6
      vertex 70.1379 16.1602 1.6
    endloop
  endfacet
  facet normal 0.302206 0.953243 -0
    outer loop
      vertex 70.3726 16.0914 1.6
      vertex 70.2622 16.1264 2.4
      vertex 70.3726 16.0914 2.4
    endloop
  endfacet
  facet normal 0.302206 0.953243 0
    outer loop
      vertex 70.2622 16.1264 2.4
      vertex 70.3726 16.0914 1.6
      vertex 70.2622 16.1264 1.6
    endloop
  endfacet
  facet normal 0.350593 0.936528 -0
    outer loop
      vertex 70.4693 16.0552 1.6
      vertex 70.3726 16.0914 2.4
      vertex 70.4693 16.0552 2.4
    endloop
  endfacet
  facet normal 0.350593 0.936528 0
    outer loop
      vertex 70.3726 16.0914 2.4
      vertex 70.4693 16.0552 1.6
      vertex 70.3726 16.0914 1.6
    endloop
  endfacet
  facet normal 0.410821 0.911716 -0
    outer loop
      vertex 70.5523 16.0178 1.6
      vertex 70.4693 16.0552 2.4
      vertex 70.5523 16.0178 2.4
    endloop
  endfacet
  facet normal 0.410821 0.911716 0
    outer loop
      vertex 70.4693 16.0552 2.4
      vertex 70.5523 16.0178 1.6
      vertex 70.4693 16.0552 1.6
    endloop
  endfacet
  facet normal 0.488642 0.872484 -0
    outer loop
      vertex 70.6214 15.9791 1.6
      vertex 70.5523 16.0178 2.4
      vertex 70.6214 15.9791 2.4
    endloop
  endfacet
  facet normal 0.488642 0.872484 0
    outer loop
      vertex 70.5523 16.0178 2.4
      vertex 70.6214 15.9791 1.6
      vertex 70.5523 16.0178 1.6
    endloop
  endfacet
  facet normal 0.58442 0.811451 -0
    outer loop
      vertex 70.6768 15.9392 1.6
      vertex 70.6214 15.9791 2.4
      vertex 70.6768 15.9392 2.4
    endloop
  endfacet
  facet normal 0.58442 0.811451 0
    outer loop
      vertex 70.6214 15.9791 2.4
      vertex 70.6768 15.9392 1.6
      vertex 70.6214 15.9791 1.6
    endloop
  endfacet
  facet normal 0.690017 0.723794 -0
    outer loop
      vertex 70.7218 15.8963 1.6
      vertex 70.6768 15.9392 2.4
      vertex 70.7218 15.8963 2.4
    endloop
  endfacet
  facet normal 0.690017 0.723794 0
    outer loop
      vertex 70.6768 15.9392 2.4
      vertex 70.7218 15.8963 1.6
      vertex 70.6768 15.9392 1.6
    endloop
  endfacet
  facet normal 0.781348 0.624096 0
    outer loop
      vertex 70.7599 15.8486 2.4
      vertex 70.7218 15.8963 1.6
      vertex 70.7218 15.8963 2.4
    endloop
  endfacet
  facet normal 0.781348 0.624096 0
    outer loop
      vertex 70.7218 15.8963 1.6
      vertex 70.7599 15.8486 2.4
      vertex 70.7599 15.8486 1.6
    endloop
  endfacet
  facet normal 0.860504 0.509444 0
    outer loop
      vertex 70.7911 15.7959 2.4
      vertex 70.7599 15.8486 1.6
      vertex 70.7599 15.8486 2.4
    endloop
  endfacet
  facet normal 0.860504 0.509444 0
    outer loop
      vertex 70.7599 15.8486 1.6
      vertex 70.7911 15.7959 2.4
      vertex 70.7911 15.7959 1.6
    endloop
  endfacet
  facet normal 0.921696 0.387914 0
    outer loop
      vertex 70.8153 15.7384 2.4
      vertex 70.7911 15.7959 1.6
      vertex 70.7911 15.7959 2.4
    endloop
  endfacet
  facet normal 0.921696 0.387914 0
    outer loop
      vertex 70.7911 15.7959 1.6
      vertex 70.8153 15.7384 2.4
      vertex 70.8153 15.7384 1.6
    endloop
  endfacet
  facet normal 0.96354 0.267564 0
    outer loop
      vertex 70.8326 15.6761 2.4
      vertex 70.8153 15.7384 1.6
      vertex 70.8153 15.7384 2.4
    endloop
  endfacet
  facet normal 0.96354 0.267564 0
    outer loop
      vertex 70.8153 15.7384 1.6
      vertex 70.8326 15.6761 2.4
      vertex 70.8326 15.6761 1.6
    endloop
  endfacet
  facet normal 0.98827 0.152719 0
    outer loop
      vertex 70.843 15.6088 2.4
      vertex 70.8326 15.6761 1.6
      vertex 70.8326 15.6761 2.4
    endloop
  endfacet
  facet normal 0.98827 0.152719 0
    outer loop
      vertex 70.8326 15.6761 1.6
      vertex 70.843 15.6088 2.4
      vertex 70.843 15.6088 1.6
    endloop
  endfacet
  facet normal 0.998824 0.0484866 0
    outer loop
      vertex 70.8465 15.5367 2.4
      vertex 70.843 15.6088 1.6
      vertex 70.843 15.6088 2.4
    endloop
  endfacet
  facet normal 0.998824 0.0484866 0
    outer loop
      vertex 70.843 15.6088 1.6
      vertex 70.8465 15.5367 2.4
      vertex 70.8465 15.5367 1.6
    endloop
  endfacet
  facet normal 0.997994 -0.0633056 0
    outer loop
      vertex 70.8414 15.4563 2.4
      vertex 70.8465 15.5367 1.6
      vertex 70.8465 15.5367 2.4
    endloop
  endfacet
  facet normal 0.997994 -0.0633056 0
    outer loop
      vertex 70.8465 15.5367 1.6
      vertex 70.8414 15.4563 2.4
      vertex 70.8414 15.4563 1.6
    endloop
  endfacet
  facet normal 0.979715 -0.200396 0
    outer loop
      vertex 70.8261 15.3815 2.4
      vertex 70.8414 15.4563 1.6
      vertex 70.8414 15.4563 2.4
    endloop
  endfacet
  facet normal 0.979715 -0.200396 0
    outer loop
      vertex 70.8414 15.4563 1.6
      vertex 70.8261 15.3815 2.4
      vertex 70.8261 15.3815 1.6
    endloop
  endfacet
  facet normal 0.938643 -0.34489 0
    outer loop
      vertex 70.8006 15.3121 2.4
      vertex 70.8261 15.3815 1.6
      vertex 70.8261 15.3815 2.4
    endloop
  endfacet
  facet normal 0.938643 -0.34489 0
    outer loop
      vertex 70.8261 15.3815 1.6
      vertex 70.8006 15.3121 2.4
      vertex 70.8006 15.3121 1.6
    endloop
  endfacet
  facet normal 0.872995 -0.487729 0
    outer loop
      vertex 70.7649 15.2482 2.4
      vertex 70.8006 15.3121 1.6
      vertex 70.8006 15.3121 2.4
    endloop
  endfacet
  facet normal 0.872995 -0.487729 0
    outer loop
      vertex 70.8006 15.3121 1.6
      vertex 70.7649 15.2482 2.4
      vertex 70.7649 15.2482 1.6
    endloop
  endfacet
  facet normal 0.786225 -0.61794 0
    outer loop
      vertex 70.719 15.1898 2.4
      vertex 70.7649 15.2482 1.6
      vertex 70.7649 15.2482 2.4
    endloop
  endfacet
  facet normal 0.786225 -0.61794 0
    outer loop
      vertex 70.7649 15.2482 1.6
      vertex 70.719 15.1898 2.4
      vertex 70.719 15.1898 1.6
    endloop
  endfacet
  facet normal 0.686738 -0.726905 0
    outer loop
      vertex 70.6629 15.1368 1.6
      vertex 70.719 15.1898 2.4
      vertex 70.6629 15.1368 2.4
    endloop
  endfacet
  facet normal 0.686738 -0.726905 0
    outer loop
      vertex 70.719 15.1898 2.4
      vertex 70.6629 15.1368 1.6
      vertex 70.719 15.1898 1.6
    endloop
  endfacet
  facet normal 0.582397 -0.812904 0
    outer loop
      vertex 70.5966 15.0893 1.6
      vertex 70.6629 15.1368 2.4
      vertex 70.5966 15.0893 2.4
    endloop
  endfacet
  facet normal 0.582397 -0.812904 0
    outer loop
      vertex 70.6629 15.1368 2.4
      vertex 70.5966 15.0893 1.6
      vertex 70.6629 15.1368 1.6
    endloop
  endfacet
  facet normal 0.479743 -0.877409 0
    outer loop
      vertex 70.5207 15.0478 1.6
      vertex 70.5966 15.0893 2.4
      vertex 70.5207 15.0478 2.4
    endloop
  endfacet
  facet normal 0.479743 -0.877409 0
    outer loop
      vertex 70.5966 15.0893 2.4
      vertex 70.5207 15.0478 1.6
      vertex 70.5966 15.0893 1.6
    endloop
  endfacet
  facet normal 0.382992 -0.923752 0
    outer loop
      vertex 70.4358 15.0126 1.6
      vertex 70.5207 15.0478 2.4
      vertex 70.4358 15.0126 2.4
    endloop
  endfacet
  facet normal 0.382992 -0.923752 0
    outer loop
      vertex 70.5207 15.0478 2.4
      vertex 70.4358 15.0126 1.6
      vertex 70.5207 15.0478 1.6
    endloop
  endfacet
  facet normal 0.292581 -0.956241 0
    outer loop
      vertex 70.342 14.9839 1.6
      vertex 70.4358 15.0126 2.4
      vertex 70.342 14.9839 2.4
    endloop
  endfacet
  facet normal 0.292581 -0.956241 0
    outer loop
      vertex 70.4358 15.0126 2.4
      vertex 70.342 14.9839 1.6
      vertex 70.4358 15.0126 1.6
    endloop
  endfacet
  facet normal 0.212903 -0.977073 0
    outer loop
      vertex 70.2392 14.9615 1.6
      vertex 70.342 14.9839 2.4
      vertex 70.2392 14.9615 2.4
    endloop
  endfacet
  facet normal 0.212903 -0.977073 0
    outer loop
      vertex 70.342 14.9839 2.4
      vertex 70.2392 14.9615 1.6
      vertex 70.342 14.9839 1.6
    endloop
  endfacet
  facet normal 0.140801 -0.990038 0
    outer loop
      vertex 70.1274 14.9456 1.6
      vertex 70.2392 14.9615 2.4
      vertex 70.1274 14.9456 2.4
    endloop
  endfacet
  facet normal 0.140801 -0.990038 0
    outer loop
      vertex 70.2392 14.9615 2.4
      vertex 70.1274 14.9456 1.6
      vertex 70.2392 14.9615 1.6
    endloop
  endfacet
  facet normal 0.0792204 -0.996857 0
    outer loop
      vertex 70.0066 14.936 1.6
      vertex 70.1274 14.9456 2.4
      vertex 70.0066 14.936 2.4
    endloop
  endfacet
  facet normal 0.0792204 -0.996857 0
    outer loop
      vertex 70.1274 14.9456 2.4
      vertex 70.0066 14.936 1.6
      vertex 70.1274 14.9456 1.6
    endloop
  endfacet
  facet normal 0.0246458 -0.999696 0
    outer loop
      vertex 69.8768 14.9328 1.6
      vertex 70.0066 14.936 2.4
      vertex 69.8768 14.9328 2.4
    endloop
  endfacet
  facet normal 0.0246458 -0.999696 0
    outer loop
      vertex 70.0066 14.936 2.4
      vertex 69.8768 14.9328 1.6
      vertex 70.0066 14.936 1.6
    endloop
  endfacet
  facet normal -0.0218157 -0.999762 0
    outer loop
      vertex 69.7439 14.9357 1.6
      vertex 69.8768 14.9328 2.4
      vertex 69.7439 14.9357 2.4
    endloop
  endfacet
  facet normal -0.0218157 -0.999762 -0
    outer loop
      vertex 69.8768 14.9328 2.4
      vertex 69.7439 14.9357 1.6
      vertex 69.8768 14.9328 1.6
    endloop
  endfacet
  facet normal -0.0653847 -0.99786 0
    outer loop
      vertex 69.6096 14.9445 1.6
      vertex 69.7439 14.9357 2.4
      vertex 69.6096 14.9445 2.4
    endloop
  endfacet
  facet normal -0.0653847 -0.99786 -0
    outer loop
      vertex 69.7439 14.9357 2.4
      vertex 69.6096 14.9445 1.6
      vertex 69.7439 14.9357 1.6
    endloop
  endfacet
  facet normal -0.107697 -0.994184 0
    outer loop
      vertex 69.4739 14.9592 1.6
      vertex 69.6096 14.9445 2.4
      vertex 69.4739 14.9592 2.4
    endloop
  endfacet
  facet normal -0.107697 -0.994184 -0
    outer loop
      vertex 69.6096 14.9445 2.4
      vertex 69.4739 14.9592 1.6
      vertex 69.6096 14.9445 1.6
    endloop
  endfacet
  facet normal -0.147071 -0.989126 0
    outer loop
      vertex 69.3367 14.9796 1.6
      vertex 69.4739 14.9592 2.4
      vertex 69.3367 14.9796 2.4
    endloop
  endfacet
  facet normal -0.147071 -0.989126 -0
    outer loop
      vertex 69.4739 14.9592 2.4
      vertex 69.3367 14.9796 1.6
      vertex 69.4739 14.9592 1.6
    endloop
  endfacet
  facet normal -0.186982 -0.982363 0
    outer loop
      vertex 69.198 15.006 1.6
      vertex 69.3367 14.9796 2.4
      vertex 69.198 15.006 2.4
    endloop
  endfacet
  facet normal -0.186982 -0.982363 -0
    outer loop
      vertex 69.3367 14.9796 2.4
      vertex 69.198 15.006 1.6
      vertex 69.3367 14.9796 1.6
    endloop
  endfacet
  facet normal -0.223996 -0.97459 0
    outer loop
      vertex 69.0579 15.0382 1.6
      vertex 69.198 15.006 2.4
      vertex 69.0579 15.0382 2.4
    endloop
  endfacet
  facet normal -0.223996 -0.97459 -0
    outer loop
      vertex 69.198 15.006 2.4
      vertex 69.0579 15.0382 1.6
      vertex 69.198 15.006 1.6
    endloop
  endfacet
  facet normal -0.259998 -0.965609 0
    outer loop
      vertex 68.9164 15.0763 1.6
      vertex 69.0579 15.0382 2.4
      vertex 68.9164 15.0763 2.4
    endloop
  endfacet
  facet normal -0.259998 -0.965609 -0
    outer loop
      vertex 69.0579 15.0382 2.4
      vertex 68.9164 15.0763 1.6
      vertex 69.0579 15.0382 1.6
    endloop
  endfacet
  facet normal -0.292864 -0.956154 0
    outer loop
      vertex 68.7734 15.1201 1.6
      vertex 68.9164 15.0763 2.4
      vertex 68.7734 15.1201 2.4
    endloop
  endfacet
  facet normal -0.292864 -0.956154 -0
    outer loop
      vertex 68.9164 15.0763 2.4
      vertex 68.7734 15.1201 1.6
      vertex 68.9164 15.0763 1.6
    endloop
  endfacet
  facet normal -0.32486 -0.945762 0
    outer loop
      vertex 68.629 15.1697 1.6
      vertex 68.7734 15.1201 2.4
      vertex 68.629 15.1697 2.4
    endloop
  endfacet
  facet normal -0.32486 -0.945762 -0
    outer loop
      vertex 68.7734 15.1201 2.4
      vertex 68.629 15.1697 1.6
      vertex 68.7734 15.1201 1.6
    endloop
  endfacet
  facet normal -0.353862 -0.935298 0
    outer loop
      vertex 68.4831 15.2249 1.6
      vertex 68.629 15.1697 2.4
      vertex 68.4831 15.2249 2.4
    endloop
  endfacet
  facet normal -0.353862 -0.935298 -0
    outer loop
      vertex 68.629 15.1697 2.4
      vertex 68.4831 15.2249 1.6
      vertex 68.629 15.1697 1.6
    endloop
  endfacet
  facet normal -0.38261 -0.92391 0
    outer loop
      vertex 68.3358 15.2859 1.6
      vertex 68.4831 15.2249 2.4
      vertex 68.3358 15.2859 2.4
    endloop
  endfacet
  facet normal -0.38261 -0.92391 -0
    outer loop
      vertex 68.4831 15.2249 2.4
      vertex 68.3358 15.2859 1.6
      vertex 68.4831 15.2249 1.6
    endloop
  endfacet
  facet normal -0.409038 -0.912517 0
    outer loop
      vertex 68.187 15.3526 1.6
      vertex 68.3358 15.2859 2.4
      vertex 68.187 15.3526 2.4
    endloop
  endfacet
  facet normal -0.409038 -0.912517 -0
    outer loop
      vertex 68.3358 15.2859 2.4
      vertex 68.187 15.3526 1.6
      vertex 68.3358 15.2859 1.6
    endloop
  endfacet
  facet normal -0.434212 -0.900811 0
    outer loop
      vertex 68.0368 15.425 1.6
      vertex 68.187 15.3526 2.4
      vertex 68.0368 15.425 2.4
    endloop
  endfacet
  facet normal -0.434212 -0.900811 -0
    outer loop
      vertex 68.187 15.3526 2.4
      vertex 68.0368 15.425 1.6
      vertex 68.187 15.3526 1.6
    endloop
  endfacet
  facet normal -0.457269 -0.889329 0
    outer loop
      vertex 67.8851 15.503 1.6
      vertex 68.0368 15.425 2.4
      vertex 67.8851 15.503 2.4
    endloop
  endfacet
  facet normal -0.457269 -0.889329 -0
    outer loop
      vertex 68.0368 15.425 2.4
      vertex 67.8851 15.503 1.6
      vertex 68.0368 15.425 1.6
    endloop
  endfacet
  facet normal 1 -0 0
    outer loop
      vertex 67.8851 14.2905 2.4
      vertex 67.8851 15.503 1.6
      vertex 67.8851 15.503 2.4
    endloop
  endfacet
  facet normal 1 0 0
    outer loop
      vertex 67.8851 15.503 1.6
      vertex 67.8851 14.2905 2.4
      vertex 67.8851 14.2905 1.6
    endloop
  endfacet
  facet normal 0.337275 0.941406 -0
    outer loop
      vertex 68.0375 14.2359 1.6
      vertex 67.8851 14.2905 2.4
      vertex 68.0375 14.2359 2.4
    endloop
  endfacet
  facet normal 0.337275 0.941406 0
    outer loop
      vertex 67.8851 14.2905 2.4
      vertex 68.0375 14.2359 1.6
      vertex 67.8851 14.2905 1.6
    endloop
  endfacet
  facet normal 0.315107 0.949056 -0
    outer loop
      vertex 68.1899 14.1853 1.6
      vertex 68.0375 14.2359 2.4
      vertex 68.1899 14.1853 2.4
    endloop
  endfacet
  facet normal 0.315107 0.949056 0
    outer loop
      vertex 68.0375 14.2359 2.4
      vertex 68.1899 14.1853 1.6
      vertex 68.0375 14.2359 1.6
    endloop
  endfacet
  facet normal 0.292984 0.956117 -0
    outer loop
      vertex 68.3423 14.1386 1.6
      vertex 68.1899 14.1853 2.4
      vertex 68.3423 14.1386 2.4
    endloop
  endfacet
  facet normal 0.292984 0.956117 0
    outer loop
      vertex 68.1899 14.1853 2.4
      vertex 68.3423 14.1386 1.6
      vertex 68.1899 14.1853 1.6
    endloop
  endfacet
  facet normal 0.269794 0.962918 -0
    outer loop
      vertex 68.4947 14.0959 1.6
      vertex 68.3423 14.1386 2.4
      vertex 68.4947 14.0959 2.4
    endloop
  endfacet
  facet normal 0.269794 0.962918 0
    outer loop
      vertex 68.3423 14.1386 2.4
      vertex 68.4947 14.0959 1.6
      vertex 68.3423 14.1386 1.6
    endloop
  endfacet
  facet normal 0.246277 0.969199 -0
    outer loop
      vertex 68.647 14.0572 1.6
      vertex 68.4947 14.0959 2.4
      vertex 68.647 14.0572 2.4
    endloop
  endfacet
  facet normal 0.246277 0.969199 0
    outer loop
      vertex 68.4947 14.0959 2.4
      vertex 68.647 14.0572 1.6
      vertex 68.4947 14.0959 1.6
    endloop
  endfacet
  facet normal 0.222008 0.975045 -0
    outer loop
      vertex 68.7994 14.0225 1.6
      vertex 68.647 14.0572 2.4
      vertex 68.7994 14.0225 2.4
    endloop
  endfacet
  facet normal 0.222008 0.975045 0
    outer loop
      vertex 68.647 14.0572 2.4
      vertex 68.7994 14.0225 1.6
      vertex 68.647 14.0572 1.6
    endloop
  endfacet
  facet normal 0.198095 0.980183 -0
    outer loop
      vertex 68.9518 13.9917 1.6
      vertex 68.7994 14.0225 2.4
      vertex 68.9518 13.9917 2.4
    endloop
  endfacet
  facet normal 0.198095 0.980183 0
    outer loop
      vertex 68.7994 14.0225 2.4
      vertex 68.9518 13.9917 1.6
      vertex 68.7994 14.0225 1.6
    endloop
  endfacet
  facet normal 0.172678 0.984978 -0
    outer loop
      vertex 69.1041 13.965 1.6
      vertex 68.9518 13.9917 2.4
      vertex 69.1041 13.965 2.4
    endloop
  endfacet
  facet normal 0.172678 0.984978 0
    outer loop
      vertex 68.9518 13.9917 2.4
      vertex 69.1041 13.965 1.6
      vertex 68.9518 13.9917 1.6
    endloop
  endfacet
  facet normal 0.147514 0.98906 -0
    outer loop
      vertex 69.2563 13.9423 1.6
      vertex 69.1041 13.965 2.4
      vertex 69.2563 13.9423 2.4
    endloop
  endfacet
  facet normal 0.147514 0.98906 0
    outer loop
      vertex 69.1041 13.965 2.4
      vertex 69.2563 13.9423 1.6
      vertex 69.1041 13.965 1.6
    endloop
  endfacet
  facet normal 0.120819 0.992675 -0
    outer loop
      vertex 69.4083 13.9238 1.6
      vertex 69.2563 13.9423 2.4
      vertex 69.4083 13.9238 2.4
    endloop
  endfacet
  facet normal 0.120819 0.992675 0
    outer loop
      vertex 69.2563 13.9423 2.4
      vertex 69.4083 13.9238 1.6
      vertex 69.2563 13.9423 1.6
    endloop
  endfacet
  facet normal 0.0943761 0.995537 -0
    outer loop
      vertex 69.5602 13.9094 1.6
      vertex 69.4083 13.9238 2.4
      vertex 69.5602 13.9094 2.4
    endloop
  endfacet
  facet normal 0.0943761 0.995537 0
    outer loop
      vertex 69.4083 13.9238 2.4
      vertex 69.5602 13.9094 1.6
      vertex 69.4083 13.9238 1.6
    endloop
  endfacet
  facet normal 0.0677857 0.9977 -0
    outer loop
      vertex 69.7118 13.8991 1.6
      vertex 69.5602 13.9094 2.4
      vertex 69.7118 13.8991 2.4
    endloop
  endfacet
  facet normal 0.0677857 0.9977 0
    outer loop
      vertex 69.5602 13.9094 2.4
      vertex 69.7118 13.8991 1.6
      vertex 69.5602 13.9094 1.6
    endloop
  endfacet
  facet normal 0.0408629 0.999165 -0
    outer loop
      vertex 69.8634 13.8929 1.6
      vertex 69.7118 13.8991 2.4
      vertex 69.8634 13.8929 2.4
    endloop
  endfacet
  facet normal 0.0408629 0.999165 0
    outer loop
      vertex 69.7118 13.8991 2.4
      vertex 69.8634 13.8929 1.6
      vertex 69.7118 13.8991 1.6
    endloop
  endfacet
  facet normal 0.0132089 0.999913 -0
    outer loop
      vertex 70.0148 13.8909 1.6
      vertex 69.8634 13.8929 2.4
      vertex 70.0148 13.8909 2.4
    endloop
  endfacet
  facet normal 0.0132089 0.999913 0
    outer loop
      vertex 69.8634 13.8929 2.4
      vertex 70.0148 13.8909 1.6
      vertex 69.8634 13.8929 1.6
    endloop
  endfacet
  facet normal -0.0297603 0.999557 0
    outer loop
      vertex 70.3238 13.9001 1.6
      vertex 70.0148 13.8909 2.4
      vertex 70.3238 13.9001 2.4
    endloop
  endfacet
  facet normal -0.0297603 0.999557 0
    outer loop
      vertex 70.0148 13.8909 2.4
      vertex 70.3238 13.9001 1.6
      vertex 70.0148 13.8909 1.6
    endloop
  endfacet
  facet normal 0 1 -0
    outer loop
      vertex 35.7303 15.0137 1.6
      vertex 33.485 15.0137 2.4
      vertex 35.7303 15.0137 2.4
    endloop
  endfacet
  facet normal 0 1 0
    outer loop
      vertex 33.485 15.0137 2.4
      vertex 35.7303 15.0137 1.6
      vertex 33.485 15.0137 1.6
    endloop
  endfacet
  facet normal 0.9451 0.326781 0
    outer loop
      vertex 36.0808 14 2.4
      vertex 35.7303 15.0137 1.6
      vertex 35.7303 15.0137 2.4
    endloop
  endfacet
  facet normal 0.9451 0.326781 0
    outer loop
      vertex 35.7303 15.0137 1.6
      vertex 36.0808 14 2.4
      vertex 36.0808 14 1.6
    endloop
  endfacet
  facet normal 0 1 -0
    outer loop
      vertex 37.5243 14 1.6
      vertex 36.0808 14 2.4
      vertex 37.5243 14 2.4
    endloop
  endfacet
  facet normal 0 1 0
    outer loop
      vertex 36.0808 14 2.4
      vertex 37.5243 14 1.6
      vertex 36.0808 14 1.6
    endloop
  endfacet
  facet normal -0.93774 -0.347337 0
    outer loop
      vertex 37.5243 14 1.6
      vertex 35.4617 19.5686 2.4
      vertex 35.4617 19.5686 1.6
    endloop
  endfacet
  facet normal -0.93774 -0.347337 0
    outer loop
      vertex 35.4617 19.5686 2.4
      vertex 37.5243 14 1.6
      vertex 37.5243 14 2.4
    endloop
  endfacet
  facet normal 0 -1 0
    outer loop
      vertex 33.7498 19.5686 1.6
      vertex 35.4617 19.5686 2.4
      vertex 33.7498 19.5686 2.4
    endloop
  endfacet
  facet normal 0 -1 -0
    outer loop
      vertex 35.4617 19.5686 2.4
      vertex 33.7498 19.5686 1.6
      vertex 35.4617 19.5686 1.6
    endloop
  endfacet
  facet normal 0.937746 -0.347323 0
    outer loop
      vertex 31.6873 14 2.4
      vertex 33.7498 19.5686 1.6
      vertex 33.7498 19.5686 2.4
    endloop
  endfacet
  facet normal 0.937746 -0.347323 0
    outer loop
      vertex 33.7498 19.5686 1.6
      vertex 31.6873 14 2.4
      vertex 31.6873 14 1.6
    endloop
  endfacet
  facet normal 0 1 -0
    outer loop
      vertex 33.1307 14 1.6
      vertex 31.6873 14 2.4
      vertex 33.1307 14 2.4
    endloop
  endfacet
  facet normal 0 1 0
    outer loop
      vertex 31.6873 14 2.4
      vertex 33.1307 14 1.6
      vertex 31.6873 14 1.6
    endloop
  endfacet
  facet normal -0.944002 0.32994 0
    outer loop
      vertex 33.1307 14 1.6
      vertex 33.485 15.0137 2.4
      vertex 33.485 15.0137 1.6
    endloop
  endfacet
  facet normal -0.944002 0.32994 0
    outer loop
      vertex 33.485 15.0137 2.4
      vertex 33.1307 14 1.6
      vertex 33.1307 14 2.4
    endloop
  endfacet
  facet normal -0.945275 0.326273 0
    outer loop
      vertex 33.8431 16.0486 1.6
      vertex 34.6076 18.2635 2.4
      vertex 34.6076 18.2635 1.6
    endloop
  endfacet
  facet normal -0.945275 0.326273 0
    outer loop
      vertex 34.6076 18.2635 2.4
      vertex 33.8431 16.0486 1.6
      vertex 33.8431 16.0486 2.4
    endloop
  endfacet
  facet normal 0.945749 0.3249 0
    outer loop
      vertex 35.3685 16.0486 2.4
      vertex 34.6076 18.2635 1.6
      vertex 34.6076 18.2635 2.4
    endloop
  endfacet
  facet normal 0.945749 0.3249 0
    outer loop
      vertex 34.6076 18.2635 1.6
      vertex 35.3685 16.0486 2.4
      vertex 35.3685 16.0486 1.6
    endloop
  endfacet
  facet normal 0 -1 0
    outer loop
      vertex 33.8431 16.0486 1.6
      vertex 35.3685 16.0486 2.4
      vertex 33.8431 16.0486 2.4
    endloop
  endfacet
  facet normal 0 -1 -0
    outer loop
      vertex 35.3685 16.0486 2.4
      vertex 33.8431 16.0486 1.6
      vertex 35.3685 16.0486 1.6
    endloop
  endfacet
  facet normal -0.0346991 0.999398 0
    outer loop
      vertex 40.3038 14.0148 1.6
      vertex 39.9841 14.0037 2.4
      vertex 40.3038 14.0148 2.4
    endloop
  endfacet
  facet normal -0.0346991 0.999398 0
    outer loop
      vertex 39.9841 14.0037 2.4
      vertex 40.3038 14.0148 1.6
      vertex 39.9841 14.0037 1.6
    endloop
  endfacet
  facet normal -0.0624417 0.998049 0
    outer loop
      vertex 40.5979 14.0332 1.6
      vertex 40.3038 14.0148 2.4
      vertex 40.5979 14.0332 2.4
    endloop
  endfacet
  facet normal -0.0624417 0.998049 0
    outer loop
      vertex 40.3038 14.0148 2.4
      vertex 40.5979 14.0332 1.6
      vertex 40.3038 14.0148 1.6
    endloop
  endfacet
  facet normal -0.0960161 0.99538 0
    outer loop
      vertex 40.8664 14.0591 1.6
      vertex 40.5979 14.0332 2.4
      vertex 40.8664 14.0591 2.4
    endloop
  endfacet
  facet normal -0.0960161 0.99538 0
    outer loop
      vertex 40.5979 14.0332 2.4
      vertex 40.8664 14.0591 1.6
      vertex 40.5979 14.0332 1.6
    endloop
  endfacet
  facet normal -0.135368 0.990795 0
    outer loop
      vertex 41.1094 14.0923 1.6
      vertex 40.8664 14.0591 2.4
      vertex 41.1094 14.0923 2.4
    endloop
  endfacet
  facet normal -0.135368 0.990795 0
    outer loop
      vertex 40.8664 14.0591 2.4
      vertex 41.1094 14.0923 1.6
      vertex 40.8664 14.0591 1.6
    endloop
  endfacet
  facet normal -0.183579 0.983005 0
    outer loop
      vertex 41.3268 14.1329 1.6
      vertex 41.1094 14.0923 2.4
      vertex 41.3268 14.1329 2.4
    endloop
  endfacet
  facet normal -0.183579 0.983005 0
    outer loop
      vertex 41.1094 14.0923 2.4
      vertex 41.3268 14.1329 1.6
      vertex 41.1094 14.0923 1.6
    endloop
  endfacet
  facet normal -0.242774 0.970083 0
    outer loop
      vertex 41.5186 14.1809 1.6
      vertex 41.3268 14.1329 2.4
      vertex 41.5186 14.1809 2.4
    endloop
  endfacet
  facet normal -0.242774 0.970083 0
    outer loop
      vertex 41.3268 14.1329 2.4
      vertex 41.5186 14.1809 1.6
      vertex 41.3268 14.1329 1.6
    endloop
  endfacet
  facet normal -0.308239 0.951309 0
    outer loop
      vertex 41.6939 14.2377 1.6
      vertex 41.5186 14.1809 2.4
      vertex 41.6939 14.2377 2.4
    endloop
  endfacet
  facet normal -0.308239 0.951309 0
    outer loop
      vertex 41.5186 14.1809 2.4
      vertex 41.6939 14.2377 1.6
      vertex 41.5186 14.1809 1.6
    endloop
  endfacet
  facet normal -0.370724 0.928743 0
    outer loop
      vertex 41.862 14.3048 1.6
      vertex 41.6939 14.2377 2.4
      vertex 41.862 14.3048 2.4
    endloop
  endfacet
  facet normal -0.370724 0.928743 0
    outer loop
      vertex 41.6939 14.2377 2.4
      vertex 41.862 14.3048 1.6
      vertex 41.6939 14.2377 1.6
    endloop
  endfacet
  facet normal -0.433715 0.90105 0
    outer loop
      vertex 42.0228 14.3822 1.6
      vertex 41.862 14.3048 2.4
      vertex 42.0228 14.3822 2.4
    endloop
  endfacet
  facet normal -0.433715 0.90105 0
    outer loop
      vertex 41.862 14.3048 2.4
      vertex 42.0228 14.3822 1.6
      vertex 41.862 14.3048 1.6
    endloop
  endfacet
  facet normal -0.495895 0.868382 0
    outer loop
      vertex 42.1762 14.4698 1.6
      vertex 42.0228 14.3822 2.4
      vertex 42.1762 14.4698 2.4
    endloop
  endfacet
  facet normal -0.495895 0.868382 0
    outer loop
      vertex 42.0228 14.3822 2.4
      vertex 42.1762 14.4698 1.6
      vertex 42.0228 14.3822 1.6
    endloop
  endfacet
  facet normal -0.556796 0.830649 0
    outer loop
      vertex 42.3224 14.5678 1.6
      vertex 42.1762 14.4698 2.4
      vertex 42.3224 14.5678 2.4
    endloop
  endfacet
  facet normal -0.556796 0.830649 0
    outer loop
      vertex 42.1762 14.4698 2.4
      vertex 42.3224 14.5678 1.6
      vertex 42.1762 14.4698 1.6
    endloop
  endfacet
  facet normal -0.614806 0.788679 0
    outer loop
      vertex 42.4612 14.676 1.6
      vertex 42.3224 14.5678 2.4
      vertex 42.4612 14.676 2.4
    endloop
  endfacet
  facet normal -0.614806 0.788679 0
    outer loop
      vertex 42.3224 14.5678 2.4
      vertex 42.4612 14.676 1.6
      vertex 42.3224 14.5678 1.6
    endloop
  endfacet
  facet normal -0.669433 0.742873 0
    outer loop
      vertex 42.5927 14.7945 1.6
      vertex 42.4612 14.676 2.4
      vertex 42.5927 14.7945 2.4
    endloop
  endfacet
  facet normal -0.669433 0.742873 0
    outer loop
      vertex 42.4612 14.676 2.4
      vertex 42.5927 14.7945 1.6
      vertex 42.4612 14.676 1.6
    endloop
  endfacet
  facet normal -0.714213 0.699929 0
    outer loop
      vertex 42.5927 14.7945 1.6
      vertex 42.7005 14.9045 2.4
      vertex 42.7005 14.9045 1.6
    endloop
  endfacet
  facet normal -0.714213 0.699929 0
    outer loop
      vertex 42.7005 14.9045 2.4
      vertex 42.5927 14.7945 1.6
      vertex 42.5927 14.7945 2.4
    endloop
  endfacet
  facet normal -0.755342 0.655331 0
    outer loop
      vertex 42.7005 14.9045 1.6
      vertex 42.8001 15.0193 2.4
      vertex 42.8001 15.0193 1.6
    endloop
  endfacet
  facet normal -0.755342 0.655331 0
    outer loop
      vertex 42.8001 15.0193 2.4
      vertex 42.7005 14.9045 1.6
      vertex 42.7005 14.9045 2.4
    endloop
  endfacet
  facet normal -0.794867 0.606784 0
    outer loop
      vertex 42.8001 15.0193 1.6
      vertex 42.8914 15.1389 2.4
      vertex 42.8914 15.1389 1.6
    endloop
  endfacet
  facet normal -0.794867 0.606784 0
    outer loop
      vertex 42.8914 15.1389 2.4
      vertex 42.8001 15.0193 1.6
      vertex 42.8001 15.0193 2.4
    endloop
  endfacet
  facet normal -0.831536 0.555471 0
    outer loop
      vertex 42.8914 15.1389 1.6
      vertex 42.9745 15.2633 2.4
      vertex 42.9745 15.2633 1.6
    endloop
  endfacet
  facet normal -0.831536 0.555471 0
    outer loop
      vertex 42.9745 15.2633 2.4
      vertex 42.8914 15.1389 1.6
      vertex 42.8914 15.1389 2.4
    endloop
  endfacet
  facet normal -0.865136 0.501538 0
    outer loop
      vertex 42.9745 15.2633 1.6
      vertex 43.0494 15.3925 2.4
      vertex 43.0494 15.3925 1.6
    endloop
  endfacet
  facet normal -0.865136 0.501538 0
    outer loop
      vertex 43.0494 15.3925 2.4
      vertex 42.9745 15.2633 1.6
      vertex 42.9745 15.2633 2.4
    endloop
  endfacet
  facet normal -0.895227 0.445609 0
    outer loop
      vertex 43.0494 15.3925 1.6
      vertex 43.1161 15.5265 2.4
      vertex 43.1161 15.5265 1.6
    endloop
  endfacet
  facet normal -0.895227 0.445609 0
    outer loop
      vertex 43.1161 15.5265 2.4
      vertex 43.0494 15.3925 1.6
      vertex 43.0494 15.3925 2.4
    endloop
  endfacet
  facet normal -0.921735 0.387819 0
    outer loop
      vertex 43.1161 15.5265 1.6
      vertex 43.1745 15.6653 2.4
      vertex 43.1745 15.6653 1.6
    endloop
  endfacet
  facet normal -0.921735 0.387819 0
    outer loop
      vertex 43.1745 15.6653 2.4
      vertex 43.1161 15.5265 1.6
      vertex 43.1161 15.5265 2.4
    endloop
  endfacet
  facet normal -0.943654 0.330934 0
    outer loop
      vertex 43.1745 15.6653 1.6
      vertex 43.225 15.8093 2.4
      vertex 43.225 15.8093 1.6
    endloop
  endfacet
  facet normal -0.943654 0.330934 0
    outer loop
      vertex 43.225 15.8093 2.4
      vertex 43.1745 15.6653 1.6
      vertex 43.1745 15.6653 2.4
    endloop
  endfacet
  facet normal -0.961597 0.274466 0
    outer loop
      vertex 43.225 15.8093 1.6
      vertex 43.2677 15.9589 2.4
      vertex 43.2677 15.9589 1.6
    endloop
  endfacet
  facet normal -0.961597 0.274466 0
    outer loop
      vertex 43.2677 15.9589 2.4
      vertex 43.225 15.8093 1.6
      vertex 43.225 15.8093 2.4
    endloop
  endfacet
  facet normal -0.975606 0.219527 0
    outer loop
      vertex 43.2677 15.9589 1.6
      vertex 43.3026 16.114 2.4
      vertex 43.3026 16.114 1.6
    endloop
  endfacet
  facet normal -0.975606 0.219527 0
    outer loop
      vertex 43.3026 16.114 2.4
      vertex 43.2677 15.9589 1.6
      vertex 43.2677 15.9589 2.4
    endloop
  endfacet
  facet normal -0.985959 0.166987 0
    outer loop
      vertex 43.3026 16.114 1.6
      vertex 43.3298 16.2746 2.4
      vertex 43.3298 16.2746 1.6
    endloop
  endfacet
  facet normal -0.985959 0.166987 0
    outer loop
      vertex 43.3298 16.2746 2.4
      vertex 43.3026 16.114 1.6
      vertex 43.3026 16.114 2.4
    endloop
  endfacet
  facet normal -0.993256 0.11594 0
    outer loop
      vertex 43.3298 16.2746 1.6
      vertex 43.3492 16.4408 2.4
      vertex 43.3492 16.4408 1.6
    endloop
  endfacet
  facet normal -0.993256 0.11594 0
    outer loop
      vertex 43.3492 16.4408 2.4
      vertex 43.3298 16.2746 1.6
      vertex 43.3298 16.2746 2.4
    endloop
  endfacet
  facet normal -0.997689 0.0679451 0
    outer loop
      vertex 43.3492 16.4408 1.6
      vertex 43.3609 16.6126 2.4
      vertex 43.3609 16.6126 1.6
    endloop
  endfacet
  facet normal -0.997689 0.0679451 0
    outer loop
      vertex 43.3609 16.6126 2.4
      vertex 43.3492 16.4408 1.6
      vertex 43.3492 16.4408 2.4
    endloop
  endfacet
  facet normal -0.999758 0.0219913 0
    outer loop
      vertex 43.3609 16.6126 1.6
      vertex 43.3648 16.7899 2.4
      vertex 43.3648 16.7899 1.6
    endloop
  endfacet
  facet normal -0.999758 0.0219913 0
    outer loop
      vertex 43.3648 16.7899 2.4
      vertex 43.3609 16.6126 1.6
      vertex 43.3609 16.6126 2.4
    endloop
  endfacet
  facet normal -0.999753 -0.0222421 0
    outer loop
      vertex 43.3648 16.7899 1.6
      vertex 43.3609 16.9652 2.4
      vertex 43.3609 16.9652 1.6
    endloop
  endfacet
  facet normal -0.999753 -0.0222421 0
    outer loop
      vertex 43.3609 16.9652 2.4
      vertex 43.3648 16.7899 1.6
      vertex 43.3648 16.7899 2.4
    endloop
  endfacet
  facet normal -0.99764 -0.0686611 0
    outer loop
      vertex 43.3609 16.9652 1.6
      vertex 43.3492 17.1352 2.4
      vertex 43.3492 17.1352 1.6
    endloop
  endfacet
  facet normal -0.99764 -0.0686611 0
    outer loop
      vertex 43.3492 17.1352 2.4
      vertex 43.3609 16.9652 1.6
      vertex 43.3609 16.9652 2.4
    endloop
  endfacet
  facet normal -0.993126 -0.117051 0
    outer loop
      vertex 43.3492 17.1352 1.6
      vertex 43.3298 17.2998 2.4
      vertex 43.3298 17.2998 1.6
    endloop
  endfacet
  facet normal -0.993126 -0.117051 0
    outer loop
      vertex 43.3298 17.2998 2.4
      vertex 43.3492 17.1352 1.6
      vertex 43.3492 17.1352 2.4
    endloop
  endfacet
  facet normal -0.985734 -0.168311 0
    outer loop
      vertex 43.3298 17.2998 1.6
      vertex 43.3026 17.4591 2.4
      vertex 43.3026 17.4591 1.6
    endloop
  endfacet
  facet normal -0.985734 -0.168311 0
    outer loop
      vertex 43.3026 17.4591 2.4
      vertex 43.3298 17.2998 1.6
      vertex 43.3298 17.2998 2.4
    endloop
  endfacet
  facet normal -0.97527 -0.221019 0
    outer loop
      vertex 43.3026 17.4591 1.6
      vertex 43.2677 17.6131 2.4
      vertex 43.2677 17.6131 1.6
    endloop
  endfacet
  facet normal -0.97527 -0.221019 0
    outer loop
      vertex 43.2677 17.6131 2.4
      vertex 43.3026 17.4591 1.6
      vertex 43.3026 17.4591 2.4
    endloop
  endfacet
  facet normal -0.961157 -0.276001 0
    outer loop
      vertex 43.2677 17.6131 1.6
      vertex 43.225 17.7618 2.4
      vertex 43.225 17.7618 1.6
    endloop
  endfacet
  facet normal -0.961157 -0.276001 0
    outer loop
      vertex 43.225 17.7618 2.4
      vertex 43.2677 17.6131 1.6
      vertex 43.2677 17.6131 2.4
    endloop
  endfacet
  facet normal -0.943148 -0.332373 0
    outer loop
      vertex 43.225 17.7618 1.6
      vertex 43.1745 17.9051 2.4
      vertex 43.1745 17.9051 1.6
    endloop
  endfacet
  facet normal -0.943148 -0.332373 0
    outer loop
      vertex 43.1745 17.9051 2.4
      vertex 43.225 17.7618 1.6
      vertex 43.225 17.7618 2.4
    endloop
  endfacet
  facet normal -0.921234 -0.38901 0
    outer loop
      vertex 43.1745 17.9051 1.6
      vertex 43.1161 18.0434 2.4
      vertex 43.1161 18.0434 1.6
    endloop
  endfacet
  facet normal -0.921234 -0.38901 0
    outer loop
      vertex 43.1161 18.0434 2.4
      vertex 43.1745 17.9051 1.6
      vertex 43.1745 17.9051 2.4
    endloop
  endfacet
  facet normal -0.894695 -0.446678 0
    outer loop
      vertex 43.1161 18.0434 1.6
      vertex 43.0494 18.177 2.4
      vertex 43.0494 18.177 1.6
    endloop
  endfacet
  facet normal -0.894695 -0.446678 0
    outer loop
      vertex 43.0494 18.177 2.4
      vertex 43.1161 18.0434 1.6
      vertex 43.1161 18.0434 2.4
    endloop
  endfacet
  facet normal -0.864629 -0.502411 0
    outer loop
      vertex 43.0494 18.177 1.6
      vertex 42.9745 18.3059 2.4
      vertex 42.9745 18.3059 1.6
    endloop
  endfacet
  facet normal -0.864629 -0.502411 0
    outer loop
      vertex 42.9745 18.3059 2.4
      vertex 43.0494 18.177 1.6
      vertex 43.0494 18.177 2.4
    endloop
  endfacet
  facet normal -0.830915 -0.556399 0
    outer loop
      vertex 42.9745 18.3059 1.6
      vertex 42.8914 18.43 2.4
      vertex 42.8914 18.43 1.6
    endloop
  endfacet
  facet normal -0.830915 -0.556399 0
    outer loop
      vertex 42.8914 18.43 2.4
      vertex 42.9745 18.3059 1.6
      vertex 42.9745 18.3059 2.4
    endloop
  endfacet
  facet normal -0.794622 -0.607105 0
    outer loop
      vertex 42.8914 18.43 1.6
      vertex 42.8001 18.5495 2.4
      vertex 42.8001 18.5495 1.6
    endloop
  endfacet
  facet normal -0.794622 -0.607105 0
    outer loop
      vertex 42.8001 18.5495 2.4
      vertex 42.8914 18.43 1.6
      vertex 42.8914 18.43 2.4
    endloop
  endfacet
  facet normal -0.755059 -0.655657 0
    outer loop
      vertex 42.8001 18.5495 1.6
      vertex 42.7005 18.6642 2.4
      vertex 42.7005 18.6642 1.6
    endloop
  endfacet
  facet normal -0.755059 -0.655657 0
    outer loop
      vertex 42.7005 18.6642 2.4
      vertex 42.8001 18.5495 1.6
      vertex 42.8001 18.5495 2.4
    endloop
  endfacet
  facet normal -0.714213 -0.699929 0
    outer loop
      vertex 42.7005 18.6642 1.6
      vertex 42.5927 18.7742 2.4
      vertex 42.5927 18.7742 1.6
    endloop
  endfacet
  facet normal -0.714213 -0.699929 0
    outer loop
      vertex 42.5927 18.7742 2.4
      vertex 42.7005 18.6642 1.6
      vertex 42.7005 18.6642 2.4
    endloop
  endfacet
  facet normal -0.672221 -0.740351 0
    outer loop
      vertex 42.4623 18.8926 1.6
      vertex 42.5927 18.7742 2.4
      vertex 42.4623 18.8926 2.4
    endloop
  endfacet
  facet normal -0.672221 -0.740351 -0
    outer loop
      vertex 42.5927 18.7742 2.4
      vertex 42.4623 18.8926 1.6
      vertex 42.5927 18.7742 1.6
    endloop
  endfacet
  facet normal -0.6182 -0.786021 0
    outer loop
      vertex 42.3246 19.0009 1.6
      vertex 42.4623 18.8926 2.4
      vertex 42.3246 19.0009 2.4
    endloop
  endfacet
  facet normal -0.6182 -0.786021 -0
    outer loop
      vertex 42.4623 18.8926 2.4
      vertex 42.3246 19.0009 1.6
      vertex 42.4623 18.8926 1.6
    endloop
  endfacet
  facet normal -0.559836 -0.828603 0
    outer loop
      vertex 42.1797 19.0988 1.6
      vertex 42.3246 19.0009 2.4
      vertex 42.1797 19.0988 2.4
    endloop
  endfacet
  facet normal -0.559836 -0.828603 -0
    outer loop
      vertex 42.3246 19.0009 2.4
      vertex 42.1797 19.0988 1.6
      vertex 42.3246 19.0009 1.6
    endloop
  endfacet
  facet normal -0.499081 -0.866555 0
    outer loop
      vertex 42.0276 19.1864 1.6
      vertex 42.1797 19.0988 2.4
      vertex 42.0276 19.1864 2.4
    endloop
  endfacet
  facet normal -0.499081 -0.866555 -0
    outer loop
      vertex 42.1797 19.0988 2.4
      vertex 42.0276 19.1864 1.6
      vertex 42.1797 19.0988 1.6
    endloop
  endfacet
  facet normal -0.437021 -0.899451 0
    outer loop
      vertex 41.8683 19.2638 1.6
      vertex 42.0276 19.1864 2.4
      vertex 41.8683 19.2638 2.4
    endloop
  endfacet
  facet normal -0.437021 -0.899451 -0
    outer loop
      vertex 42.0276 19.1864 2.4
      vertex 41.8683 19.2638 1.6
      vertex 42.0276 19.1864 1.6
    endloop
  endfacet
  facet normal -0.373598 -0.927591 0
    outer loop
      vertex 41.7017 19.3309 1.6
      vertex 41.8683 19.2638 2.4
      vertex 41.7017 19.3309 2.4
    endloop
  endfacet
  facet normal -0.373598 -0.927591 -0
    outer loop
      vertex 41.8683 19.2638 2.4
      vertex 41.7017 19.3309 1.6
      vertex 41.8683 19.2638 1.6
    endloop
  endfacet
  facet normal -0.310644 -0.950526 0
    outer loop
      vertex 41.5279 19.3877 1.6
      vertex 41.7017 19.3309 2.4
      vertex 41.5279 19.3877 2.4
    endloop
  endfacet
  facet normal -0.310644 -0.950526 -0
    outer loop
      vertex 41.7017 19.3309 2.4
      vertex 41.5279 19.3877 1.6
      vertex 41.7017 19.3309 1.6
    endloop
  endfacet
  facet normal -0.244091 -0.969752 0
    outer loop
      vertex 41.3372 19.4357 1.6
      vertex 41.5279 19.3877 2.4
      vertex 41.3372 19.4357 2.4
    endloop
  endfacet
  facet normal -0.244091 -0.969752 -0
    outer loop
      vertex 41.5279 19.3877 2.4
      vertex 41.3372 19.4357 1.6
      vertex 41.5279 19.3877 1.6
    endloop
  endfacet
  facet normal -0.183906 -0.982944 0
    outer loop
      vertex 41.1202 19.4763 1.6
      vertex 41.3372 19.4357 2.4
      vertex 41.1202 19.4763 2.4
    endloop
  endfacet
  facet normal -0.183906 -0.982944 -0
    outer loop
      vertex 41.3372 19.4357 2.4
      vertex 41.1202 19.4763 1.6
      vertex 41.3372 19.4357 1.6
    endloop
  endfacet
  facet normal -0.135549 -0.990771 0
    outer loop
      vertex 40.8768 19.5096 1.6
      vertex 41.1202 19.4763 2.4
      vertex 40.8768 19.5096 2.4
    endloop
  endfacet
  facet normal -0.135549 -0.990771 -0
    outer loop
      vertex 41.1202 19.4763 2.4
      vertex 40.8768 19.5096 1.6
      vertex 41.1202 19.4763 1.6
    endloop
  endfacet
  facet normal -0.0951572 -0.995462 0
    outer loop
      vertex 40.6069 19.5354 1.6
      vertex 40.8768 19.5096 2.4
      vertex 40.6069 19.5354 2.4
    endloop
  endfacet
  facet normal -0.0951572 -0.995462 -0
    outer loop
      vertex 40.8768 19.5096 2.4
      vertex 40.6069 19.5354 1.6
      vertex 40.8768 19.5096 1.6
    endloop
  endfacet
  facet normal -0.0623154 -0.998057 0
    outer loop
      vertex 40.3106 19.5539 1.6
      vertex 40.6069 19.5354 2.4
      vertex 40.3106 19.5539 2.4
    endloop
  endfacet
  facet normal -0.0623154 -0.998057 -0
    outer loop
      vertex 40.6069 19.5354 2.4
      vertex 40.3106 19.5539 1.6
      vertex 40.6069 19.5354 1.6
    endloop
  endfacet
  facet normal -0.0340676 -0.99942 0
    outer loop
      vertex 39.9879 19.5649 1.6
      vertex 40.3106 19.5539 2.4
      vertex 39.9879 19.5649 2.4
    endloop
  endfacet
  facet normal -0.0340676 -0.99942 -0
    outer loop
      vertex 40.3106 19.5539 2.4
      vertex 39.9879 19.5649 1.6
      vertex 40.3106 19.5539 1.6
    endloop
  endfacet
  facet normal -0.0105981 -0.999944 0
    outer loop
      vertex 39.6388 19.5686 1.6
      vertex 39.9879 19.5649 2.4
      vertex 39.6388 19.5686 2.4
    endloop
  endfacet
  facet normal -0.0105981 -0.999944 -0
    outer loop
      vertex 39.9879 19.5649 2.4
      vertex 39.6388 19.5686 1.6
      vertex 39.9879 19.5649 1.6
    endloop
  endfacet
  facet normal 0 -1 0
    outer loop
      vertex 38.1246 19.5686 1.6
      vertex 39.6388 19.5686 2.4
      vertex 38.1246 19.5686 2.4
    endloop
  endfacet
  facet normal 0 -1 -0
    outer loop
      vertex 39.6388 19.5686 2.4
      vertex 38.1246 19.5686 1.6
      vertex 39.6388 19.5686 1.6
    endloop
  endfacet
  facet normal 1 -0 0
    outer loop
      vertex 38.1246 14 2.4
      vertex 38.1246 19.5686 1.6
      vertex 38.1246 19.5686 2.4
    endloop
  endfacet
  facet normal 1 0 0
    outer loop
      vertex 38.1246 19.5686 1.6
      vertex 38.1246 14 2.4
      vertex 38.1246 14 1.6
    endloop
  endfacet
  facet normal 0 1 -0
    outer loop
      vertex 39.6388 14 1.6
      vertex 38.1246 14 2.4
      vertex 39.6388 14 2.4
    endloop
  endfacet
  facet normal 0 1 0
    outer loop
      vertex 38.1246 14 2.4
      vertex 39.6388 14 1.6
      vertex 38.1246 14 1.6
    endloop
  endfacet
  facet normal -0.0107147 0.999943 0
    outer loop
      vertex 39.9841 14.0037 1.6
      vertex 39.6388 14 2.4
      vertex 39.9841 14.0037 2.4
    endloop
  endfacet
  facet normal -0.0107147 0.999943 0
    outer loop
      vertex 39.6388 14 2.4
      vertex 39.9841 14.0037 1.6
      vertex 39.6388 14 1.6
    endloop
  endfacet
  facet normal -1 0 0
    outer loop
      vertex 39.5605 15.0842 1.6
      vertex 39.5605 18.4845 2.4
      vertex 39.5605 18.4845 1.6
    endloop
  endfacet
  facet normal -1 -0 0
    outer loop
      vertex 39.5605 18.4845 2.4
      vertex 39.5605 15.0842 1.6
      vertex 39.5605 15.0842 2.4
    endloop
  endfacet
  facet normal 0 1 -0
    outer loop
      vertex 40.0752 18.4845 1.6
      vertex 39.5605 18.4845 2.4
      vertex 40.0752 18.4845 2.4
    endloop
  endfacet
  facet normal 0 1 0
    outer loop
      vertex 39.5605 18.4845 2.4
      vertex 40.0752 18.4845 1.6
      vertex 39.5605 18.4845 1.6
    endloop
  endfacet
  facet normal 0.0364512 0.999335 -0
    outer loop
      vertex 40.3192 18.4756 1.6
      vertex 40.0752 18.4845 2.4
      vertex 40.3192 18.4756 2.4
    endloop
  endfacet
  facet normal 0.0364512 0.999335 0
    outer loop
      vertex 40.0752 18.4845 2.4
      vertex 40.3192 18.4756 1.6
      vertex 40.0752 18.4845 1.6
    endloop
  endfacet
  facet normal 0.116104 0.993237 -0
    outer loop
      vertex 40.5459 18.4491 1.6
      vertex 40.3192 18.4756 2.4
      vertex 40.5459 18.4491 2.4
    endloop
  endfacet
  facet normal 0.116104 0.993237 0
    outer loop
      vertex 40.3192 18.4756 2.4
      vertex 40.5459 18.4491 1.6
      vertex 40.3192 18.4756 1.6
    endloop
  endfacet
  facet normal 0.205893 0.978575 -0
    outer loop
      vertex 40.7555 18.405 1.6
      vertex 40.5459 18.4491 2.4
      vertex 40.7555 18.405 2.4
    endloop
  endfacet
  facet normal 0.205893 0.978575 0
    outer loop
      vertex 40.5459 18.4491 2.4
      vertex 40.7555 18.405 1.6
      vertex 40.5459 18.4491 1.6
    endloop
  endfacet
  facet normal 0.30641 0.9519 -0
    outer loop
      vertex 40.9478 18.3431 1.6
      vertex 40.7555 18.405 2.4
      vertex 40.9478 18.3431 2.4
    endloop
  endfacet
  facet normal 0.30641 0.9519 0
    outer loop
      vertex 40.7555 18.405 2.4
      vertex 40.9478 18.3431 1.6
      vertex 40.7555 18.405 1.6
    endloop
  endfacet
  facet normal 0.413411 0.910544 -0
    outer loop
      vertex 41.1229 18.2636 1.6
      vertex 40.9478 18.3431 2.4
      vertex 41.1229 18.2636 2.4
    endloop
  endfacet
  facet normal 0.413411 0.910544 0
    outer loop
      vertex 40.9478 18.3431 2.4
      vertex 41.1229 18.2636 1.6
      vertex 40.9478 18.3431 1.6
    endloop
  endfacet
  facet normal 0.523977 0.851732 -0
    outer loop
      vertex 41.2809 18.1664 1.6
      vertex 41.1229 18.2636 2.4
      vertex 41.2809 18.1664 2.4
    endloop
  endfacet
  facet normal 0.523977 0.851732 0
    outer loop
      vertex 41.1229 18.2636 2.4
      vertex 41.2809 18.1664 1.6
      vertex 41.1229 18.2636 1.6
    endloop
  endfacet
  facet normal 0.632518 0.774546 -0
    outer loop
      vertex 41.4216 18.0515 1.6
      vertex 41.2809 18.1664 2.4
      vertex 41.4216 18.0515 2.4
    endloop
  endfacet
  facet normal 0.632518 0.774546 0
    outer loop
      vertex 41.2809 18.1664 2.4
      vertex 41.4216 18.0515 1.6
      vertex 41.2809 18.1664 1.6
    endloop
  endfacet
  facet normal 0.731923 0.681388 0
    outer loop
      vertex 41.5443 17.9197 2.4
      vertex 41.4216 18.0515 1.6
      vertex 41.4216 18.0515 2.4
    endloop
  endfacet
  facet normal 0.731923 0.681388 0
    outer loop
      vertex 41.4216 18.0515 1.6
      vertex 41.5443 17.9197 2.4
      vertex 41.5443 17.9197 1.6
    endloop
  endfacet
  facet normal 0.818529 0.574465 0
    outer loop
      vertex 41.6481 17.7718 2.4
      vertex 41.5443 17.9197 1.6
      vertex 41.5443 17.9197 2.4
    endloop
  endfacet
  facet normal 0.818529 0.574465 0
    outer loop
      vertex 41.5443 17.9197 1.6
      vertex 41.6481 17.7718 2.4
      vertex 41.6481 17.7718 1.6
    endloop
  endfacet
  facet normal 0.887951 0.459938 0
    outer loop
      vertex 41.7331 17.6077 2.4
      vertex 41.6481 17.7718 1.6
      vertex 41.6481 17.7718 2.4
    endloop
  endfacet
  facet normal 0.887951 0.459938 0
    outer loop
      vertex 41.6481 17.7718 1.6
      vertex 41.7331 17.6077 2.4
      vertex 41.7331 17.6077 1.6
    endloop
  endfacet
  facet normal 0.938831 0.344377 0
    outer loop
      vertex 41.7992 17.4275 2.4
      vertex 41.7331 17.6077 1.6
      vertex 41.7331 17.6077 2.4
    endloop
  endfacet
  facet normal 0.938831 0.344377 0
    outer loop
      vertex 41.7331 17.6077 1.6
      vertex 41.7992 17.4275 2.4
      vertex 41.7992 17.4275 1.6
    endloop
  endfacet
  facet normal 0.972315 0.233673 0
    outer loop
      vertex 41.8464 17.2311 2.4
      vertex 41.7992 17.4275 1.6
      vertex 41.7992 17.4275 2.4
    endloop
  endfacet
  facet normal 0.972315 0.233673 0
    outer loop
      vertex 41.7992 17.4275 1.6
      vertex 41.8464 17.2311 2.4
      vertex 41.8464 17.2311 1.6
    endloop
  endfacet
  facet normal 0.991248 0.132011 0
    outer loop
      vertex 41.8747 17.0186 2.4
      vertex 41.8464 17.2311 1.6
      vertex 41.8464 17.2311 2.4
    endloop
  endfacet
  facet normal 0.991248 0.132011 0
    outer loop
      vertex 41.8464 17.2311 1.6
      vertex 41.8747 17.0186 2.4
      vertex 41.8747 17.0186 1.6
    endloop
  endfacet
  facet normal 0.999156 0.0410672 0
    outer loop
      vertex 41.8841 16.7899 2.4
      vertex 41.8747 17.0186 1.6
      vertex 41.8747 17.0186 2.4
    endloop
  endfacet
  facet normal 0.999156 0.0410672 0
    outer loop
      vertex 41.8747 17.0186 1.6
      vertex 41.8841 16.7899 2.4
      vertex 41.8841 16.7899 1.6
    endloop
  endfacet
  facet normal 0.999146 -0.041323 0
    outer loop
      vertex 41.8746 16.5602 2.4
      vertex 41.8841 16.7899 1.6
      vertex 41.8841 16.7899 2.4
    endloop
  endfacet
  facet normal 0.999146 -0.041323 0
    outer loop
      vertex 41.8841 16.7899 1.6
      vertex 41.8746 16.5602 2.4
      vertex 41.8746 16.5602 1.6
    endloop
  endfacet
  facet normal 0.991276 -0.131799 0
    outer loop
      vertex 41.8462 16.3466 2.4
      vertex 41.8746 16.5602 1.6
      vertex 41.8746 16.5602 2.4
    endloop
  endfacet
  facet normal 0.991276 -0.131799 0
    outer loop
      vertex 41.8746 16.5602 1.6
      vertex 41.8462 16.3466 2.4
      vertex 41.8462 16.3466 1.6
    endloop
  endfacet
  facet normal 0.972387 -0.233373 0
    outer loop
      vertex 41.7988 16.1491 2.4
      vertex 41.8462 16.3466 1.6
      vertex 41.8462 16.3466 2.4
    endloop
  endfacet
  facet normal 0.972387 -0.233373 0
    outer loop
      vertex 41.8462 16.3466 1.6
      vertex 41.7988 16.1491 2.4
      vertex 41.7988 16.1491 1.6
    endloop
  endfacet
  facet normal 0.939172 -0.343448 0
    outer loop
      vertex 41.7325 15.9678 2.4
      vertex 41.7988 16.1491 1.6
      vertex 41.7988 16.1491 2.4
    endloop
  endfacet
  facet normal 0.939172 -0.343448 0
    outer loop
      vertex 41.7988 16.1491 1.6
      vertex 41.7325 15.9678 2.4
      vertex 41.7325 15.9678 1.6
    endloop
  endfacet
  facet normal 0.88843 -0.459013 0
    outer loop
      vertex 41.6472 15.8027 2.4
      vertex 41.7325 15.9678 1.6
      vertex 41.7325 15.9678 2.4
    endloop
  endfacet
  facet normal 0.88843 -0.459013 0
    outer loop
      vertex 41.7325 15.9678 1.6
      vertex 41.6472 15.8027 2.4
      vertex 41.6472 15.8027 1.6
    endloop
  endfacet
  facet normal 0.819232 -0.573462 0
    outer loop
      vertex 41.5429 15.6537 2.4
      vertex 41.6472 15.8027 1.6
      vertex 41.6472 15.8027 2.4
    endloop
  endfacet
  facet normal 0.819232 -0.573462 0
    outer loop
      vertex 41.6472 15.8027 1.6
      vertex 41.5429 15.6537 2.4
      vertex 41.5429 15.6537 1.6
    endloop
  endfacet
  facet normal 0.733108 -0.680112 0
    outer loop
      vertex 41.4197 15.5209 2.4
      vertex 41.5429 15.6537 1.6
      vertex 41.5429 15.6537 2.4
    endloop
  endfacet
  facet normal 0.733108 -0.680112 0
    outer loop
      vertex 41.5429 15.6537 1.6
      vertex 41.4197 15.5209 2.4
      vertex 41.4197 15.5209 1.6
    endloop
  endfacet
  facet normal 0.634728 -0.772736 0
    outer loop
      vertex 41.2786 15.405 1.6
      vertex 41.4197 15.5209 2.4
      vertex 41.2786 15.405 2.4
    endloop
  endfacet
  facet normal 0.634728 -0.772736 0
    outer loop
      vertex 41.4197 15.5209 2.4
      vertex 41.2786 15.405 1.6
      vertex 41.4197 15.5209 1.6
    endloop
  endfacet
  facet normal 0.526854 -0.849956 0
    outer loop
      vertex 41.1205 15.307 1.6
      vertex 41.2786 15.405 2.4
      vertex 41.1205 15.307 2.4
    endloop
  endfacet
  facet normal 0.526854 -0.849956 0
    outer loop
      vertex 41.2786 15.405 2.4
      vertex 41.1205 15.307 1.6
      vertex 41.2786 15.405 1.6
    endloop
  endfacet
  facet normal 0.416851 -0.908975 0
    outer loop
      vertex 40.9454 15.2267 1.6
      vertex 41.1205 15.307 2.4
      vertex 40.9454 15.2267 2.4
    endloop
  endfacet
  facet normal 0.416851 -0.908975 0
    outer loop
      vertex 41.1205 15.307 2.4
      vertex 40.9454 15.2267 1.6
      vertex 41.1205 15.307 1.6
    endloop
  endfacet
  facet normal 0.308493 -0.951227 0
    outer loop
      vertex 40.7533 15.1644 1.6
      vertex 40.9454 15.2267 2.4
      vertex 40.7533 15.1644 2.4
    endloop
  endfacet
  facet normal 0.308493 -0.951227 0
    outer loop
      vertex 40.9454 15.2267 2.4
      vertex 40.7533 15.1644 1.6
      vertex 40.9454 15.2267 1.6
    endloop
  endfacet
  facet normal 0.208603 -0.978 0
    outer loop
      vertex 40.5442 15.1198 1.6
      vertex 40.7533 15.1644 2.4
      vertex 40.5442 15.1198 2.4
    endloop
  endfacet
  facet normal 0.208603 -0.978 0
    outer loop
      vertex 40.7533 15.1644 2.4
      vertex 40.5442 15.1198 1.6
      vertex 40.7533 15.1644 1.6
    endloop
  endfacet
  facet normal 0.117326 -0.993093 0
    outer loop
      vertex 40.3182 15.0931 1.6
      vertex 40.5442 15.1198 2.4
      vertex 40.3182 15.0931 2.4
    endloop
  endfacet
  facet normal 0.117326 -0.993093 0
    outer loop
      vertex 40.5442 15.1198 2.4
      vertex 40.3182 15.0931 1.6
      vertex 40.5442 15.1198 1.6
    endloop
  endfacet
  facet normal 0.036601 -0.99933 0
    outer loop
      vertex 40.0752 15.0842 1.6
      vertex 40.3182 15.0931 2.4
      vertex 40.0752 15.0842 2.4
    endloop
  endfacet
  facet normal 0.036601 -0.99933 0
    outer loop
      vertex 40.3182 15.0931 2.4
      vertex 40.0752 15.0842 1.6
      vertex 40.3182 15.0931 1.6
    endloop
  endfacet
  facet normal 0 -1 0
    outer loop
      vertex 39.5605 15.0842 1.6
      vertex 40.0752 15.0842 2.4
      vertex 39.5605 15.0842 2.4
    endloop
  endfacet
  facet normal 0 -1 -0
    outer loop
      vertex 40.0752 15.0842 2.4
      vertex 39.5605 15.0842 1.6
      vertex 40.0752 15.0842 1.6
    endloop
  endfacet
  facet normal 0.919574 0.392917 0
    outer loop
      vertex 46.9612 15.0701 2.4
      vertex 45.6782 18.0728 1.6
      vertex 45.6782 18.0728 2.4
    endloop
  endfacet
  facet normal 0.919574 0.392917 0
    outer loop
      vertex 45.6782 18.0728 1.6
      vertex 46.9612 15.0701 2.4
      vertex 46.9612 15.0701 1.6
    endloop
  endfacet
  facet normal 0 1 -0
    outer loop
      vertex 47.8712 15.0701 1.6
      vertex 46.9612 15.0701 2.4
      vertex 47.8712 15.0701 2.4
    endloop
  endfacet
  facet normal 0 1 0
    outer loop
      vertex 46.9612 15.0701 2.4
      vertex 47.8712 15.0701 1.6
      vertex 46.9612 15.0701 1.6
    endloop
  endfacet
  facet normal -0.919563 0.392943 0
    outer loop
      vertex 47.8712 15.0701 1.6
      vertex 49.1543 18.0728 2.4
      vertex 49.1543 18.0728 1.6
    endloop
  endfacet
  facet normal -0.919563 0.392943 0
    outer loop
      vertex 49.1543 18.0728 2.4
      vertex 47.8712 15.0701 1.6
      vertex 47.8712 15.0701 2.4
    endloop
  endfacet
  facet normal 1 -0 0
    outer loop
      vertex 49.1543 14 2.4
      vertex 49.1543 18.0728 1.6
      vertex 49.1543 18.0728 2.4
    endloop
  endfacet
  facet normal 1 0 0
    outer loop
      vertex 49.1543 18.0728 1.6
      vertex 49.1543 14 2.4
      vertex 49.1543 14 1.6
    endloop
  endfacet
  facet normal 0 1 -0
    outer loop
      vertex 50.5118 14 1.6
      vertex 49.1543 14 2.4
      vertex 50.5118 14 2.4
    endloop
  endfacet
  facet normal 0 1 0
    outer loop
      vertex 49.1543 14 2.4
      vertex 50.5118 14 1.6
      vertex 49.1543 14 1.6
    endloop
  endfacet
  facet normal -1 0 0
    outer loop
      vertex 50.5118 14 1.6
      vertex 50.5118 19.5686 2.4
      vertex 50.5118 19.5686 1.6
    endloop
  endfacet
  facet normal -1 -0 0
    outer loop
      vertex 50.5118 19.5686 2.4
      vertex 50.5118 14 1.6
      vertex 50.5118 14 2.4
    endloop
  endfacet
  facet normal 0 -1 0
    outer loop
      vertex 48.688 19.5686 1.6
      vertex 50.5118 19.5686 2.4
      vertex 48.688 19.5686 2.4
    endloop
  endfacet
  facet normal 0 -1 -0
    outer loop
      vertex 50.5118 19.5686 2.4
      vertex 48.688 19.5686 1.6
      vertex 50.5118 19.5686 1.6
    endloop
  endfacet
  facet normal 0.919348 -0.393446 0
    outer loop
      vertex 47.4125 16.5882 2.4
      vertex 48.688 19.5686 1.6
      vertex 48.688 19.5686 2.4
    endloop
  endfacet
  facet normal 0.919348 -0.393446 0
    outer loop
      vertex 48.688 19.5686 1.6
      vertex 47.4125 16.5882 2.4
      vertex 47.4125 16.5882 1.6
    endloop
  endfacet
  facet normal -0.920172 -0.391515 0
    outer loop
      vertex 47.4125 16.5882 1.6
      vertex 46.1444 19.5686 2.4
      vertex 46.1444 19.5686 1.6
    endloop
  endfacet
  facet normal -0.920172 -0.391515 0
    outer loop
      vertex 46.1444 19.5686 2.4
      vertex 47.4125 16.5882 1.6
      vertex 47.4125 16.5882 2.4
    endloop
  endfacet
  facet normal 0 -1 0
    outer loop
      vertex 44.3169 19.5686 1.6
      vertex 46.1444 19.5686 2.4
      vertex 44.3169 19.5686 2.4
    endloop
  endfacet
  facet normal 0 -1 -0
    outer loop
      vertex 46.1444 19.5686 2.4
      vertex 44.3169 19.5686 1.6
      vertex 46.1444 19.5686 1.6
    endloop
  endfacet
  facet normal 1 -0 0
    outer loop
      vertex 44.3169 14 2.4
      vertex 44.3169 19.5686 1.6
      vertex 44.3169 19.5686 2.4
    endloop
  endfacet
  facet normal 1 0 0
    outer loop
      vertex 44.3169 19.5686 1.6
      vertex 44.3169 14 2.4
      vertex 44.3169 14 1.6
    endloop
  endfacet
  facet normal 0 1 -0
    outer loop
      vertex 45.6782 14 1.6
      vertex 44.3169 14 2.4
      vertex 45.6782 14 2.4
    endloop
  endfacet
  facet normal 0 1 0
    outer loop
      vertex 44.3169 14 2.4
      vertex 45.6782 14 1.6
      vertex 44.3169 14 1.6
    endloop
  endfacet
  facet normal -1 0 0
    outer loop
      vertex 45.6782 14 1.6
      vertex 45.6782 18.0728 2.4
      vertex 45.6782 18.0728 1.6
    endloop
  endfacet
  facet normal -1 -0 0
    outer loop
      vertex 45.6782 18.0728 2.4
      vertex 45.6782 14 1.6
      vertex 45.6782 14 2.4
    endloop
  endfacet
  facet normal -0.113746 0.99351 0
    outer loop
      vertex 54.7824 13.9381 1.6
      vertex 54.4732 13.9027 2.4
      vertex 54.7824 13.9381 2.4
    endloop
  endfacet
  facet normal -0.113746 0.99351 0
    outer loop
      vertex 54.4732 13.9027 2.4
      vertex 54.7824 13.9381 1.6
      vertex 54.4732 13.9027 1.6
    endloop
  endfacet
  facet normal -0.203541 0.979066 0
    outer loop
      vertex 55.0662 13.9971 1.6
      vertex 54.7824 13.9381 2.4
      vertex 55.0662 13.9971 2.4
    endloop
  endfacet
  facet normal -0.203541 0.979066 0
    outer loop
      vertex 54.7824 13.9381 2.4
      vertex 55.0662 13.9971 1.6
      vertex 54.7824 13.9381 1.6
    endloop
  endfacet
  facet normal -0.304375 0.952552 0
    outer loop
      vertex 55.3247 14.0797 1.6
      vertex 55.0662 13.9971 2.4
      vertex 55.3247 14.0797 2.4
    endloop
  endfacet
  facet normal -0.304375 0.952552 0
    outer loop
      vertex 55.0662 13.9971 2.4
      vertex 55.3247 14.0797 1.6
      vertex 55.0662 13.9971 1.6
    endloop
  endfacet
  facet normal -0.414744 0.909938 0
    outer loop
      vertex 55.5577 14.1859 1.6
      vertex 55.3247 14.0797 2.4
      vertex 55.5577 14.1859 2.4
    endloop
  endfacet
  facet normal -0.414744 0.909938 0
    outer loop
      vertex 55.3247 14.0797 2.4
      vertex 55.5577 14.1859 1.6
      vertex 55.3247 14.0797 1.6
    endloop
  endfacet
  facet normal -0.530329 0.847792 0
    outer loop
      vertex 55.7652 14.3157 1.6
      vertex 55.5577 14.1859 2.4
      vertex 55.7652 14.3157 2.4
    endloop
  endfacet
  facet normal -0.530329 0.847792 0
    outer loop
      vertex 55.5577 14.1859 2.4
      vertex 55.7652 14.3157 1.6
      vertex 55.5577 14.1859 1.6
    endloop
  endfacet
  facet normal -0.644058 0.764977 0
    outer loop
      vertex 55.9474 14.4691 1.6
      vertex 55.7652 14.3157 2.4
      vertex 55.9474 14.4691 2.4
    endloop
  endfacet
  facet normal -0.644058 0.764977 0
    outer loop
      vertex 55.7652 14.3157 2.4
      vertex 55.9474 14.4691 1.6
      vertex 55.7652 14.3157 1.6
    endloop
  endfacet
  facet normal -0.748594 0.663028 0
    outer loop
      vertex 55.9474 14.4691 1.6
      vertex 56.1047 14.6467 2.4
      vertex 56.1047 14.6467 1.6
    endloop
  endfacet
  facet normal -0.748594 0.663028 0
    outer loop
      vertex 56.1047 14.6467 2.4
      vertex 55.9474 14.4691 1.6
      vertex 55.9474 14.4691 2.4
    endloop
  endfacet
  facet normal -0.835277 0.549829 0
    outer loop
      vertex 56.1047 14.6467 1.6
      vertex 56.2378 14.8489 2.4
      vertex 56.2378 14.8489 1.6
    endloop
  endfacet
  facet normal -0.835277 0.549829 0
    outer loop
      vertex 56.2378 14.8489 2.4
      vertex 56.1047 14.6467 1.6
      vertex 56.1047 14.6467 2.4
    endloop
  endfacet
  facet normal -0.901542 0.432692 0
    outer loop
      vertex 56.2378 14.8489 1.6
      vertex 56.3467 15.0758 2.4
      vertex 56.3467 15.0758 1.6
    endloop
  endfacet
  facet normal -0.901542 0.432692 0
    outer loop
      vertex 56.3467 15.0758 2.4
      vertex 56.2378 14.8489 1.6
      vertex 56.2378 14.8489 2.4
    endloop
  endfacet
  facet normal -0.947737 0.319051 0
    outer loop
      vertex 56.3467 15.0758 1.6
      vertex 56.4314 15.3274 2.4
      vertex 56.4314 15.3274 1.6
    endloop
  endfacet
  facet normal -0.947737 0.319051 0
    outer loop
      vertex 56.4314 15.3274 2.4
      vertex 56.3467 15.0758 1.6
      vertex 56.3467 15.0758 2.4
    endloop
  endfacet
  facet normal -0.976766 0.214309 0
    outer loop
      vertex 56.4314 15.3274 1.6
      vertex 56.492 15.6036 2.4
      vertex 56.492 15.6036 1.6
    endloop
  endfacet
  facet normal -0.976766 0.214309 0
    outer loop
      vertex 56.492 15.6036 2.4
      vertex 56.4314 15.3274 1.6
      vertex 56.4314 15.3274 2.4
    endloop
  endfacet
  facet normal -0.992802 0.11977 0
    outer loop
      vertex 56.492 15.6036 1.6
      vertex 56.5283 15.9045 2.4
      vertex 56.5283 15.9045 1.6
    endloop
  endfacet
  facet normal -0.992802 0.11977 0
    outer loop
      vertex 56.5283 15.9045 2.4
      vertex 56.492 15.6036 1.6
      vertex 56.492 15.6036 2.4
    endloop
  endfacet
  facet normal -0.99931 0.0371365 0
    outer loop
      vertex 56.5283 15.9045 1.6
      vertex 56.5404 16.2301 2.4
      vertex 56.5404 16.2301 1.6
    endloop
  endfacet
  facet normal -0.99931 0.0371365 0
    outer loop
      vertex 56.5404 16.2301 2.4
      vertex 56.5283 15.9045 1.6
      vertex 56.5283 15.9045 2.4
    endloop
  endfacet
  facet normal -1 0 0
    outer loop
      vertex 56.5404 16.2301 1.6
      vertex 56.5404 19.5686 2.4
      vertex 56.5404 19.5686 1.6
    endloop
  endfacet
  facet normal -1 -0 0
    outer loop
      vertex 56.5404 19.5686 2.4
      vertex 56.5404 16.2301 1.6
      vertex 56.5404 16.2301 2.4
    endloop
  endfacet
  facet normal 0 -1 0
    outer loop
      vertex 55.1045 19.5686 1.6
      vertex 56.5404 19.5686 2.4
      vertex 55.1045 19.5686 2.4
    endloop
  endfacet
  facet normal 0 -1 -0
    outer loop
      vertex 56.5404 19.5686 2.4
      vertex 55.1045 19.5686 1.6
      vertex 56.5404 19.5686 1.6
    endloop
  endfacet
  facet normal 1 -0 0
    outer loop
      vertex 55.1045 16.2301 2.4
      vertex 55.1045 19.5686 1.6
      vertex 55.1045 19.5686 2.4
    endloop
  endfacet
  facet normal 1 0 0
    outer loop
      vertex 55.1045 19.5686 1.6
      vertex 55.1045 16.2301 2.4
      vertex 55.1045 16.2301 1.6
    endloop
  endfacet
  facet normal 0.999705 -0.0243057 0
    outer loop
      vertex 55.0999 16.0409 2.4
      vertex 55.1045 16.2301 1.6
      vertex 55.1045 16.2301 2.4
    endloop
  endfacet
  facet normal 0.999705 -0.0243057 0
    outer loop
      vertex 55.1045 16.2301 1.6
      vertex 55.0999 16.0409 2.4
      vertex 55.0999 16.0409 1.6
    endloop
  endfacet
  facet normal 0.996834 -0.0795162 0
    outer loop
      vertex 55.0861 15.8679 2.4
      vertex 55.0999 16.0409 1.6
      vertex 55.0999 16.0409 2.4
    endloop
  endfacet
  facet normal 0.996834 -0.0795162 0
    outer loop
      vertex 55.0999 16.0409 1.6
      vertex 55.0861 15.8679 2.4
      vertex 55.0861 15.8679 1.6
    endloop
  endfacet
  facet normal 0.989348 -0.145567 0
    outer loop
      vertex 55.063 15.7109 2.4
      vertex 55.0861 15.8679 1.6
      vertex 55.0861 15.8679 2.4
    endloop
  endfacet
  facet normal 0.989348 -0.145567 0
    outer loop
      vertex 55.0861 15.8679 1.6
      vertex 55.063 15.7109 2.4
      vertex 55.063 15.7109 1.6
    endloop
  endfacet
  facet normal 0.974901 -0.222637 0
    outer loop
      vertex 55.0308 15.5699 2.4
      vertex 55.063 15.7109 1.6
      vertex 55.063 15.7109 2.4
    endloop
  endfacet
  facet normal 0.974901 -0.222637 0
    outer loop
      vertex 55.063 15.7109 1.6
      vertex 55.0308 15.5699 2.4
      vertex 55.0308 15.5699 1.6
    endloop
  endfacet
  facet normal 0.949214 -0.314631 0
    outer loop
      vertex 54.9894 15.445 2.4
      vertex 55.0308 15.5699 1.6
      vertex 55.0308 15.5699 2.4
    endloop
  endfacet
  facet normal 0.949214 -0.314631 0
    outer loop
      vertex 55.0308 15.5699 1.6
      vertex 54.9894 15.445 2.4
      vertex 54.9894 15.445 1.6
    endloop
  endfacet
  facet normal 0.906417 -0.422384 0
    outer loop
      vertex 54.9387 15.3362 2.4
      vertex 54.9894 15.445 1.6
      vertex 54.9894 15.445 2.4
    endloop
  endfacet
  facet normal 0.906417 -0.422384 0
    outer loop
      vertex 54.9894 15.445 1.6
      vertex 54.9387 15.3362 2.4
      vertex 54.9387 15.3362 1.6
    endloop
  endfacet
  facet normal 0.840177 -0.542312 0
    outer loop
      vertex 54.8788 15.2434 2.4
      vertex 54.9387 15.3362 1.6
      vertex 54.9387 15.3362 2.4
    endloop
  endfacet
  facet normal 0.840177 -0.542312 0
    outer loop
      vertex 54.9387 15.3362 1.6
      vertex 54.8788 15.2434 2.4
      vertex 54.8788 15.2434 1.6
    endloop
  endfacet
  facet normal 0.745786 -0.666185 0
    outer loop
      vertex 54.8085 15.1647 2.4
      vertex 54.8788 15.2434 1.6
      vertex 54.8788 15.2434 2.4
    endloop
  endfacet
  facet normal 0.745786 -0.666185 0
    outer loop
      vertex 54.8788 15.2434 1.6
      vertex 54.8085 15.1647 2.4
      vertex 54.8085 15.1647 1.6
    endloop
  endfacet
  facet normal 0.628953 -0.777443 0
    outer loop
      vertex 54.7263 15.0982 1.6
      vertex 54.8085 15.1647 2.4
      vertex 54.7263 15.0982 2.4
    endloop
  endfacet
  facet normal 0.628953 -0.777443 0
    outer loop
      vertex 54.8085 15.1647 2.4
      vertex 54.7263 15.0982 1.6
      vertex 54.8085 15.1647 1.6
    endloop
  endfacet
  facet normal 0.50158 -0.865111 0
    outer loop
      vertex 54.6323 15.0437 1.6
      vertex 54.7263 15.0982 2.4
      vertex 54.6323 15.0437 2.4
    endloop
  endfacet
  facet normal 0.50158 -0.865111 0
    outer loop
      vertex 54.7263 15.0982 2.4
      vertex 54.6323 15.0437 1.6
      vertex 54.7263 15.0982 1.6
    endloop
  endfacet
  facet normal 0.372299 -0.928113 0
    outer loop
      vertex 54.5266 15.0013 1.6
      vertex 54.6323 15.0437 2.4
      vertex 54.5266 15.0013 2.4
    endloop
  endfacet
  facet normal 0.372299 -0.928113 0
    outer loop
      vertex 54.6323 15.0437 2.4
      vertex 54.5266 15.0013 1.6
      vertex 54.6323 15.0437 1.6
    endloop
  endfacet
  facet normal 0.248732 -0.968572 0
    outer loop
      vertex 54.409 14.9711 1.6
      vertex 54.5266 15.0013 2.4
      vertex 54.409 14.9711 2.4
    endloop
  endfacet
  facet normal 0.248732 -0.968572 0
    outer loop
      vertex 54.5266 15.0013 2.4
      vertex 54.409 14.9711 1.6
      vertex 54.5266 15.0013 1.6
    endloop
  endfacet
  facet normal 0.139384 -0.990238 0
    outer loop
      vertex 54.2797 14.9529 1.6
      vertex 54.409 14.9711 2.4
      vertex 54.2797 14.9529 2.4
    endloop
  endfacet
  facet normal 0.139384 -0.990238 0
    outer loop
      vertex 54.409 14.9711 2.4
      vertex 54.2797 14.9529 1.6
      vertex 54.409 14.9711 1.6
    endloop
  endfacet
  facet normal 0.0424546 -0.999098 0
    outer loop
      vertex 54.1385 14.9469 1.6
      vertex 54.2797 14.9529 2.4
      vertex 54.1385 14.9469 2.4
    endloop
  endfacet
  facet normal 0.0424546 -0.999098 0
    outer loop
      vertex 54.2797 14.9529 2.4
      vertex 54.1385 14.9469 1.6
      vertex 54.2797 14.9529 1.6
    endloop
  endfacet
  facet normal -0.0427569 -0.999086 0
    outer loop
      vertex 53.9983 14.9529 1.6
      vertex 54.1385 14.9469 2.4
      vertex 53.9983 14.9529 2.4
    endloop
  endfacet
  facet normal -0.0427569 -0.999086 -0
    outer loop
      vertex 54.1385 14.9469 2.4
      vertex 53.9983 14.9529 1.6
      vertex 54.1385 14.9469 1.6
    endloop
  endfacet
  facet normal -0.140235 -0.990118 0
    outer loop
      vertex 53.8698 14.9711 1.6
      vertex 53.9983 14.9529 2.4
      vertex 53.8698 14.9711 2.4
    endloop
  endfacet
  facet normal -0.140235 -0.990118 -0
    outer loop
      vertex 53.9983 14.9529 2.4
      vertex 53.8698 14.9711 1.6
      vertex 53.9983 14.9529 1.6
    endloop
  endfacet
  facet normal -0.250129 -0.968213 0
    outer loop
      vertex 53.7529 15.0013 1.6
      vertex 53.8698 14.9711 2.4
      vertex 53.7529 15.0013 2.4
    endloop
  endfacet
  facet normal -0.250129 -0.968213 -0
    outer loop
      vertex 53.8698 14.9711 2.4
      vertex 53.7529 15.0013 1.6
      vertex 53.8698 14.9711 1.6
    endloop
  endfacet
  facet normal -0.373822 -0.927501 0
    outer loop
      vertex 53.6477 15.0437 1.6
      vertex 53.7529 15.0013 2.4
      vertex 53.6477 15.0437 2.4
    endloop
  endfacet
  facet normal -0.373822 -0.927501 -0
    outer loop
      vertex 53.7529 15.0013 2.4
      vertex 53.6477 15.0437 1.6
      vertex 53.7529 15.0013 1.6
    endloop
  endfacet
  facet normal -0.503182 -0.86418 0
    outer loop
      vertex 53.5541 15.0982 1.6
      vertex 53.6477 15.0437 2.4
      vertex 53.5541 15.0982 2.4
    endloop
  endfacet
  facet normal -0.503182 -0.86418 -0
    outer loop
      vertex 53.6477 15.0437 2.4
      vertex 53.5541 15.0982 1.6
      vertex 53.6477 15.0437 1.6
    endloop
  endfacet
  facet normal -0.629879 -0.776693 0
    outer loop
      vertex 53.4721 15.1647 1.6
      vertex 53.5541 15.0982 2.4
      vertex 53.4721 15.1647 2.4
    endloop
  endfacet
  facet normal -0.629879 -0.776693 -0
    outer loop
      vertex 53.5541 15.0982 2.4
      vertex 53.4721 15.1647 1.6
      vertex 53.5541 15.0982 1.6
    endloop
  endfacet
  facet normal -0.745786 -0.666185 0
    outer loop
      vertex 53.4721 15.1647 1.6
      vertex 53.4018 15.2434 2.4
      vertex 53.4018 15.2434 1.6
    endloop
  endfacet
  facet normal -0.745786 -0.666185 0
    outer loop
      vertex 53.4018 15.2434 2.4
      vertex 53.4721 15.1647 1.6
      vertex 53.4721 15.1647 2.4
    endloop
  endfacet
  facet normal -0.840589 -0.541673 0
    outer loop
      vertex 53.4018 15.2434 1.6
      vertex 53.342 15.3362 2.4
      vertex 53.342 15.3362 1.6
    endloop
  endfacet
  facet normal -0.840589 -0.541673 0
    outer loop
      vertex 53.342 15.3362 2.4
      vertex 53.4018 15.2434 1.6
      vertex 53.4018 15.2434 2.4
    endloop
  endfacet
  facet normal -0.906417 -0.422384 0
    outer loop
      vertex 53.342 15.3362 1.6
      vertex 53.2913 15.445 2.4
      vertex 53.2913 15.445 1.6
    endloop
  endfacet
  facet normal -0.906417 -0.422384 0
    outer loop
      vertex 53.2913 15.445 2.4
      vertex 53.342 15.3362 1.6
      vertex 53.342 15.3362 2.4
    endloop
  endfacet
  facet normal -0.949214 -0.314631 0
    outer loop
      vertex 53.2913 15.445 1.6
      vertex 53.2499 15.5699 2.4
      vertex 53.2499 15.5699 1.6
    endloop
  endfacet
  facet normal -0.949214 -0.314631 0
    outer loop
      vertex 53.2499 15.5699 2.4
      vertex 53.2913 15.445 1.6
      vertex 53.2913 15.445 2.4
    endloop
  endfacet
  facet normal -0.974901 -0.222637 0
    outer loop
      vertex 53.2499 15.5699 1.6
      vertex 53.2177 15.7109 2.4
      vertex 53.2177 15.7109 1.6
    endloop
  endfacet
  facet normal -0.974901 -0.222637 0
    outer loop
      vertex 53.2177 15.7109 2.4
      vertex 53.2499 15.5699 1.6
      vertex 53.2499 15.5699 2.4
    endloop
  endfacet
  facet normal -0.989439 -0.14495 0
    outer loop
      vertex 53.2177 15.7109 1.6
      vertex 53.1947 15.8679 2.4
      vertex 53.1947 15.8679 1.6
    endloop
  endfacet
  facet normal -0.989439 -0.14495 0
    outer loop
      vertex 53.1947 15.8679 2.4
      vertex 53.2177 15.7109 1.6
      vertex 53.2177 15.7109 2.4
    endloop
  endfacet
  facet normal -0.996788 -0.0800887 0
    outer loop
      vertex 53.1947 15.8679 1.6
      vertex 53.1808 16.0409 2.4
      vertex 53.1808 16.0409 1.6
    endloop
  endfacet
  facet normal -0.996788 -0.0800887 0
    outer loop
      vertex 53.1808 16.0409 2.4
      vertex 53.1947 15.8679 1.6
      vertex 53.1947 15.8679 2.4
    endloop
  endfacet
  facet normal -0.999705 -0.0243057 0
    outer loop
      vertex 53.1808 16.0409 1.6
      vertex 53.1762 16.2301 2.4
      vertex 53.1762 16.2301 1.6
    endloop
  endfacet
  facet normal -0.999705 -0.0243057 0
    outer loop
      vertex 53.1762 16.2301 2.4
      vertex 53.1808 16.0409 1.6
      vertex 53.1808 16.0409 2.4
    endloop
  endfacet
  facet normal -1 0 0
    outer loop
      vertex 53.1762 16.2301 1.6
      vertex 53.1762 19.5686 2.4
      vertex 53.1762 19.5686 1.6
    endloop
  endfacet
  facet normal -1 -0 0
    outer loop
      vertex 53.1762 19.5686 2.4
      vertex 53.1762 16.2301 1.6
      vertex 53.1762 16.2301 2.4
    endloop
  endfacet
  facet normal 0 -1 0
    outer loop
      vertex 51.7403 19.5686 1.6
      vertex 53.1762 19.5686 2.4
      vertex 51.7403 19.5686 2.4
    endloop
  endfacet
  facet normal 0 -1 -0
    outer loop
      vertex 53.1762 19.5686 2.4
      vertex 51.7403 19.5686 1.6
      vertex 53.1762 19.5686 1.6
    endloop
  endfacet
  facet normal 1 -0 0
    outer loop
      vertex 51.7403 16.2301 2.4
      vertex 51.7403 19.5686 1.6
      vertex 51.7403 19.5686 2.4
    endloop
  endfacet
  facet normal 1 0 0
    outer loop
      vertex 51.7403 19.5686 1.6
      vertex 51.7403 16.2301 2.4
      vertex 51.7403 16.2301 1.6
    endloop
  endfacet
  facet normal 0.99931 0.0371365 0
    outer loop
      vertex 51.7524 15.9045 2.4
      vertex 51.7403 16.2301 1.6
      vertex 51.7403 16.2301 2.4
    endloop
  endfacet
  facet normal 0.99931 0.0371365 0
    outer loop
      vertex 51.7403 16.2301 1.6
      vertex 51.7524 15.9045 2.4
      vertex 51.7524 15.9045 1.6
    endloop
  endfacet
  facet normal 0.992802 0.11977 0
    outer loop
      vertex 51.7887 15.6036 2.4
      vertex 51.7524 15.9045 1.6
      vertex 51.7524 15.9045 2.4
    endloop
  endfacet
  facet normal 0.992802 0.11977 0
    outer loop
      vertex 51.7524 15.9045 1.6
      vertex 51.7887 15.6036 2.4
      vertex 51.7887 15.6036 1.6
    endloop
  endfacet
  facet normal 0.97684 0.213971 0
    outer loop
      vertex 51.8492 15.3274 2.4
      vertex 51.7887 15.6036 1.6
      vertex 51.7887 15.6036 2.4
    endloop
  endfacet
  facet normal 0.97684 0.213971 0
    outer loop
      vertex 51.7887 15.6036 1.6
      vertex 51.8492 15.3274 2.4
      vertex 51.8492 15.3274 1.6
    endloop
  endfacet
  facet normal 0.947737 0.319051 0
    outer loop
      vertex 51.9339 15.0758 2.4
      vertex 51.8492 15.3274 1.6
      vertex 51.8492 15.3274 2.4
    endloop
  endfacet
  facet normal 0.947737 0.319051 0
    outer loop
      vertex 51.8492 15.3274 1.6
      vertex 51.9339 15.0758 2.4
      vertex 51.9339 15.0758 1.6
    endloop
  endfacet
  facet normal 0.901387 0.433015 0
    outer loop
      vertex 52.0429 14.8489 2.4
      vertex 51.9339 15.0758 1.6
      vertex 51.9339 15.0758 2.4
    endloop
  endfacet
  facet normal 0.901387 0.433015 0
    outer loop
      vertex 51.9339 15.0758 1.6
      vertex 52.0429 14.8489 2.4
      vertex 52.0429 14.8489 1.6
    endloop
  endfacet
  facet normal 0.835277 0.549829 0
    outer loop
      vertex 52.176 14.6467 2.4
      vertex 52.0429 14.8489 1.6
      vertex 52.0429 14.8489 2.4
    endloop
  endfacet
  facet normal 0.835277 0.549829 0
    outer loop
      vertex 52.0429 14.8489 1.6
      vertex 52.176 14.6467 2.4
      vertex 52.176 14.6467 1.6
    endloop
  endfacet
  facet normal 0.748594 0.663028 0
    outer loop
      vertex 52.3333 14.4691 2.4
      vertex 52.176 14.6467 1.6
      vertex 52.176 14.6467 2.4
    endloop
  endfacet
  facet normal 0.748594 0.663028 0
    outer loop
      vertex 52.176 14.6467 1.6
      vertex 52.3333 14.4691 2.4
      vertex 52.3333 14.4691 1.6
    endloop
  endfacet
  facet normal 0.644265 0.764802 -0
    outer loop
      vertex 52.5154 14.3157 1.6
      vertex 52.3333 14.4691 2.4
      vertex 52.5154 14.3157 2.4
    endloop
  endfacet
  facet normal 0.644265 0.764802 0
    outer loop
      vertex 52.3333 14.4691 2.4
      vertex 52.5154 14.3157 1.6
      vertex 52.3333 14.4691 1.6
    endloop
  endfacet
  facet normal 0.530697 0.847562 -0
    outer loop
      vertex 52.7227 14.1859 1.6
      vertex 52.5154 14.3157 2.4
      vertex 52.7227 14.1859 2.4
    endloop
  endfacet
  facet normal 0.530697 0.847562 0
    outer loop
      vertex 52.5154 14.3157 2.4
      vertex 52.7227 14.1859 1.6
      vertex 52.5154 14.3157 1.6
    endloop
  endfacet
  facet normal 0.415335 0.909669 -0
    outer loop
      vertex 52.9553 14.0797 1.6
      vertex 52.7227 14.1859 2.4
      vertex 52.9553 14.0797 2.4
    endloop
  endfacet
  facet normal 0.415335 0.909669 0
    outer loop
      vertex 52.7227 14.1859 2.4
      vertex 52.9553 14.0797 1.6
      vertex 52.7227 14.1859 1.6
    endloop
  endfacet
  facet normal 0.305017 0.952347 -0
    outer loop
      vertex 53.2132 13.9971 1.6
      vertex 52.9553 14.0797 2.4
      vertex 53.2132 13.9971 2.4
    endloop
  endfacet
  facet normal 0.305017 0.952347 0
    outer loop
      vertex 52.9553 14.0797 2.4
      vertex 53.2132 13.9971 1.6
      vertex 52.9553 14.0797 1.6
    endloop
  endfacet
  facet normal 0.204023 0.978966 -0
    outer loop
      vertex 53.4963 13.9381 1.6
      vertex 53.2132 13.9971 2.4
      vertex 53.4963 13.9381 2.4
    endloop
  endfacet
  facet normal 0.204023 0.978966 0
    outer loop
      vertex 53.2132 13.9971 2.4
      vertex 53.4963 13.9381 1.6
      vertex 53.2132 13.9971 1.6
    endloop
  endfacet
  facet normal 0.114001 0.993481 -0
    outer loop
      vertex 53.8048 13.9027 1.6
      vertex 53.4963 13.9381 2.4
      vertex 53.8048 13.9027 2.4
    endloop
  endfacet
  facet normal 0.114001 0.993481 0
    outer loop
      vertex 53.4963 13.9381 2.4
      vertex 53.8048 13.9027 1.6
      vertex 53.4963 13.9381 1.6
    endloop
  endfacet
  facet normal 0.035339 0.999375 -0
    outer loop
      vertex 54.1385 13.8909 1.6
      vertex 53.8048 13.9027 2.4
      vertex 54.1385 13.8909 2.4
    endloop
  endfacet
  facet normal 0.035339 0.999375 0
    outer loop
      vertex 53.8048 13.9027 2.4
      vertex 54.1385 13.8909 1.6
      vertex 53.8048 13.9027 1.6
    endloop
  endfacet
  facet normal -0.0352336 0.999379 0
    outer loop
      vertex 54.4732 13.9027 1.6
      vertex 54.1385 13.8909 2.4
      vertex 54.4732 13.9027 2.4
    endloop
  endfacet
  facet normal -0.0352336 0.999379 0
    outer loop
      vertex 54.1385 13.8909 2.4
      vertex 54.4732 13.9027 1.6
      vertex 54.1385 13.8909 1.6
    endloop
  endfacet
  facet normal 0 1 -0
    outer loop
      vertex 61.5275 16.3619 1.6
      vertex 59.2338 16.3619 2.4
      vertex 61.5275 16.3619 2.4
    endloop
  endfacet
  facet normal 0 1 0
    outer loop
      vertex 59.2338 16.3619 2.4
      vertex 61.5275 16.3619 1.6
      vertex 59.2338 16.3619 1.6
    endloop
  endfacet
  facet normal -1 0 0
    outer loop
      vertex 61.5275 16.3619 1.6
      vertex 61.5275 17.4461 2.4
      vertex 61.5275 17.4461 1.6
    endloop
  endfacet
  facet normal -1 -0 0
    outer loop
      vertex 61.5275 17.4461 2.4
      vertex 61.5275 16.3619 1.6
      vertex 61.5275 16.3619 2.4
    endloop
  endfacet
  facet normal 0 -1 0
    outer loop
      vertex 59.2338 17.4461 1.6
      vertex 61.5275 17.4461 2.4
      vertex 59.2338 17.4461 2.4
    endloop
  endfacet
  facet normal 0 -1 -0
    outer loop
      vertex 61.5275 17.4461 2.4
      vertex 59.2338 17.4461 1.6
      vertex 61.5275 17.4461 1.6
    endloop
  endfacet
  facet normal -1 0 0
    outer loop
      vertex 59.2338 17.4461 1.6
      vertex 59.2338 18.4845 2.4
      vertex 59.2338 18.4845 1.6
    endloop
  endfacet
  facet normal -1 -0 0
    outer loop
      vertex 59.2338 18.4845 2.4
      vertex 59.2338 17.4461 1.6
      vertex 59.2338 17.4461 2.4
    endloop
  endfacet
  facet normal 0 1 -0
    outer loop
      vertex 61.673 18.4845 1.6
      vertex 59.2338 18.4845 2.4
      vertex 61.673 18.4845 2.4
    endloop
  endfacet
  facet normal 0 1 0
    outer loop
      vertex 59.2338 18.4845 2.4
      vertex 61.673 18.4845 1.6
      vertex 59.2338 18.4845 1.6
    endloop
  endfacet
  facet normal -1 0 0
    outer loop
      vertex 61.673 18.4845 1.6
      vertex 61.673 19.5686 2.4
      vertex 61.673 19.5686 1.6
    endloop
  endfacet
  facet normal -1 -0 0
    outer loop
      vertex 61.673 19.5686 2.4
      vertex 61.673 18.4845 1.6
      vertex 61.673 18.4845 2.4
    endloop
  endfacet
  facet normal 0 -1 0
    outer loop
      vertex 57.7978 19.5686 1.6
      vertex 61.673 19.5686 2.4
      vertex 57.7978 19.5686 2.4
    endloop
  endfacet
  facet normal 0 -1 -0
    outer loop
      vertex 61.673 19.5686 2.4
      vertex 57.7978 19.5686 1.6
      vertex 61.673 19.5686 1.6
    endloop
  endfacet
  facet normal 1 -0 0
    outer loop
      vertex 57.7978 14 2.4
      vertex 57.7978 19.5686 1.6
      vertex 57.7978 19.5686 2.4
    endloop
  endfacet
  facet normal 1 0 0
    outer loop
      vertex 57.7978 19.5686 1.6
      vertex 57.7978 14 2.4
      vertex 57.7978 14 1.6
    endloop
  endfacet
  facet normal 0 1 -0
    outer loop
      vertex 59.2338 14 1.6
      vertex 57.7978 14 2.4
      vertex 59.2338 14 2.4
    endloop
  endfacet
  facet normal 0 1 0
    outer loop
      vertex 57.7978 14 2.4
      vertex 59.2338 14 1.6
      vertex 57.7978 14 1.6
    endloop
  endfacet
  facet normal -1 0 0
    outer loop
      vertex 59.2338 14 1.6
      vertex 59.2338 16.3619 2.4
      vertex 59.2338 16.3619 1.6
    endloop
  endfacet
  facet normal -1 -0 0
    outer loop
      vertex 59.2338 16.3619 2.4
      vertex 59.2338 14 1.6
      vertex 59.2338 14 2.4
    endloop
  endfacet
  facet normal 0 1 -0
    outer loop
      vertex 66.6234 16.3619 1.6
      vertex 64.3296 16.3619 2.4
      vertex 66.6234 16.3619 2.4
    endloop
  endfacet
  facet normal 0 1 0
    outer loop
      vertex 64.3296 16.3619 2.4
      vertex 66.6234 16.3619 1.6
      vertex 64.3296 16.3619 1.6
    endloop
  endfacet
  facet normal -1 0 0
    outer loop
      vertex 66.6234 16.3619 1.6
      vertex 66.6234 17.4461 2.4
      vertex 66.6234 17.4461 1.6
    endloop
  endfacet
  facet normal -1 -0 0
    outer loop
      vertex 66.6234 17.4461 2.4
      vertex 66.6234 16.3619 1.6
      vertex 66.6234 16.3619 2.4
    endloop
  endfacet
  facet normal 0 -1 0
    outer loop
      vertex 64.3296 17.4461 1.6
      vertex 66.6234 17.4461 2.4
      vertex 64.3296 17.4461 2.4
    endloop
  endfacet
  facet normal 0 -1 -0
    outer loop
      vertex 66.6234 17.4461 2.4
      vertex 64.3296 17.4461 1.6
      vertex 66.6234 17.4461 1.6
    endloop
  endfacet
  facet normal -1 0 0
    outer loop
      vertex 64.3296 17.4461 1.6
      vertex 64.3296 18.4845 2.4
      vertex 64.3296 18.4845 1.6
    endloop
  endfacet
  facet normal -1 -0 0
    outer loop
      vertex 64.3296 18.4845 2.4
      vertex 64.3296 17.4461 1.6
      vertex 64.3296 17.4461 2.4
    endloop
  endfacet
  facet normal 0 1 -0
    outer loop
      vertex 66.7688 18.4845 1.6
      vertex 64.3296 18.4845 2.4
      vertex 66.7688 18.4845 2.4
    endloop
  endfacet
  facet normal 0 1 0
    outer loop
      vertex 64.3296 18.4845 2.4
      vertex 66.7688 18.4845 1.6
      vertex 64.3296 18.4845 1.6
    endloop
  endfacet
  facet normal -1 0 0
    outer loop
      vertex 66.7688 18.4845 1.6
      vertex 66.7688 19.5686 2.4
      vertex 66.7688 19.5686 1.6
    endloop
  endfacet
  facet normal -1 -0 0
    outer loop
      vertex 66.7688 19.5686 2.4
      vertex 66.7688 18.4845 1.6
      vertex 66.7688 18.4845 2.4
    endloop
  endfacet
  facet normal 0 -1 0
    outer loop
      vertex 62.8937 19.5686 1.6
      vertex 66.7688 19.5686 2.4
      vertex 62.8937 19.5686 2.4
    endloop
  endfacet
  facet normal 0 -1 -0
    outer loop
      vertex 66.7688 19.5686 2.4
      vertex 62.8937 19.5686 1.6
      vertex 66.7688 19.5686 1.6
    endloop
  endfacet
  facet normal 1 -0 0
    outer loop
      vertex 62.8937 14 2.4
      vertex 62.8937 19.5686 1.6
      vertex 62.8937 19.5686 2.4
    endloop
  endfacet
  facet normal 1 0 0
    outer loop
      vertex 62.8937 19.5686 1.6
      vertex 62.8937 14 2.4
      vertex 62.8937 14 1.6
    endloop
  endfacet
  facet normal 0 1 -0
    outer loop
      vertex 64.3296 14 1.6
      vertex 62.8937 14 2.4
      vertex 64.3296 14 2.4
    endloop
  endfacet
  facet normal 0 1 0
    outer loop
      vertex 62.8937 14 2.4
      vertex 64.3296 14 1.6
      vertex 62.8937 14 1.6
    endloop
  endfacet
  facet normal -1 0 0
    outer loop
      vertex 64.3296 14 1.6
      vertex 64.3296 16.3619 2.4
      vertex 64.3296 16.3619 1.6
    endloop
  endfacet
  facet normal -1 -0 0
    outer loop
      vertex 64.3296 16.3619 2.4
      vertex 64.3296 14 1.6
      vertex 64.3296 14 2.4
    endloop
  endfacet
endsolid OpenSCAD_Model
